gender,SeniorCitizen,Partner,Dependents,tenure,PhoneService,MultipleLines,OnlineSecurity,OnlineBackup,DeviceProtection,TechSupport,StreamingTV,StreamingMovies,PaperlessBilling,MonthlyCharges,TotalCharges,InternetService_Fiber optic,InternetService_No,Contract_One year,Contract_Two year,PaymentMethod_Credit card (automatic),PaymentMethod_Electronic check,PaymentMethod_Mailed check
1.0,0,0,0,0.3219400872880136,1,1,0,0,0,0,1,0,1,0.6747589334206673,0.49574884240189726,1.0,0.0,0.0,0.0,0.0,1.0,0.0
1.0,1,1,0,-0.20897635672100598,1,1,1,0,1,0,0,0,1,0.7081362140879094,-0.015290956605324334,1.0,0.0,1.0,0.0,0.0,1.0,0.0
1.0,0,0,0,-0.04561745087207687,1,0,0,0,0,0,0,0,0,-1.478075669616449,-0.7318453029220777,0.0,1.0,0.0,1.0,0.0,0.0,0.0
0.0,0,1,1,-0.7398928007300255,1,0,1,1,0,1,0,0,0,-0.1746928595606445,-0.6554528702840253,0.0,0.0,0.0,0.0,0.0,0.0,0.0
1.0,0,0,0,-1.0257708859656514,1,1,0,0,0,0,0,0,0,0.29759566188083103,-0.771475962299373,1.0,0.0,0.0,0.0,0.0,1.0,0.0
0.0,0,1,1,1.424612701768285,1,1,0,0,1,1,0,1,1,0.1740997234120356,1.0503334399841713,0.0,0.0,0.0,1.0,0.0,0.0,0.0
0.0,0,0,0,-1.270809244739045,1,0,0,0,0,0,0,0,0,-0.6920407099028972,-0.983217549241701,0.0,0.0,0.0,0.0,1.0,0.0,0.0
0.0,0,1,1,-0.5765338948810964,1,0,0,0,0,0,1,0,0,-0.2915133418959919,-0.521148969060969,0.0,0.0,0.0,0.0,0.0,0.0,1.0
0.0,0,0,0,0.07690172851461995,1,0,0,1,0,0,0,0,1,0.30927771011436606,0.12008043712621125,1.0,0.0,0.0,0.0,1.0,0.0,0.0
0.0,0,0,0,-0.9440914330411869,1,0,0,0,0,1,1,0,1,-0.1730239955272825,-0.7670058374201157,0.0,0.0,0.0,0.0,0.0,0.0,0.0
0.0,0,1,1,0.4444592666747104,1,1,0,0,1,0,1,1,1,1.1553917750289533,0.8697715300603439,1.0,0.0,0.0,0.0,0.0,0.0,0.0
1.0,0,0,0,-0.7807325271922578,1,0,1,0,0,0,0,0,1,0.30260225398091756,-0.577259044037914,1.0,0.0,0.0,0.0,1.0,0.0,0.0
0.0,1,0,0,-1.229969518276813,1,1,0,0,1,0,0,0,1,0.4628132011836796,-0.9362478788686102,1.0,0.0,0.0,0.0,0.0,1.0,0.0
1.0,0,1,1,1.6288113340794463,1,1,0,0,0,0,0,0,0,-1.306182674180152,-0.17203443993370657,0.0,1.0,0.0,1.0,1.0,0.0,0.0
1.0,1,0,0,0.19942090790131678,1,1,0,0,1,0,1,1,1,1.215470880229989,0.6625445468517933,1.0,0.0,0.0,0.0,0.0,1.0,0.0
1.0,1,0,0,-1.270809244739045,1,1,0,0,0,0,0,0,1,0.3927209117824713,-0.96876192152271,1.0,0.0,0.0,0.0,0.0,1.0,0.0
1.0,0,0,0,-1.229969518276813,1,0,1,1,0,0,1,1,0,1.1854313276294715,-0.9144754795810838,1.0,0.0,0.0,0.0,0.0,1.0,0.0
0.0,1,1,0,0.5261387195991749,1,0,0,0,1,0,0,1,1,0.7148116702213574,0.7147627220582405,1.0,0.0,0.0,0.0,0.0,1.0,0.0
0.0,0,0,0,-1.229969518276813,1,1,0,0,0,0,0,0,1,0.36268135918195327,-0.9287976707365148,1.0,0.0,0.0,0.0,0.0,1.0,0.0
0.0,0,1,1,0.8936962577592654,1,1,1,1,0,0,1,1,1,1.3156027222317155,1.508421162685366,1.0,0.0,0.0,0.0,0.0,0.0,0.0
0.0,1,1,1,-0.1681366302587737,0,0,0,1,0,0,0,1,1,-0.8539205211390215,-0.5150108871372129,0.0,0.0,1.0,0.0,0.0,1.0,0.0
1.0,0,0,0,-0.12729690379654143,1,1,0,0,0,0,0,1,1,0.6747589334206673,0.11641093162831354,1.0,0.0,0.0,0.0,0.0,1.0,0.0
1.0,0,0,0,-0.7807325271922578,0,0,1,0,0,1,1,0,1,-0.63863706083531,-0.7372272443189943,0.0,0.0,0.0,0.0,1.0,0.0,0.0
1.0,0,0,0,-0.08645717733430915,1,0,1,0,1,0,0,0,1,-0.30152652609616465,-0.2671524703246673,0.0,0.0,0.0,1.0,0.0,0.0,1.0
1.0,0,1,1,0.5261387195991749,1,0,0,0,0,0,0,0,0,-1.479744533649811,-0.5894684896036464,0.0,1.0,0.0,1.0,0.0,0.0,1.0
1.0,0,1,1,1.3429332488438204,1,1,1,1,0,0,0,1,1,0.1624176751785006,0.9806128355241148,0.0,0.0,0.0,1.0,0.0,0.0,1.0
1.0,0,0,0,0.07690172851461995,1,1,0,1,1,0,1,1,1,1.3907016037330102,0.5758997382468872,1.0,0.0,0.0,0.0,0.0,1.0,0.0
1.0,0,1,0,1.547131881154982,1,1,0,1,1,1,1,0,0,0.27590042944712395,1.3392903183731715,0.0,0.0,0.0,1.0,0.0,0.0,0.0
0.0,1,1,0,-0.2906558096454705,1,1,1,0,0,1,1,0,1,0.1607488111451386,-0.22320736205893466,0.0,0.0,0.0,0.0,1.0,0.0,0.0
0.0,0,1,0,1.4654524282305172,1,1,1,1,1,1,1,1,1,0.9017244419579135,1.85486696054143,0.0,0.0,0.0,1.0,0.0,1.0,0.0
0.0,0,1,1,0.689497625448104,1,1,0,0,0,0,0,0,0,-1.3161958583803248,-0.46383796501198465,0.0,1.0,0.0,1.0,0.0,0.0,1.0
0.0,0,0,0,-0.8624119801167224,1,1,0,0,0,0,0,0,0,0.3526681749817807,-0.6075046651114951,1.0,0.0,0.0,0.0,0.0,1.0,0.0
0.0,0,1,0,0.689497625448104,1,0,0,0,0,0,0,0,1,-1.489757717849984,-0.5921816997293647,0.0,1.0,1.0,0.0,0.0,0.0,0.0
0.0,0,0,0,-0.8624119801167224,1,0,0,0,0,0,0,0,0,-1.4814133976831734,-0.8932145871205371,0.0,1.0,0.0,0.0,0.0,0.0,0.0
0.0,0,1,1,1.6288113340794463,0,0,0,1,0,1,1,1,0,-0.3682810874306489,0.6803138492325221,0.0,0.0,0.0,1.0,1.0,0.0,0.0
1.0,1,1,0,0.8120168048348009,1,0,1,0,1,1,1,1,1,1.3272847704652504,1.4352312075727516,1.0,0.0,1.0,0.0,0.0,0.0,0.0
1.0,1,0,0,-0.9440914330411869,1,1,0,0,0,0,0,1,1,0.6797655255207533,-0.6707313568116358,1.0,0.0,0.0,0.0,0.0,1.0,0.0
0.0,0,0,0,-1.270809244739045,1,0,0,0,1,0,0,0,1,0.3409861267482462,-0.9694513437677695,1.0,0.0,0.0,0.0,0.0,1.0,0.0
0.0,1,0,0,-1.229969518276813,1,1,0,0,0,0,0,0,1,0.3593436311152292,-0.9323115002435927,1.0,0.0,0.0,0.0,0.0,0.0,1.0
1.0,0,0,1,0.2811003608257813,0,0,1,0,0,1,1,0,0,-0.6553257011689311,-0.20632763676860524,0.0,0.0,1.0,0.0,0.0,0.0,0.0
0.0,0,0,0,-1.229969518276813,1,0,0,0,0,0,1,0,1,0.5028659379843702,-0.9295982901178744,1.0,0.0,0.0,0.0,0.0,1.0,0.0
1.0,0,1,1,-0.8624119801167224,1,0,0,0,0,0,1,1,0,0.8650094332239469,-0.5489927319904716,1.0,0.0,0.0,0.0,0.0,1.0,0.0
1.0,0,1,1,1.6288113340794463,1,1,1,1,1,1,1,1,1,0.8716848893573954,1.8428131909665175,0.0,0.0,0.0,1.0,1.0,0.0,0.0
0.0,1,1,0,1.5879716076172141,1,1,1,1,1,1,0,0,1,1.056928797060589,2.007095840136035,1.0,0.0,0.0,1.0,1.0,0.0,0.0
0.0,0,0,0,-0.7807325271922578,0,0,0,1,0,0,0,0,1,-1.1226076305103205,-0.8483131834826251,0.0,0.0,0.0,0.0,0.0,1.0,0.0
1.0,0,1,1,1.2204140694571237,1,1,0,0,0,0,0,0,1,-1.349573139047567,-0.36912024431170376,0.0,1.0,0.0,1.0,0.0,0.0,0.0
0.0,0,0,0,-0.9032517065789546,1,0,1,0,0,0,1,0,1,0.6680834772872187,-0.6326796967697995,1.0,0.0,0.0,0.0,0.0,0.0,1.0
1.0,0,1,0,-1.107450338890116,1,1,0,1,0,0,0,0,1,0.4694886573171281,-0.819468646326423,1.0,0.0,0.0,0.0,0.0,1.0,0.0
1.0,0,1,1,-1.229969518276813,1,0,1,1,0,1,0,0,0,-0.1730239955272825,-0.944721100654665,0.0,0.0,0.0,1.0,0.0,0.0,1.0
1.0,0,0,0,0.19942090790131678,1,1,0,0,0,1,1,1,0,1.1387031346953322,0.5431188224656677,1.0,0.0,0.0,0.0,0.0,0.0,0.0
1.0,0,1,0,-0.5765338948810964,1,1,0,0,0,0,0,0,1,0.28257588558057245,-0.4218944051996508,1.0,0.0,0.0,0.0,0.0,1.0,0.0
0.0,1,0,0,-1.270809244739045,1,0,0,0,0,0,0,0,1,0.18244404357884614,-0.9715640893574682,1.0,0.0,0.0,0.0,0.0,1.0,0.0
1.0,0,0,0,-1.1482900653523482,1,0,0,0,0,0,1,0,0,0.43944910471661003,-0.8696852730794717,1.0,0.0,0.0,0.0,0.0,1.0,0.0
1.0,0,0,0,1.3837729753060528,1,0,0,0,0,0,0,0,0,-1.513121814317053,-0.4508723789194128,0.0,1.0,0.0,1.0,0.0,0.0,0.0
0.0,0,1,0,-0.4540147154943996,1,1,0,0,0,0,0,1,1,0.7281625824882545,-0.19827696410049023,1.0,0.0,0.0,0.0,0.0,1.0,0.0
0.0,0,1,0,1.5879716076172141,1,1,0,1,1,1,1,1,1,0.6213552843530796,1.619040073876537,0.0,0.0,0.0,1.0,1.0,0.0,0.0
1.0,0,0,0,-1.270809244739045,1,0,0,0,0,0,0,0,0,-1.5181284064171394,-0.9942260657353942,0.0,1.0,0.0,0.0,0.0,0.0,1.0
1.0,0,1,0,-0.0047777244098446,1,1,1,0,0,1,1,0,1,0.2708938373470374,0.034947909574984476,0.0,0.0,1.0,0.0,1.0,0.0,0.0
0.0,0,0,0,0.2811003608257813,1,0,1,0,0,0,0,0,1,-0.561869315300653,-0.16371689413847174,0.0,0.0,1.0,0.0,0.0,1.0,0.0
0.0,0,1,1,-0.8624119801167224,1,1,0,0,0,0,0,0,0,-1.3245401785471353,-0.8690180902616721,0.0,1.0,0.0,1.0,0.0,0.0,1.0
0.0,0,0,1,0.4444592666747104,1,0,1,1,0,0,0,1,1,-0.024495096558055027,0.21464248183567247,0.0,0.0,0.0,0.0,0.0,1.0,0.0
1.0,1,0,0,-1.270809244739045,1,0,0,0,0,0,0,0,1,0.17910631551212164,-0.9716085682119882,1.0,0.0,0.0,0.0,0.0,1.0,0.0
0.0,0,1,0,0.6078181725236395,1,0,0,0,1,0,0,1,1,0.6881098456875638,0.7966927720840297,1.0,0.0,0.0,0.0,0.0,1.0,0.0
0.0,1,0,0,-1.107450338890116,1,0,0,0,0,0,0,1,0,0.47616411345057663,-0.8344580202996537,1.0,0.0,0.0,0.0,0.0,1.0,0.0
1.0,0,0,0,-1.1891297918145805,1,0,0,0,0,0,0,0,1,-1.4747379415497248,-0.9685395272501102,0.0,1.0,0.0,0.0,0.0,1.0,0.0
0.0,0,1,1,-0.9849311595034191,1,0,0,0,0,0,0,0,0,-1.4981020380167944,-0.9315775991440131,0.0,1.0,1.0,0.0,0.0,1.0,0.0
1.0,0,0,0,0.07690172851461995,1,1,0,0,0,0,0,0,0,-1.2878251698131689,-0.5667175555166806,0.0,1.0,0.0,1.0,0.0,0.0,0.0
1.0,0,1,0,0.1585811814390845,0,0,1,0,1,0,0,0,0,-0.9790853236411794,-0.4165569426572542,0.0,0.0,1.0,0.0,0.0,0.0,1.0
1.0,0,1,1,1.547131881154982,1,0,0,0,0,0,0,0,0,-1.479744533649811,-0.35421982804751306,0.0,1.0,0.0,1.0,1.0,0.0,0.0
0.0,0,0,0,-1.107450338890116,1,1,0,0,0,0,0,0,0,0.36268135918195327,-0.8187792240813634,1.0,0.0,0.0,0.0,0.0,1.0,0.0
1.0,0,0,0,0.6486578989858718,1,0,0,1,1,1,1,1,0,0.4744952494172146,0.6747539924175255,0.0,0.0,0.0,1.0,1.0,0.0,0.0
1.0,0,0,0,1.4654524282305172,1,1,1,1,1,0,0,1,1,1.248848160897231,2.177182979820409,1.0,0.0,0.0,1.0,0.0,0.0,0.0
1.0,1,1,0,1.0162154371459622,1,1,0,1,0,0,0,1,1,0.8399764727235153,1.1879732552962259,1.0,0.0,0.0,0.0,0.0,1.0,0.0
0.0,0,0,0,1.138734616532659,0,0,1,0,1,0,1,1,0,-0.3699499514640109,0.43703675443553386,0.0,0.0,0.0,1.0,0.0,1.0,0.0
1.0,0,0,0,0.8528565312970331,0,0,0,0,1,1,1,1,0,-0.3265594865965963,0.3519487057388268,0.0,0.0,1.0,0.0,1.0,0.0,0.0
0.0,0,0,0,0.97537571068373,1,0,0,0,0,0,0,0,0,-1.5014397660835184,-0.5348929351076404,0.0,1.0,0.0,1.0,0.0,0.0,0.0
1.0,0,1,0,1.6288113340794463,1,1,0,1,1,0,1,1,1,1.3389668186987849,2.3198489056932203,1.0,0.0,0.0,1.0,0.0,0.0,0.0
0.0,0,0,0,-0.4131749890321673,1,0,0,0,0,0,0,0,0,-1.46305589331619,-0.8023220479089737,0.0,1.0,1.0,0.0,0.0,0.0,0.0
1.0,0,0,0,0.8528565312970331,1,1,0,0,0,0,0,0,0,-1.3562485951810153,-0.4236957988077097,0.0,1.0,1.0,0.0,0.0,0.0,0.0
1.0,0,0,0,-1.0666106124278838,1,0,0,1,0,0,1,0,0,-0.1746928595606445,-0.8437096220398079,0.0,0.0,0.0,0.0,0.0,1.0,0.0
1.0,0,0,0,0.9345359842214976,1,0,1,1,0,0,1,1,1,1.208795424096541,1.466722236572892,1.0,0.0,1.0,0.0,0.0,0.0,1.0
1.0,0,0,0,-0.9032517065789546,1,1,0,0,0,0,1,1,1,0.24919860491333037,-0.649492703778349,0.0,0.0,0.0,0.0,1.0,0.0,0.0
1.0,0,0,0,-0.82157225365449,1,1,0,0,0,0,0,0,0,-1.3245401785471353,-0.8621238678110764,0.0,1.0,0.0,0.0,0.0,1.0,0.0
0.0,0,1,0,1.4654524282305172,1,1,1,1,0,0,0,0,1,0.6680834772872187,1.537443615259648,1.0,0.0,0.0,1.0,0.0,0.0,0.0
0.0,0,0,0,-1.229969518276813,1,0,1,0,0,0,0,0,0,-0.45839974523220245,-0.9480347753164028,0.0,0.0,0.0,0.0,0.0,0.0,1.0
1.0,0,0,0,-1.229969518276813,1,1,1,0,0,0,0,1,0,0.8700160253240334,-0.9250392075295772,1.0,0.0,0.0,0.0,0.0,0.0,1.0
1.0,0,1,1,0.11774145497685222,1,0,0,0,0,0,0,0,0,-1.4880888538166215,-0.7112960721338505,0.0,1.0,0.0,1.0,0.0,0.0,1.0
0.0,0,0,0,0.5261387195991749,1,0,1,1,0,0,1,1,1,1.1887690556961954,0.991643591445068,1.0,0.0,1.0,0.0,0.0,1.0,0.0
1.0,0,0,0,1.6288113340794463,1,1,0,0,0,0,0,0,0,-1.3328844987139459,-0.21210988785620166,0.0,1.0,0.0,1.0,0.0,0.0,0.0
1.0,0,0,1,-0.37233526256993504,1,0,0,1,0,1,0,0,0,-0.35159244709702786,-0.41900327965585266,0.0,0.0,0.0,0.0,0.0,1.0,0.0
1.0,0,1,1,-0.12729690379654143,1,0,0,0,1,1,1,1,0,0.36268135918195327,-0.08899241854491831,0.0,0.0,0.0,1.0,0.0,0.0,1.0
0.0,1,1,0,-1.107450338890116,1,0,0,0,0,0,0,0,1,0.1557422190450521,-0.8508262387630036,1.0,0.0,0.0,0.0,0.0,1.0,0.0
0.0,0,0,0,-0.9440914330411869,1,0,0,0,0,0,0,0,1,-1.4764068055830868,-0.9371374559590097,0.0,1.0,0.0,0.0,1.0,0.0,0.0
0.0,0,0,0,-1.270809244739045,1,0,0,0,1,0,0,0,0,0.36268135918195327,-0.9691622312133896,1.0,0.0,0.0,0.0,0.0,1.0,0.0
0.0,1,0,0,-1.1482900653523482,1,0,0,1,0,0,0,0,0,0.26922497331367545,-0.8614344455660169,1.0,0.0,0.0,0.0,0.0,1.0,0.0
1.0,0,1,1,-1.270809244739045,1,0,0,0,0,0,0,0,1,0.1740997234120356,-0.9716752864937681,1.0,0.0,0.0,0.0,0.0,0.0,1.0
1.0,0,1,1,0.6078181725236395,1,0,1,0,1,0,0,1,0,0.8466519288569638,0.8374131633970642,1.0,0.0,0.0,0.0,0.0,1.0,0.0
0.0,0,1,0,-0.9032517065789546,1,0,0,0,0,0,0,0,1,-1.4730690775163628,-0.8903457010039989,0.0,1.0,0.0,0.0,0.0,0.0,1.0
0.0,0,0,0,-1.229969518276813,1,0,0,0,0,0,0,0,0,0.16575540324522509,-0.938204948467489,1.0,0.0,0.0,0.0,0.0,1.0,0.0
1.0,0,1,1,1.3020935223815882,1,1,1,1,1,0,0,0,1,0.9050621700246375,1.6483961178597186,1.0,0.0,0.0,0.0,0.0,1.0,0.0
0.0,0,0,0,-1.229969518276813,1,0,0,0,0,0,0,0,0,-1.49476430995007,-0.9772351433087647,0.0,1.0,0.0,0.0,0.0,1.0,0.0
0.0,0,1,0,1.0162154371459622,1,1,0,1,1,1,1,0,0,0.33097294254807313,0.9404929087470999,0.0,0.0,1.0,0.0,0.0,0.0,0.0
0.0,0,1,0,0.7711770783725685,1,0,1,1,1,0,1,0,1,0.9618035471589492,1.0519569181741506,1.0,0.0,1.0,0.0,0.0,1.0,0.0
1.0,0,1,0,-1.229969518276813,1,0,0,1,0,1,0,1,1,-0.016150776391244497,-0.9388721312852886,0.0,0.0,0.0,0.0,0.0,0.0,1.0
0.0,0,0,0,0.03606200205238767,1,1,1,1,0,0,0,0,1,-0.1262958025931436,-0.0981328231487727,0.0,0.0,0.0,0.0,0.0,0.0,1.0
1.0,0,1,1,-0.20897635672100598,1,1,0,0,0,1,1,1,0,0.23084110054634682,-0.13227034399285142,0.0,0.0,0.0,0.0,0.0,0.0,0.0
1.0,0,0,0,-1.270809244739045,1,0,0,0,0,0,0,0,1,0.16575540324522509,-0.971786483630068,1.0,0.0,0.0,0.0,0.0,1.0,0.0
0.0,0,1,0,0.97537571068373,1,0,1,0,1,0,0,0,0,0.5212234423513533,1.0048538112374996,1.0,0.0,0.0,1.0,0.0,0.0,0.0
1.0,0,1,1,0.4444592666747104,1,0,1,0,1,1,1,1,1,0.48283956958402513,0.5836168195061023,0.0,0.0,0.0,1.0,1.0,0.0,0.0
1.0,0,0,1,-0.20897635672100598,1,0,0,0,0,0,0,0,0,-1.489757717849984,-0.756842419162302,0.0,1.0,1.0,0.0,1.0,0.0,0.0
0.0,0,0,0,-0.7398928007300255,1,0,0,1,0,0,0,1,1,0.7214871263548059,-0.47749297334961616,1.0,0.0,0.0,0.0,0.0,1.0,0.0
0.0,1,0,0,-0.5356941684188642,1,0,1,1,0,1,1,1,1,1.3456422748322334,-0.10996419845108528,1.0,0.0,0.0,0.0,0.0,0.0,1.0
1.0,1,0,0,-0.9440914330411869,1,1,0,0,1,0,1,1,1,1.195444511829644,-0.5941832481827635,1.0,0.0,0.0,0.0,0.0,1.0,0.0
1.0,1,0,0,-0.08645717733430915,1,1,0,0,1,1,1,0,1,0.14739789887824156,-0.07142327100952926,0.0,0.0,0.0,1.0,1.0,0.0,0.0
0.0,0,0,1,-0.7807325271922578,1,1,0,1,1,0,1,1,1,1.317271586265078,-0.424941206734269,1.0,0.0,1.0,0.0,1.0,0.0,0.0
1.0,0,1,0,0.4852989931369427,1,1,1,0,1,0,0,0,1,0.6714212053539428,0.6101929350817857,1.0,0.0,0.0,0.0,1.0,0.0,0.0
1.0,0,1,0,1.6288113340794463,1,1,0,1,0,0,1,1,1,1.158729503095678,2.2378298979583913,1.0,0.0,0.0,1.0,0.0,1.0,0.0
1.0,0,1,0,1.6288113340794463,1,1,0,0,0,0,0,0,0,-1.3111892662802385,-0.20343651122480705,0.0,1.0,0.0,1.0,0.0,0.0,1.0
0.0,0,0,0,-0.82157225365449,1,0,0,1,0,1,0,0,1,-0.34658585499694156,-0.7116519029700102,0.0,0.0,0.0,0.0,0.0,1.0,0.0
1.0,0,1,1,1.6288113340794463,1,1,1,1,1,1,1,0,1,0.5395809467183363,1.5447381474009232,0.0,0.0,0.0,1.0,0.0,0.0,0.0
0.0,0,0,0,-0.08645717733430915,1,1,1,0,1,0,1,1,1,0.48784616168411116,0.07678027225101827,0.0,0.0,1.0,0.0,1.0,0.0,0.0
0.0,0,1,1,1.6288113340794463,1,1,1,1,1,1,1,1,1,1.6961037218382755,2.744644205786215,1.0,0.0,0.0,1.0,0.0,1.0,0.0
0.0,0,1,1,1.5879716076172141,1,1,0,0,0,0,0,0,0,-1.3612551872811016,-0.26286026086348996,0.0,1.0,0.0,1.0,1.0,0.0,0.0
0.0,0,0,0,-1.1891297918145805,1,0,1,1,0,0,0,0,1,0.48117070555066266,-0.8931256294114971,1.0,0.0,0.0,0.0,0.0,1.0,0.0
1.0,0,0,0,-0.37233526256993504,1,0,0,1,0,0,1,1,0,1.0218826523599849,-0.02738920503475671,1.0,0.0,0.0,0.0,0.0,0.0,1.0
1.0,0,0,0,-0.24981608318323825,1,0,0,0,0,0,0,0,0,-1.461387029282828,-0.7722321028262125,0.0,1.0,0.0,0.0,0.0,0.0,1.0
0.0,0,0,1,0.4444592666747104,1,1,0,0,0,0,0,0,1,-1.321202450480411,-0.5267755441577454,0.0,1.0,0.0,1.0,0.0,1.0,0.0
1.0,1,1,0,1.6288113340794463,1,1,1,1,1,1,0,0,1,0.9467837708586901,1.9929070855441642,1.0,0.0,0.0,1.0,0.0,0.0,0.0
0.0,0,0,1,-0.5765338948810964,1,0,0,0,0,0,0,0,0,-1.4864199897832595,-0.8289204029119172,0.0,1.0,1.0,0.0,0.0,0.0,0.0
0.0,0,1,1,1.5062921546927495,1,0,0,0,0,0,0,0,1,-1.479744533649811,-0.3610918110708487,0.0,1.0,1.0,0.0,1.0,0.0,0.0
1.0,0,0,0,-1.270809244739045,1,0,0,0,0,0,0,0,1,0.22917223651298482,-0.9709413853941885,1.0,0.0,0.0,0.0,0.0,0.0,1.0
1.0,0,1,0,0.1585811814390845,1,0,1,0,0,0,1,1,1,0.9651412752256733,0.49441447676629807,1.0,0.0,0.0,0.0,0.0,1.0,0.0
1.0,0,1,0,-0.4131749890321673,1,0,0,0,0,0,0,0,1,-1.4764068055830868,-0.7930259673142995,0.0,1.0,0.0,0.0,0.0,0.0,0.0
0.0,0,1,1,0.03606200205238767,1,0,0,0,0,0,0,0,0,-1.4981020380167944,-0.7175008723393866,0.0,1.0,0.0,1.0,1.0,0.0,0.0
0.0,0,0,0,0.8936962577592654,1,1,0,0,1,1,0,1,1,1.0152071962265363,1.2500212573515872,1.0,0.0,0.0,1.0,0.0,0.0,0.0
0.0,0,0,0,-1.107450338890116,1,1,0,0,0,0,1,1,1,0.9751544594258462,-0.7862207025727438,1.0,0.0,0.0,0.0,0.0,0.0,1.0
1.0,0,1,0,-0.9440914330411869,0,0,0,0,0,1,1,0,0,-0.8021857361047963,-0.85645281385978,0.0,0.0,0.0,0.0,0.0,0.0,1.0
1.0,0,0,0,-0.82157225365449,1,1,0,0,0,0,0,0,0,-1.3262090425804973,-0.8780472977292265,0.0,1.0,1.0,0.0,1.0,0.0,0.0
0.0,0,0,0,-1.1891297918145805,1,0,0,0,0,0,0,0,0,-1.4997709020501564,-0.9765901999182252,0.0,1.0,0.0,0.0,0.0,1.0,0.0
0.0,1,0,0,-0.12729690379654143,1,1,0,0,0,1,1,1,0,1.1336965425952463,0.27055240196727753,1.0,0.0,0.0,0.0,0.0,1.0,0.0
1.0,0,0,0,-1.270809244739045,1,0,0,0,0,1,0,0,0,0.3109465741477281,-0.9698516534584493,1.0,0.0,0.0,0.0,0.0,1.0,0.0
1.0,0,1,1,-0.1681366302587737,1,1,0,0,0,0,1,1,0,0.9184130822915345,0.13951769655143925,1.0,0.0,1.0,0.0,0.0,0.0,0.0
1.0,0,1,1,-1.0257708859656514,0,0,1,0,1,1,0,1,0,-0.5017902100996173,-0.8668608658174535,0.0,0.0,0.0,1.0,1.0,0.0,0.0
1.0,0,1,1,0.2811003608257813,1,0,1,1,1,0,0,0,0,-0.16301081132710996,0.039751625863141356,0.0,0.0,1.0,0.0,0.0,1.0,0.0
1.0,0,1,1,-0.658213347805561,1,0,0,0,0,0,0,0,0,-1.4997709020501564,-0.8633692757376357,0.0,1.0,0.0,0.0,0.0,1.0,0.0
0.0,0,0,0,1.261253795919356,1,1,0,1,0,0,1,1,0,1.0936438057945557,1.7784967673306376,1.0,0.0,0.0,1.0,0.0,0.0,0.0
1.0,0,1,1,0.7711770783725685,1,0,0,0,0,0,0,0,0,-1.506446358183605,-0.5193920543074301,0.0,1.0,0.0,1.0,1.0,0.0,0.0
1.0,0,0,0,-1.229969518276813,1,0,0,0,0,0,0,0,0,-0.6786897976360005,-0.9666269365057513,0.0,0.0,0.0,0.0,0.0,1.0,0.0
0.0,1,0,0,1.5879716076172141,1,1,0,1,1,0,1,1,1,1.3756818274327516,2.342911191761826,1.0,0.0,1.0,0.0,0.0,1.0,0.0
1.0,0,0,0,-1.270809244739045,1,0,0,0,0,0,0,0,1,0.1557422190450521,-0.971919920193628,1.0,0.0,0.0,0.0,0.0,1.0,0.0
0.0,1,1,0,1.3837729753060528,1,1,0,0,1,1,1,1,1,1.3773506914661136,2.099745294101137,1.0,0.0,1.0,0.0,1.0,0.0,0.0
0.0,0,1,0,0.3219400872880136,1,0,0,0,0,0,0,0,0,-1.5214661344838636,-0.6557864616929251,0.0,1.0,0.0,1.0,0.0,0.0,1.0
1.0,0,1,1,-0.6173736213433287,1,1,0,0,0,0,1,1,1,0.9300951305250691,-0.32886688097112887,1.0,0.0,0.0,0.0,0.0,1.0,0.0
0.0,0,1,1,-0.5765338948810964,1,0,0,0,0,0,0,0,0,-1.4764068055830868,-0.8439764951669277,0.0,1.0,0.0,0.0,0.0,0.0,1.0
1.0,1,0,0,-0.8624119801167224,1,1,0,1,1,1,1,1,1,1.5592568711025832,-0.4765589174046968,1.0,0.0,0.0,0.0,0.0,1.0,0.0
0.0,0,0,0,1.4654524282305172,1,1,0,0,0,0,0,0,0,-1.3078515382135143,-0.1924502341583739,0.0,1.0,0.0,1.0,0.0,0.0,0.0
1.0,0,1,0,1.6288113340794463,1,1,1,1,1,1,0,1,0,1.3656686432325786,2.369398349628469,1.0,0.0,0.0,1.0,0.0,0.0,0.0
0.0,1,1,0,1.3429332488438204,1,1,1,0,1,0,1,1,0,1.353986594999044,2.0157469773401693,1.0,0.0,0.0,0.0,0.0,0.0,0.0
1.0,0,0,0,-0.9440914330411869,1,1,0,1,0,0,1,1,1,1.1553917750289533,-0.5941165299009835,1.0,0.0,0.0,0.0,1.0,0.0,0.0
0.0,0,0,0,-0.5765338948810964,1,1,0,0,0,1,1,0,1,0.7899105517226521,-0.2736241436573233,1.0,0.0,0.0,0.0,0.0,1.0,0.0
0.0,0,1,0,0.4444592666747104,1,1,0,0,0,1,1,0,1,0.005544456042462588,0.29076804134660483,0.0,0.0,1.0,0.0,0.0,0.0,0.0
1.0,0,1,1,0.03606200205238767,1,0,0,1,1,1,1,1,0,0.581302547552389,0.15506305620616948,0.0,0.0,0.0,1.0,1.0,0.0,0.0
1.0,0,0,0,0.36277981375024587,1,1,0,0,1,0,0,0,1,-0.2998576620628024,-0.00752939649158905,0.0,0.0,0.0,0.0,0.0,0.0,0.0
0.0,0,1,0,0.6486578989858718,1,1,0,1,0,1,1,1,1,1.3489800028989576,1.258338803146822,1.0,0.0,0.0,0.0,1.0,0.0,0.0
1.0,0,0,0,-1.229969518276813,1,0,0,0,0,0,0,0,1,0.10233856997746489,-0.950881422005681,1.0,0.0,0.0,0.0,0.0,1.0,0.0
1.0,0,0,0,0.7303373519103363,0,0,1,1,0,0,0,0,1,-0.9907673718747142,-0.2099749028392429,0.0,0.0,0.0,0.0,0.0,0.0,1.0
1.0,0,0,0,-0.5765338948810964,1,1,0,0,0,0,0,0,0,0.3159531662478146,-0.3858442936112133,1.0,0.0,0.0,0.0,0.0,0.0,1.0
1.0,0,0,0,-0.9032517065789546,1,1,0,0,0,0,0,0,0,-1.3011760820800657,-0.8908572078309785,0.0,1.0,0.0,1.0,0.0,0.0,0.0
0.0,0,0,1,0.5669784460614072,1,0,1,1,0,1,1,1,1,1.352317730965682,1.1423824294132543,1.0,0.0,1.0,0.0,0.0,0.0,0.0
0.0,1,0,0,-1.1891297918145805,1,0,0,0,0,0,0,0,0,-0.656994565202293,-0.946233381708344,0.0,0.0,0.0,0.0,0.0,1.0,0.0
0.0,0,1,0,0.19942090790131678,1,1,0,1,0,1,0,1,0,0.24752974087996787,0.17965986275571424,0.0,0.0,1.0,0.0,0.0,0.0,1.0
1.0,0,0,0,-1.0257708859656514,1,1,0,1,0,0,1,1,1,1.1720804153625743,-0.7033121177475155,1.0,0.0,0.0,0.0,0.0,1.0,0.0
0.0,0,0,0,-0.82157225365449,1,1,0,0,0,1,1,1,1,0.37269454338212576,-0.6227164333573256,0.0,0.0,1.0,0.0,0.0,0.0,1.0
0.0,0,1,0,0.4444592666747104,1,0,1,0,1,1,1,1,1,0.4711575213504901,0.5363357971513719,0.0,0.0,0.0,1.0,0.0,1.0,0.0
1.0,0,1,1,-0.08645717733430915,1,1,0,1,0,1,0,0,1,0.6296996045198902,0.14042951306909857,1.0,0.0,0.0,0.0,0.0,0.0,0.0
1.0,0,1,0,0.3219400872880136,0,0,1,1,1,0,0,0,1,-0.7454443589704847,-0.23930870739516463,0.0,0.0,1.0,0.0,0.0,1.0,0.0
0.0,0,1,0,1.1795743429948913,1,1,0,0,1,1,1,1,1,1.3907016037330102,2.0001571388309194,1.0,0.0,0.0,0.0,0.0,1.0,0.0
0.0,0,0,0,0.7711770783725685,1,0,0,0,0,0,0,0,0,-1.4697313494496385,-0.5487480982906118,0.0,1.0,0.0,1.0,0.0,0.0,0.0
1.0,0,1,0,-0.82157225365449,1,0,0,1,0,0,0,1,1,0.6797655255207533,-0.558066418312546,1.0,0.0,0.0,0.0,1.0,0.0,0.0
1.0,0,0,0,0.5669784460614072,0,0,1,0,0,0,0,0,1,-1.1326208147104933,-0.3403424254372817,0.0,0.0,1.0,0.0,0.0,0.0,0.0
1.0,0,0,1,-0.49485444195663186,1,0,0,0,0,0,0,0,1,-1.511452950283691,-0.8361926956259326,0.0,1.0,0.0,0.0,0.0,1.0,0.0
1.0,0,0,1,-1.229969518276813,1,0,0,0,0,0,0,0,0,-1.5164595423837774,-0.9812604796428223,0.0,1.0,0.0,0.0,0.0,0.0,1.0
0.0,0,1,0,1.5879716076172141,1,1,0,0,0,0,0,0,1,-1.3428976829141184,-0.254809588195375,0.0,1.0,0.0,1.0,1.0,0.0,0.0
1.0,0,0,0,0.6078181725236395,1,1,0,1,1,0,1,1,1,1.2822254415644732,1.1719386282417759,1.0,0.0,1.0,0.0,0.0,1.0,0.0
1.0,0,1,0,-0.5765338948810964,1,1,0,1,0,0,0,0,0,-0.2631426533288363,-0.5247739957043467,0.0,0.0,0.0,0.0,1.0,0.0,0.0
0.0,0,0,0,1.3429332488438204,1,0,1,1,1,1,1,1,1,0.6730900693873048,1.4254236201510977,0.0,0.0,0.0,1.0,0.0,0.0,0.0
1.0,0,1,0,-0.5765338948810964,1,1,1,0,0,0,1,1,1,1.158729503095678,-0.22752181094737198,1.0,0.0,0.0,0.0,0.0,1.0,0.0
1.0,0,0,0,1.3020935223815882,1,1,0,1,0,1,1,1,1,1.367337507265941,2.0676538005649774,1.0,0.0,1.0,0.0,1.0,0.0,0.0
0.0,0,0,0,-0.33149553610770277,1,0,0,0,0,0,0,0,1,-1.506446358183605,-0.7936264318503191,0.0,1.0,0.0,1.0,0.0,0.0,0.0
0.0,0,1,1,-1.270809244739045,1,0,0,0,0,0,0,0,1,-1.4747379415497248,-0.9936478406266345,0.0,1.0,0.0,0.0,0.0,0.0,1.0
1.0,0,0,0,-1.270809244739045,1,0,0,0,0,0,0,0,0,-0.6553257011689311,-0.9827282818419812,0.0,0.0,0.0,0.0,0.0,0.0,1.0
0.0,0,1,1,-1.1891297918145805,1,0,0,1,0,0,1,0,1,-0.1997258200610761,-0.9277746570825556,0.0,0.0,0.0,0.0,1.0,0.0,0.0
0.0,0,1,0,1.6288113340794463,1,1,1,0,0,0,0,0,0,0.5262300344514398,1.5492527511347007,1.0,0.0,0.0,1.0,0.0,0.0,0.0
1.0,0,1,0,-0.37233526256993504,1,0,0,0,0,0,0,0,0,-1.5147906783504155,-0.7865098151271236,0.0,1.0,1.0,0.0,1.0,0.0,0.0
1.0,0,0,0,-1.1891297918145805,1,0,0,0,1,1,1,0,1,0.8399764727235153,-0.8940374459291566,1.0,0.0,0.0,0.0,0.0,0.0,1.0
0.0,0,1,0,1.2204140694571237,1,0,1,0,1,1,1,1,1,1.3222781783651638,1.9389097561569173,1.0,0.0,1.0,0.0,0.0,1.0,0.0
0.0,0,0,0,-0.9440914330411869,0,0,1,0,1,1,1,1,0,-0.2064012761945246,-0.7626469096771585,0.0,0.0,0.0,0.0,0.0,0.0,1.0
1.0,0,0,0,-1.229969518276813,1,0,0,0,0,0,0,0,1,0.18745063567893216,-0.9387164552944687,1.0,0.0,0.0,0.0,0.0,1.0,0.0
0.0,0,0,1,-1.1482900653523482,0,0,1,1,1,0,1,1,1,-0.24979174106193927,-0.9032445688147908,0.0,0.0,0.0,0.0,0.0,0.0,1.0
0.0,0,0,0,-1.270809244739045,1,0,0,0,0,0,0,0,0,-0.6302927406684995,-0.9823946904330814,0.0,0.0,0.0,0.0,0.0,1.0,0.0
1.0,1,0,0,-0.7398928007300255,1,0,0,0,0,0,1,1,0,0.8600028411238608,-0.43961922872585985,1.0,0.0,0.0,0.0,1.0,0.0,0.0
0.0,0,0,0,-1.1891297918145805,1,1,0,0,0,0,0,0,1,0.3710256793487638,-0.8932145871205371,1.0,0.0,0.0,0.0,0.0,1.0,0.0
1.0,1,1,0,1.0162154371459622,1,1,0,1,1,0,0,1,1,1.020213788326623,1.4111236684229267,1.0,0.0,0.0,0.0,0.0,0.0,0.0
1.0,0,1,1,0.40361954021247815,1,1,1,0,0,0,1,1,0,1.0819617575610205,0.7838383831277576,1.0,0.0,1.0,0.0,0.0,1.0,0.0
1.0,0,1,1,-1.1482900653523482,1,1,0,0,1,0,1,1,0,1.2171397442633516,-0.8311221062106557,1.0,0.0,0.0,0.0,0.0,1.0,0.0
1.0,0,0,0,-0.4131749890321673,1,1,0,0,0,0,0,0,1,-1.3295467706472215,-0.7833073376016856,0.0,1.0,0.0,0.0,1.0,0.0,0.0
1.0,0,0,0,-0.9849311595034191,1,1,0,0,0,0,0,1,0,0.6614080211537702,-0.7080268763266324,1.0,0.0,0.0,0.0,0.0,0.0,0.0
0.0,0,1,0,1.138734616532659,1,1,0,1,0,0,1,1,1,1.1720804153625743,1.6596270286260117,1.0,0.0,0.0,0.0,0.0,1.0,0.0
0.0,0,1,1,0.4852989931369427,1,0,0,0,0,0,0,0,0,-1.5047774941502425,-0.6557197434111451,0.0,1.0,0.0,0.0,0.0,0.0,1.0
1.0,0,1,0,1.6288113340794463,1,1,1,1,1,1,1,1,1,1.7061169060384482,2.744533008649915,1.0,0.0,0.0,1.0,0.0,0.0,0.0
1.0,0,0,0,-1.229969518276813,1,0,1,0,1,0,0,0,0,-0.3749565435640972,-0.9496137746518619,0.0,0.0,0.0,0.0,0.0,1.0,0.0
1.0,0,0,0,-0.4131749890321673,1,0,0,0,0,0,0,0,0,-1.5047774941502425,-0.8148428454563459,0.0,1.0,1.0,0.0,0.0,0.0,1.0
1.0,0,1,1,1.6288113340794463,1,0,1,1,0,1,1,0,0,0.12403380241117246,1.1568380571322452,0.0,0.0,0.0,1.0,0.0,0.0,0.0
0.0,0,0,0,-1.270809244739045,0,0,0,0,0,0,0,0,0,-1.337891090814032,-0.9918242075913156,0.0,0.0,0.0,0.0,0.0,1.0,0.0
0.0,0,1,1,-1.0666106124278838,1,0,1,1,0,0,0,0,0,-0.2931822059293541,-0.8402625108145101,0.0,0.0,0.0,0.0,1.0,0.0,0.0
1.0,0,1,0,1.3020935223815882,1,1,0,1,1,1,1,0,1,0.3810388635489363,1.1405810358051953,0.0,0.0,0.0,1.0,0.0,0.0,0.0
1.0,0,0,0,-0.658213347805561,1,1,0,0,0,1,0,1,1,0.8132746481897217,-0.3584453192269104,1.0,0.0,0.0,0.0,1.0,0.0,0.0
1.0,0,1,0,1.1795743429948913,1,1,1,1,1,1,0,1,1,0.5379120826849744,1.1592843941308437,0.0,0.0,0.0,1.0,0.0,0.0,0.0
1.0,1,1,0,-1.1482900653523482,1,1,0,0,0,0,0,0,0,0.34265499078160816,-0.8654597819000743,1.0,0.0,0.0,0.0,0.0,1.0,0.0
1.0,0,1,0,0.4444592666747104,1,0,1,1,1,0,0,0,1,0.7148116702213574,0.5769672307553666,1.0,0.0,0.0,0.0,1.0,0.0,0.0
1.0,0,0,0,-0.9440914330411869,1,0,0,0,1,0,0,0,1,0.3042711180142796,-0.6895014334190641,1.0,0.0,0.0,0.0,0.0,1.0,0.0
1.0,1,1,0,-0.08645717733430915,1,0,0,1,0,0,0,0,1,-0.47675724959918575,-0.3233515030106523,0.0,0.0,0.0,0.0,0.0,0.0,0.0
0.0,0,0,0,0.4444592666747104,1,0,0,1,1,0,1,0,1,0.9000555779245515,0.7559723807709949,1.0,0.0,0.0,0.0,0.0,1.0,0.0
1.0,0,1,1,0.97537571068373,0,0,1,1,0,1,1,0,1,-0.4233536005315983,0.28040446824345144,0.0,0.0,1.0,0.0,0.0,0.0,1.0
1.0,1,1,0,-0.7807325271922578,1,0,0,0,0,0,0,0,0,0.1924572277790187,-0.6250960520741442,1.0,0.0,0.0,0.0,0.0,0.0,0.0
0.0,0,0,0,-0.7807325271922578,0,0,0,1,0,0,0,0,0,-1.1860244637780806,-0.8439097768851478,0.0,0.0,0.0,0.0,0.0,1.0,0.0
1.0,0,0,0,-0.9440914330411869,0,0,1,0,1,1,0,1,0,-0.463406337332289,-0.7965620362486373,0.0,0.0,1.0,0.0,0.0,0.0,1.0
0.0,0,1,0,-0.08645717733430915,1,1,0,1,0,1,1,0,1,0.9818299155592943,0.24462122978213363,1.0,0.0,0.0,0.0,1.0,0.0,0.0
1.0,1,0,0,-1.229969518276813,1,0,0,1,0,0,0,0,1,0.33431067061479763,-0.9291979804271946,1.0,0.0,0.0,0.0,0.0,1.0,0.0
1.0,0,1,1,0.3219400872880136,0,0,0,1,1,1,1,1,0,-0.1463221709934889,0.08629874711829238,0.0,0.0,1.0,0.0,0.0,0.0,1.0
1.0,0,1,0,1.547131881154982,1,0,0,0,0,0,0,0,0,-1.496433173983432,-0.3650281896958663,0.0,1.0,0.0,1.0,1.0,0.0,0.0
0.0,0,1,0,-0.6990530742677933,1,0,1,0,1,0,1,1,0,1.2371661126636966,-0.26023600844681155,1.0,0.0,0.0,0.0,0.0,1.0,0.0
1.0,0,0,1,-0.9032517065789546,1,0,0,0,0,0,0,0,1,-1.4930954459167078,-0.9051349201318897,0.0,1.0,1.0,0.0,0.0,0.0,0.0
0.0,0,0,1,-0.82157225365449,1,0,0,0,0,0,0,0,1,-0.6720143415025521,-0.7890006309802421,0.0,0.0,0.0,0.0,0.0,1.0,0.0
0.0,0,1,1,1.3429332488438204,1,1,1,1,0,1,1,0,1,1.1470474548621428,1.8513086521798323,1.0,0.0,0.0,1.0,1.0,0.0,0.0
1.0,0,0,1,1.6288113340794463,1,0,0,0,0,0,0,0,0,-1.49476430995007,-0.32239520763847285,0.0,1.0,0.0,1.0,1.0,0.0,0.0
1.0,0,1,0,1.1795743429948913,1,1,0,1,0,1,1,0,1,0.9818299155592943,1.5050852485963682,1.0,0.0,0.0,1.0,0.0,1.0,0.0
0.0,0,1,0,-0.9440914330411869,0,0,0,0,1,0,1,1,1,-0.5318297627001352,-0.8060805111159114,0.0,0.0,0.0,0.0,0.0,1.0,0.0
0.0,0,1,0,-0.37233526256993504,1,1,0,0,1,0,0,1,0,0.8499896569236883,-0.09319567029705571,1.0,0.0,0.0,0.0,0.0,0.0,1.0
0.0,1,1,0,1.6288113340794463,1,1,0,0,0,0,0,0,1,-1.3011760820800657,-0.14103267833328587,0.0,1.0,0.0,1.0,1.0,0.0,0.0
0.0,0,0,0,0.97537571068373,0,0,0,0,0,0,1,1,1,-0.6620011573023794,0.13809437320680001,0.0,0.0,0.0,0.0,1.0,0.0,0.0
1.0,0,0,0,-1.270809244739045,1,0,0,0,0,0,1,0,1,-0.37328767953073516,-0.9789698186350436,0.0,0.0,0.0,0.0,0.0,0.0,1.0
1.0,0,1,0,1.547131881154982,1,1,0,1,1,0,1,0,1,1.0118694681598124,1.9341282792960202,1.0,0.0,1.0,0.0,0.0,0.0,0.0
0.0,0,0,0,-0.82157225365449,0,0,0,1,1,1,1,1,0,-0.13464012275995413,-0.6721546801562749,0.0,0.0,1.0,0.0,0.0,1.0,0.0
0.0,0,1,0,1.547131881154982,1,1,1,0,1,1,0,0,0,0.02056423234272163,1.1143162722111517,0.0,0.0,0.0,1.0,1.0,0.0,0.0
1.0,0,1,0,-0.04561745087207687,1,0,0,0,1,1,0,1,1,0.057279241076688234,-0.10438210220882878,0.0,0.0,0.0,0.0,1.0,0.0,0.0
0.0,1,0,0,-1.270809244739045,1,0,0,0,0,0,0,0,1,0.19579495584574272,-0.9713861739393883,1.0,0.0,0.0,0.0,0.0,1.0,0.0
1.0,0,1,0,1.547131881154982,1,1,1,1,0,1,0,0,1,0.7782285034891177,1.6599383806076515,1.0,0.0,0.0,1.0,1.0,0.0,0.0
1.0,0,1,0,-0.9440914330411869,1,0,0,0,1,0,1,1,1,0.17910631551212164,-0.7517273508925052,0.0,0.0,0.0,0.0,0.0,0.0,1.0
1.0,0,1,1,0.7303373519103363,1,1,0,1,1,0,1,1,1,1.3072584020649047,1.2291384351544599,1.0,0.0,0.0,0.0,0.0,0.0,0.0
1.0,0,1,1,-0.6990530742677933,0,0,1,0,0,0,0,0,1,-1.1509783190774763,-0.793871065550179,0.0,0.0,0.0,0.0,0.0,0.0,0.0
1.0,0,0,0,-0.9032517065789546,1,0,0,0,0,0,1,1,1,0.8282944244899808,-0.6188690124413481,1.0,0.0,0.0,0.0,0.0,1.0,0.0
1.0,1,1,0,1.424612701768285,1,1,0,1,0,1,1,1,0,1.2755499854310253,2.1061724885792734,1.0,0.0,0.0,1.0,0.0,0.0,0.0
1.0,0,0,0,-0.9440914330411869,1,1,0,0,0,0,1,0,1,0.6897787097209258,-0.6653494154147191,1.0,0.0,0.0,0.0,0.0,1.0,0.0
0.0,0,1,0,1.3429332488438204,1,1,1,1,0,1,1,0,1,1.1837624635961095,1.9521866942311292,1.0,0.0,1.0,0.0,0.0,0.0,0.0
1.0,0,0,0,1.547131881154982,1,1,1,0,0,1,1,1,1,1.3122649941649913,2.2220176651765406,1.0,0.0,0.0,1.0,1.0,0.0,0.0
1.0,0,0,0,-0.5765338948810964,1,0,0,0,0,1,0,0,1,0.3743634074154883,-0.39204909381674946,1.0,0.0,0.0,0.0,0.0,0.0,0.0
0.0,0,1,1,1.5062921546927495,1,1,1,1,0,1,1,0,0,0.30093338994755553,1.1704041077608367,0.0,0.0,1.0,0.0,1.0,0.0,0.0
1.0,0,0,0,-0.0047777244098446,1,1,1,0,0,1,0,0,0,0.7665464552555831,0.22769702563728428,1.0,0.0,0.0,0.0,0.0,0.0,0.0
1.0,0,0,0,-0.12729690379654143,0,0,0,1,0,1,0,0,0,-1.0141314683417837,-0.5558647150138073,0.0,0.0,0.0,0.0,0.0,1.0,0.0
0.0,0,1,1,1.6288113340794463,0,0,1,0,1,0,1,1,1,-0.3632744953305626,0.7552384796714153,0.0,0.0,0.0,1.0,1.0,0.0,0.0
0.0,0,1,1,-1.0666106124278838,1,0,0,0,0,0,0,0,0,-1.5014397660835184,-0.9522825059230603,0.0,1.0,0.0,0.0,0.0,0.0,1.0
0.0,0,0,0,-0.20897635672100598,1,1,0,0,0,0,1,1,1,1.0318958365601574,0.1515714661263517,1.0,0.0,0.0,0.0,0.0,0.0,0.0
0.0,0,0,0,-0.9440914330411869,1,0,0,0,0,0,0,0,1,-1.508115222216967,-0.9232155744942584,0.0,1.0,0.0,0.0,0.0,1.0,0.0
1.0,0,1,1,0.6078181725236395,1,1,0,0,0,0,0,0,0,-1.3395599548473942,-0.48661113852621046,0.0,1.0,0.0,1.0,0.0,0.0,1.0
1.0,0,0,0,-0.7398928007300255,1,0,0,0,0,0,0,0,1,-1.489757717849984,-0.8696407942249518,0.0,1.0,0.0,0.0,0.0,1.0,0.0
0.0,0,1,1,-0.2906558096454705,0,0,1,1,1,0,1,1,1,-0.20306354812780036,-0.3344044983588653,0.0,0.0,0.0,0.0,1.0,0.0,0.0
1.0,0,1,0,0.7303373519103363,1,1,1,0,1,0,1,1,1,1.3105961301316293,1.324056310700081,1.0,0.0,1.0,0.0,0.0,1.0,0.0
1.0,0,0,0,-1.270809244739045,0,0,0,0,0,0,0,1,0,-0.9607278192741964,-0.9867980970305587,0.0,0.0,0.0,0.0,0.0,1.0,0.0
0.0,0,1,1,0.2811003608257813,1,0,0,0,0,0,0,0,1,-1.496433173983432,-0.6225607573665058,0.0,1.0,0.0,1.0,0.0,0.0,0.0
1.0,0,0,0,-0.5765338948810964,1,1,0,0,0,0,0,0,1,0.36435022321531524,-0.38226374582235556,1.0,0.0,0.0,0.0,0.0,0.0,0.0
1.0,0,1,1,-0.6173736213433287,1,1,0,0,0,0,0,0,1,-1.319533586447049,-0.8192462520538232,0.0,1.0,0.0,1.0,0.0,0.0,1.0
0.0,0,0,0,-1.1891297918145805,1,0,0,0,0,0,1,1,1,0.8266255604566187,-0.8958166001099555,1.0,0.0,0.0,0.0,0.0,1.0,0.0
0.0,0,1,0,1.0978948900704268,1,0,0,0,0,0,0,0,0,-1.5448302309509332,-0.5322464432637021,0.0,1.0,0.0,1.0,0.0,0.0,0.0
1.0,0,1,0,-1.107450338890116,1,1,1,0,0,0,0,1,1,0.8166123762564462,-0.8189571394994434,1.0,0.0,0.0,0.0,0.0,1.0,0.0
0.0,0,0,0,-1.229969518276813,1,0,0,0,0,0,1,0,1,0.4995282099176462,-0.9348467949512312,1.0,0.0,0.0,0.0,0.0,0.0,1.0
0.0,0,1,0,0.6486578989858718,0,0,0,1,1,0,0,0,0,-1.0007805560748868,-0.28910278503027365,0.0,0.0,1.0,0.0,0.0,0.0,1.0
1.0,0,0,0,-1.270809244739045,1,0,0,0,0,0,0,0,0,-1.4981020380167944,-0.9939591926082741,0.0,1.0,0.0,0.0,0.0,0.0,1.0
1.0,0,1,1,-0.6990530742677933,1,0,1,0,0,1,1,1,0,1.2421727047637832,-0.261192303818991,1.0,0.0,1.0,0.0,0.0,1.0,0.0
0.0,1,0,0,-1.270809244739045,1,0,0,0,0,0,0,0,1,0.19746381987910472,-0.9713639345121284,1.0,0.0,0.0,0.0,0.0,0.0,1.0
0.0,0,0,0,-1.0666106124278838,1,1,0,1,0,0,1,0,1,0.8483207928903258,-0.7708977371906133,1.0,0.0,0.0,0.0,0.0,1.0,0.0
1.0,0,1,0,-0.658213347805561,1,0,1,1,0,0,0,0,0,0.5362432186516123,-0.4150669010308351,1.0,0.0,0.0,0.0,0.0,0.0,0.0
0.0,0,0,0,0.19942090790131678,0,0,0,0,1,0,0,1,1,-0.8172055124050551,-0.34499046573461883,0.0,0.0,0.0,0.0,1.0,0.0,0.0
1.0,1,0,0,-0.7398928007300255,1,1,0,0,0,0,1,1,1,1.0318958365601574,-0.43641675120042184,1.0,0.0,0.0,0.0,0.0,1.0,0.0
0.0,0,0,0,-1.270809244739045,1,0,0,0,1,1,1,1,0,0.3142843022144521,-0.9698071746039294,0.0,0.0,1.0,0.0,1.0,0.0,0.0
1.0,0,0,0,1.3020935223815882,1,1,1,1,1,1,1,0,0,0.5529318589852333,1.4736164590234877,0.0,0.0,1.0,0.0,0.0,1.0,0.0
1.0,1,1,0,1.5879716076172141,1,1,1,1,1,1,0,0,1,0.9117376261580861,1.9262555220459856,1.0,0.0,1.0,0.0,0.0,1.0,0.0
1.0,0,0,0,-1.107450338890116,1,0,0,0,0,0,0,1,0,0.4694886573171281,-0.8131304095573271,1.0,0.0,0.0,0.0,0.0,0.0,1.0
0.0,0,1,1,-0.658213347805561,1,0,0,0,0,0,0,0,0,-1.513121814317053,-0.8800488461826252,0.0,1.0,0.0,0.0,0.0,0.0,1.0
0.0,0,0,0,-1.229969518276813,1,0,0,1,0,1,0,0,1,-0.32155289449651,-0.9570639827839573,0.0,0.0,0.0,0.0,1.0,0.0,0.0
1.0,0,1,1,0.40361954021247815,1,0,0,0,0,0,0,0,0,-1.513121814317053,-0.6170009005515092,0.0,1.0,0.0,1.0,0.0,0.0,1.0
1.0,1,1,0,0.4852989931369427,1,1,0,1,0,0,0,1,0,0.7915794157560146,0.7376470927087664,1.0,0.0,1.0,0.0,0.0,0.0,1.0
1.0,0,0,1,-1.270809244739045,1,0,0,0,0,0,0,0,0,0.1690931313119491,-0.9717420047755482,1.0,0.0,0.0,0.0,0.0,0.0,0.0
0.0,1,1,0,1.0162154371459622,1,1,0,1,1,0,0,1,0,0.9784921874925703,1.4164166521108033,1.0,0.0,0.0,0.0,1.0,0.0,0.0
1.0,0,0,0,-0.8624119801167224,1,0,0,0,0,0,0,0,0,-0.6503191090688446,-0.7839300415649652,0.0,0.0,0.0,0.0,1.0,0.0,0.0
0.0,0,0,0,-1.270809244739045,1,1,0,1,0,0,0,0,1,0.5178857142846293,-0.967093964478211,1.0,0.0,0.0,0.0,0.0,0.0,1.0
1.0,0,1,1,-0.33149553610770277,1,0,0,0,0,0,0,0,0,-1.4830822617165353,-0.8071702430516507,0.0,1.0,1.0,0.0,0.0,0.0,1.0
1.0,0,1,0,-0.2906558096454705,1,1,0,0,1,0,0,0,0,-0.3048642541628889,-0.37770466323405844,0.0,0.0,0.0,0.0,1.0,0.0,0.0
1.0,0,1,0,1.0162154371459622,1,1,0,0,1,1,1,1,0,1.4441052528005978,1.6525548907573362,1.0,0.0,0.0,1.0,0.0,1.0,0.0
1.0,0,0,0,-1.107450338890116,1,0,0,0,0,0,1,0,1,0.5145479862179048,-0.8254955311138793,1.0,0.0,0.0,0.0,0.0,0.0,1.0
1.0,0,0,0,-0.7807325271922578,1,0,0,0,0,0,0,0,0,-1.4914265818833459,-0.8833625208443632,0.0,1.0,0.0,1.0,1.0,0.0,0.0
1.0,0,0,0,1.3020935223815882,1,1,0,1,1,0,1,1,1,1.3256159064318884,1.9740480512276954,1.0,0.0,0.0,1.0,0.0,0.0,0.0
1.0,0,1,1,0.97537571068373,1,1,0,0,1,1,1,1,1,1.2855631696311978,1.6098107115636429,1.0,0.0,0.0,1.0,0.0,1.0,0.0
1.0,0,0,1,-0.08645717733430915,0,0,0,0,0,0,1,1,1,-0.6736832055359141,-0.4210715463910314,0.0,0.0,0.0,0.0,0.0,1.0,0.0
1.0,0,1,0,0.40361954021247815,1,1,0,1,1,0,1,0,1,1.020213788326623,0.7583075206332934,1.0,0.0,0.0,0.0,0.0,0.0,0.0
1.0,0,0,0,-1.270809244739045,1,0,0,0,0,0,1,1,1,-0.06287896932538364,-0.9748332851646861,0.0,0.0,0.0,0.0,0.0,0.0,1.0
0.0,0,0,0,-0.9032517065789546,0,0,1,1,1,0,0,0,0,-0.8005168720714341,-0.8029225124449934,0.0,0.0,0.0,0.0,0.0,0.0,0.0
1.0,0,0,0,-0.7398928007300255,0,0,0,0,1,1,1,1,1,-0.323221758529872,-0.6594114883363028,0.0,0.0,0.0,0.0,0.0,1.0,0.0
1.0,0,1,1,0.4852989931369427,1,0,0,0,0,0,0,0,0,-1.4714002134830004,-0.5908918129482855,0.0,1.0,1.0,0.0,0.0,0.0,0.0
0.0,0,0,0,-1.1891297918145805,1,0,0,0,1,0,0,0,1,0.33597953464815966,-0.8968618531911748,1.0,0.0,0.0,0.0,0.0,0.0,1.0
1.0,0,0,1,0.24026063436354905,1,1,0,0,1,0,1,1,1,1.1537229109955913,0.677267047697904,1.0,0.0,0.0,0.0,0.0,0.0,0.0
0.0,0,0,0,-1.1482900653523482,1,1,0,1,0,0,0,0,0,0.4427868327833345,-0.8668608658174535,1.0,0.0,0.0,0.0,0.0,0.0,0.0
0.0,0,0,0,-1.1891297918145805,1,0,1,1,0,0,0,0,0,-0.3115397102963372,-0.9292869381362346,0.0,0.0,0.0,0.0,0.0,1.0,0.0
0.0,1,1,0,-1.229969518276813,1,1,0,0,1,0,0,0,0,0.48450843361738716,-0.9258843057654568,1.0,0.0,0.0,0.0,0.0,1.0,0.0
1.0,0,1,1,0.7711770783725685,1,1,0,0,0,0,0,0,1,-1.3262090425804973,-0.45912320643286764,0.0,1.0,0.0,1.0,0.0,0.0,1.0
0.0,0,1,0,0.7303373519103363,1,1,1,1,0,1,1,1,1,1.5008466299349095,1.4016719118374326,1.0,0.0,0.0,0.0,0.0,0.0,0.0
0.0,1,0,0,0.5669784460614072,1,1,1,1,1,0,1,1,1,1.512528678168444,1.1654891943363799,1.0,0.0,1.0,0.0,0.0,1.0,0.0
1.0,0,1,0,1.261253795919356,1,1,1,0,0,1,0,0,1,0.6664146132538568,1.3892178325718403,1.0,0.0,0.0,1.0,1.0,0.0,0.0
1.0,0,0,0,-0.658213347805561,1,0,0,0,0,1,0,0,1,0.32930407851471116,-0.4821410136469533,1.0,0.0,0.0,0.0,1.0,0.0,0.0
0.0,0,0,0,0.40361954021247815,1,1,0,0,1,1,1,1,1,0.4594754731169556,0.497683672573516,0.0,0.0,0.0,1.0,1.0,0.0,0.0
0.0,0,1,0,1.5062921546927495,1,1,0,1,1,0,0,0,1,0.6914475737542883,1.6078758813920238,1.0,0.0,0.0,0.0,0.0,0.0,0.0
1.0,0,1,1,-0.04561745087207687,0,0,1,0,1,1,1,1,0,-0.15800421922702346,-0.18044094343798137,0.0,0.0,1.0,0.0,0.0,1.0,0.0
1.0,1,1,0,0.19942090790131678,1,1,0,0,0,0,1,1,1,0.9284262664917071,0.5421625270934882,1.0,0.0,0.0,0.0,0.0,1.0,0.0
1.0,1,1,0,1.6288113340794463,0,0,1,1,1,1,1,1,1,-0.007806456224433971,1.0615421113232046,0.0,0.0,0.0,1.0,1.0,0.0,0.0
0.0,0,1,1,0.4444592666747104,0,0,1,0,1,1,1,1,1,-0.14298444292676465,0.17172038722389923,0.0,0.0,1.0,0.0,1.0,0.0,0.0
1.0,0,1,0,-1.1482900653523482,0,0,0,1,0,0,1,1,1,-0.5385052188335837,-0.9133635082180845,0.0,0.0,0.0,0.0,0.0,1.0,0.0
0.0,0,0,0,-0.4131749890321673,0,0,0,0,1,0,1,1,1,-0.47008179346573725,-0.5253744602403664,0.0,0.0,0.0,0.0,0.0,1.0,0.0
0.0,0,0,0,1.0570551636081944,1,1,0,0,0,0,0,0,1,-1.3345533627473078,-0.3271322056448499,0.0,1.0,0.0,1.0,1.0,0.0,0.0
0.0,0,1,1,0.40361954021247815,1,0,0,0,1,0,1,1,1,0.9167442182581725,0.7209675222637768,1.0,0.0,0.0,0.0,0.0,1.0,0.0
1.0,0,0,0,-1.1891297918145805,1,0,0,0,0,0,0,0,1,-1.4981020380167944,-0.9769015518998648,0.0,1.0,0.0,0.0,0.0,0.0,1.0
0.0,0,1,1,-0.4131749890321673,1,0,1,1,1,0,0,0,0,-0.11795148242633308,-0.37025445510196303,0.0,0.0,0.0,0.0,0.0,0.0,1.0
1.0,0,0,0,0.8120168048348009,0,0,0,1,0,0,0,0,0,-1.1543160471442004,-0.28069628152599885,0.0,0.0,1.0,0.0,0.0,0.0,1.0
1.0,0,0,0,-1.1482900653523482,1,0,0,0,0,0,0,1,0,-0.34658585499694156,-0.9158988029257229,0.0,0.0,0.0,0.0,0.0,1.0,0.0
0.0,0,1,1,0.7303373519103363,1,1,1,1,1,1,0,1,1,0.5128791221845428,0.7951582516030905,0.0,0.0,1.0,0.0,0.0,0.0,0.0
0.0,0,1,1,1.6288113340794463,1,1,0,1,1,1,0,1,1,1.1336965425952463,2.1683316877709347,1.0,0.0,0.0,1.0,0.0,0.0,0.0
1.0,0,1,1,1.1795743429948913,0,0,1,0,1,0,0,0,0,-1.037495564808853,-0.061059697906375845,0.0,0.0,0.0,0.0,0.0,0.0,0.0
0.0,0,0,0,0.2811003608257813,0,0,0,0,1,0,1,1,1,-0.46507520136565095,-0.10811832598850639,0.0,0.0,0.0,0.0,0.0,1.0,0.0
1.0,0,0,0,-1.1482900653523482,1,0,0,1,0,0,0,0,0,-0.5151411223665141,-0.9100498335563465,0.0,0.0,0.0,0.0,0.0,0.0,1.0
0.0,0,0,0,-0.5356941684188642,1,0,0,0,0,0,0,1,1,-0.28316902172918135,-0.5164342104818519,0.0,0.0,0.0,0.0,0.0,1.0,0.0
1.0,0,0,0,-0.82157225365449,1,0,0,0,0,0,0,1,1,0.5095413941178187,-0.5386736377418381,1.0,0.0,0.0,0.0,0.0,0.0,0.0
1.0,0,0,0,-0.658213347805561,1,0,0,0,0,0,0,0,0,-1.4997709020501564,-0.8715978638238305,0.0,1.0,0.0,0.0,1.0,0.0,0.0
1.0,0,1,1,-0.9849311595034191,1,0,0,0,0,0,0,0,0,-1.4864199897832595,-0.9291535015726746,0.0,1.0,0.0,1.0,0.0,0.0,1.0
0.0,0,1,1,0.97537571068373,1,1,0,0,1,0,1,1,1,1.1720804153625743,1.450442975818582,1.0,0.0,1.0,0.0,1.0,0.0,0.0
1.0,0,1,1,1.3429332488438204,1,1,0,0,1,1,1,1,1,1.3156027222317155,1.977339486462174,1.0,0.0,0.0,1.0,0.0,0.0,0.0
1.0,0,0,0,1.424612701768285,1,0,0,0,0,0,0,0,0,-1.4747379415497248,-0.3662958370496855,0.0,1.0,0.0,1.0,0.0,0.0,0.0
0.0,0,1,0,0.40361954021247815,1,1,0,0,1,1,0,0,1,0.6547325650203217,0.5933132097914564,1.0,0.0,0.0,0.0,0.0,1.0,0.0
0.0,0,0,0,-1.270809244739045,1,0,0,0,0,0,0,1,1,0.5762959554523029,-0.9663155845241116,1.0,0.0,0.0,0.0,0.0,1.0,0.0
1.0,0,1,1,-0.7398928007300255,1,1,1,1,0,0,0,1,0,0.15073562694496603,-0.5825965065803106,0.0,0.0,0.0,0.0,0.0,0.0,1.0
0.0,1,0,0,-0.9849311595034191,1,1,0,0,0,0,0,1,0,0.6847721176208398,-0.6933043754805217,1.0,0.0,0.0,0.0,0.0,1.0,0.0
1.0,0,1,0,1.0978948900704268,1,1,0,0,0,0,0,1,0,0.6964541658543744,1.2588280705465413,1.0,0.0,1.0,0.0,0.0,1.0,0.0
0.0,0,0,0,-1.1482900653523482,1,0,0,1,0,0,0,0,0,-0.466744065399013,-0.9354694989145107,0.0,0.0,0.0,0.0,1.0,0.0,0.0
0.0,0,1,1,0.2811003608257813,1,1,0,0,0,1,1,1,1,1.177087007462661,0.6729303593822068,1.0,0.0,0.0,0.0,1.0,0.0,0.0
0.0,0,1,0,1.5879716076172141,1,0,0,0,0,0,0,0,0,-1.5047774941502425,-0.3727230315278215,0.0,1.0,0.0,1.0,0.0,0.0,1.0
1.0,0,1,1,0.8120168048348009,1,0,0,0,0,0,0,0,0,-1.5181284064171394,-0.5336252877538212,0.0,1.0,0.0,1.0,0.0,0.0,1.0
1.0,0,0,0,0.03606200205238767,1,0,0,1,1,0,1,0,1,0.057279241076688234,-0.004037806411771267,0.0,0.0,0.0,0.0,1.0,0.0,0.0
0.0,0,1,0,0.8528565312970331,1,1,0,1,1,1,1,1,1,1.5726077833694798,1.5813442446708605,1.0,0.0,1.0,0.0,0.0,0.0,0.0
0.0,0,1,1,1.5062921546927495,1,1,0,1,1,0,1,1,1,1.3105961301316293,2.309529811444586,1.0,0.0,0.0,0.0,0.0,1.0,0.0
0.0,0,1,1,1.4654524282305172,1,0,0,0,0,0,0,0,1,-1.513121814317053,-0.4278100928508071,0.0,1.0,0.0,1.0,0.0,0.0,0.0
1.0,0,1,1,1.6288113340794463,1,0,0,0,0,0,0,0,1,-1.4981020380167944,-0.3735458903364409,0.0,1.0,0.0,1.0,1.0,0.0,0.0
1.0,0,1,0,-0.0047777244098446,1,0,1,1,0,1,0,1,0,0.1941260918123807,-0.023452826409739204,0.0,0.0,1.0,0.0,0.0,0.0,1.0
0.0,0,1,1,0.40361954021247815,1,0,0,0,0,0,0,0,0,-1.4914265818833459,-0.6320125139519999,0.0,1.0,0.0,1.0,0.0,0.0,1.0
0.0,0,0,0,-0.9849311595034191,1,1,1,0,0,1,1,1,1,1.2905697617312837,-0.6258966714555038,1.0,0.0,0.0,0.0,0.0,0.0,0.0
1.0,0,1,1,0.4852989931369427,0,0,1,1,1,1,0,1,1,-0.3549301751637521,0.053695746755152624,0.0,0.0,0.0,1.0,1.0,0.0,0.0
0.0,0,1,0,0.6078181725236395,1,0,1,0,1,0,1,0,1,0.045597192843153216,0.34114034409047345,0.0,0.0,1.0,0.0,1.0,0.0,0.0
0.0,0,1,1,0.7711770783725685,1,0,1,1,0,1,0,1,1,0.1690931313119491,0.5817931864707835,0.0,0.0,1.0,0.0,1.0,0.0,0.0
0.0,0,0,0,1.4654524282305172,0,0,1,1,1,1,1,1,0,-0.011144184291158467,1.0163960739854327,0.0,0.0,0.0,1.0,1.0,0.0,0.0
0.0,0,1,1,1.2204140694571237,0,0,1,1,0,1,1,0,0,-0.5334986267334972,0.3354025718573972,0.0,0.0,0.0,1.0,0.0,0.0,0.0
0.0,0,0,0,-1.270809244739045,1,0,0,0,0,0,0,0,1,-0.6603322932690173,-0.9827950001237612,0.0,0.0,0.0,0.0,0.0,0.0,0.0
0.0,0,0,0,-1.1891297918145805,1,0,0,0,0,0,0,0,0,-1.4914265818833459,-0.9744774543285265,0.0,1.0,0.0,0.0,0.0,0.0,1.0
1.0,0,0,0,0.8936962577592654,1,0,1,0,1,0,1,0,0,0.8383076086901533,1.0730621346438773,1.0,0.0,0.0,0.0,0.0,0.0,1.0
0.0,0,1,1,-0.9032517065789546,1,1,1,0,0,0,1,1,1,1.1871001916628334,-0.5292218811563439,1.0,0.0,0.0,0.0,0.0,1.0,0.0
1.0,1,0,0,-1.270809244739045,1,0,0,0,0,0,0,0,0,-0.6486502450354825,-0.9826393241329413,0.0,0.0,0.0,0.0,0.0,0.0,0.0
1.0,0,0,0,-1.270809244739045,1,0,0,0,0,0,0,0,1,-0.6853652537694489,-0.983128591532661,0.0,0.0,0.0,0.0,0.0,0.0,1.0
1.0,0,0,0,-0.6173736213433287,0,0,0,0,0,0,0,0,1,-1.302844946113428,-0.8069700882063108,0.0,0.0,0.0,0.0,0.0,0.0,1.0
1.0,0,0,0,-0.4131749890321673,1,1,0,1,0,0,1,1,1,1.2004511039297305,0.07182087997204133,1.0,0.0,0.0,0.0,0.0,1.0,0.0
1.0,0,1,1,1.547131881154982,1,1,1,1,1,1,0,1,0,0.4561377450502311,1.4195301719272013,0.0,0.0,1.0,0.0,0.0,0.0,0.0
1.0,0,1,0,1.424612701768285,1,0,1,1,1,1,1,1,1,1.547574822869048,2.253553173031202,1.0,0.0,0.0,1.0,0.0,1.0,0.0
0.0,0,1,1,1.6288113340794463,1,1,1,0,1,1,0,0,0,0.0722990173769468,1.113893723093212,0.0,0.0,0.0,1.0,0.0,0.0,0.0
0.0,0,0,0,0.7303373519103363,1,0,0,0,0,0,0,0,1,-1.513121814317053,-0.5432994386119152,0.0,1.0,1.0,0.0,0.0,0.0,1.0
0.0,0,0,0,-0.82157225365449,1,1,1,0,1,1,0,0,1,-0.10126284209271202,-0.6852981816669267,0.0,0.0,0.0,0.0,0.0,0.0,1.0
1.0,0,0,1,0.8936962577592654,1,0,1,1,0,1,1,1,1,1.3740129633993892,1.5888611710847356,1.0,0.0,1.0,0.0,0.0,1.0,0.0
0.0,0,1,0,1.5879716076172141,1,1,0,0,0,0,0,0,0,-1.30451381014679,-0.16289403532985228,0.0,1.0,0.0,1.0,1.0,0.0,0.0
1.0,0,0,0,-1.270809244739045,1,0,0,0,0,0,0,0,0,-1.4914265818833459,-0.9938702348992343,0.0,1.0,0.0,0.0,0.0,0.0,1.0
1.0,0,0,0,0.4444592666747104,1,1,0,0,0,0,0,0,0,-1.2761431215796342,-0.5090284812042766,0.0,1.0,0.0,1.0,0.0,0.0,0.0
0.0,0,1,1,0.36277981375024587,1,0,1,1,0,1,1,1,0,0.4594754731169556,0.3878431413364443,0.0,0.0,0.0,1.0,0.0,1.0,0.0
1.0,0,0,0,-1.270809244739045,1,0,0,0,0,1,0,0,1,-0.5134722583331521,-0.9808379305248823,0.0,0.0,0.0,0.0,0.0,1.0,0.0
1.0,0,1,1,1.424612701768285,1,0,0,1,1,1,1,1,0,1.2838943055978358,2.0642734076214593,1.0,0.0,0.0,1.0,0.0,0.0,0.0
1.0,0,0,0,-1.270809244739045,1,0,0,0,0,0,0,0,1,0.17910631551212164,-0.9716085682119882,1.0,0.0,0.0,0.0,0.0,1.0,0.0
1.0,0,1,0,0.24026063436354905,1,0,0,0,0,0,0,0,0,-1.478075669616449,-0.672065722447235,0.0,1.0,0.0,1.0,0.0,0.0,0.0
1.0,0,0,0,-0.33149553610770277,1,0,1,0,0,0,0,0,1,-0.4517242890987542,-0.43534925869194246,0.0,0.0,0.0,0.0,0.0,1.0,0.0
1.0,0,0,0,-0.33149553610770277,1,0,0,1,0,0,0,0,1,-0.5001213460662551,-0.4609023606136665,0.0,0.0,0.0,0.0,0.0,0.0,1.0
1.0,0,1,1,0.4852989931369427,1,0,0,0,1,0,1,1,1,0.9434460427919661,0.831052687200708,1.0,0.0,0.0,0.0,0.0,0.0,0.0
0.0,0,0,1,-0.4540147154943996,0,0,1,1,1,1,1,0,0,-0.38496972776426996,-0.4764921991229168,0.0,0.0,0.0,1.0,0.0,0.0,1.0
0.0,0,1,1,0.11774145497685222,1,1,0,0,0,0,0,0,0,-1.3479042750142047,-0.6373277370671366,0.0,1.0,0.0,1.0,0.0,0.0,0.0
0.0,0,1,1,0.5261387195991749,1,0,0,0,0,0,0,0,1,-1.4914265818833459,-0.6085054393381945,0.0,1.0,0.0,1.0,0.0,0.0,0.0
0.0,0,0,0,0.07690172851461995,1,0,1,1,0,0,0,0,0,-0.323221758529872,-0.16427287981997138,0.0,0.0,1.0,0.0,0.0,0.0,1.0
1.0,0,0,0,-1.229969518276813,1,0,0,0,0,0,0,0,0,-1.496433173983432,-0.9798149168709231,0.0,1.0,0.0,0.0,0.0,0.0,1.0
0.0,1,0,0,-0.4540147154943996,0,0,1,0,0,0,1,0,1,-0.7604641352707436,-0.6290991489809418,0.0,0.0,0.0,0.0,0.0,1.0,0.0
1.0,0,0,0,-0.5356941684188642,1,0,0,1,1,0,0,0,1,0.452800016983507,-0.3396085243377021,1.0,0.0,0.0,0.0,0.0,1.0,0.0
1.0,0,0,0,1.5062921546927495,1,1,0,1,0,1,1,1,1,1.335629090632061,2.2087629665295894,1.0,0.0,1.0,0.0,0.0,0.0,0.0
0.0,0,1,1,1.261253795919356,1,0,0,0,0,0,0,0,0,-1.513121814317053,-0.4406200029525592,0.0,1.0,0.0,1.0,0.0,1.0,0.0
1.0,0,0,1,1.2204140694571237,1,0,0,0,0,0,0,0,0,-1.4914265818833459,-0.4467358454490554,0.0,1.0,0.0,1.0,0.0,0.0,0.0
0.0,0,1,1,0.3219400872880136,1,1,0,1,1,0,1,0,1,1.056928797060589,0.7387590640717657,1.0,0.0,0.0,0.0,1.0,0.0,0.0
0.0,0,1,0,1.3837729753060528,1,1,0,1,1,0,1,1,1,1.352317730965682,2.082665413965468,1.0,0.0,0.0,0.0,0.0,1.0,0.0
0.0,0,0,0,-0.2906558096454705,1,1,0,1,1,1,1,1,0,1.475813669434478,0.2466672570900525,1.0,0.0,0.0,1.0,0.0,1.0,0.0
0.0,0,1,0,1.2204140694571237,1,0,1,0,1,1,1,1,0,0.5445875388184228,1.2149052017080688,0.0,0.0,0.0,1.0,0.0,0.0,1.0
1.0,0,1,1,-0.5356941684188642,1,0,0,1,0,1,1,1,0,1.178755871496023,-0.16271611991177237,1.0,0.0,1.0,0.0,0.0,0.0,0.0
0.0,0,0,0,-0.4131749890321673,1,1,0,0,0,1,1,0,1,0.8449830648236019,-0.11594660438402157,1.0,0.0,0.0,0.0,0.0,1.0,0.0
1.0,0,0,0,-1.270809244739045,1,0,0,0,0,0,0,0,0,-1.4847511257498973,-0.9937812771901945,0.0,1.0,0.0,0.0,0.0,0.0,1.0
1.0,0,0,1,-1.270809244739045,1,0,0,0,0,0,0,0,1,-1.4830822617165353,-0.9937590377629344,0.0,1.0,0.0,0.0,0.0,0.0,1.0
0.0,0,1,1,1.547131881154982,1,0,0,0,0,0,0,0,1,-1.5181284064171394,-0.3794393385603373,0.0,1.0,0.0,1.0,0.0,0.0,1.0
1.0,0,1,1,-0.37233526256993504,1,1,0,0,0,0,0,0,0,-1.3462354109808425,-0.7632473742131781,0.0,1.0,1.0,0.0,0.0,0.0,1.0
1.0,0,0,0,-0.9440914330411869,1,1,1,0,0,0,0,0,1,0.5495941309185094,-0.6538516315213062,1.0,0.0,0.0,0.0,0.0,1.0,0.0
0.0,0,1,1,1.2204140694571237,1,0,0,0,0,0,0,0,0,-1.4814133976831734,-0.4262533329426081,0.0,1.0,0.0,1.0,0.0,0.0,0.0
0.0,0,1,1,1.3429332488438204,1,1,0,1,1,0,1,1,1,1.3623309151658545,2.104371094971214,1.0,0.0,0.0,0.0,0.0,1.0,0.0
0.0,0,1,1,0.5261387195991749,1,1,0,0,0,0,0,0,1,-1.2945006259466174,-0.4616362617132461,0.0,1.0,1.0,0.0,1.0,0.0,0.0
0.0,0,0,0,-0.9440914330411869,1,1,0,0,1,0,1,1,0,1.1220144943617112,-0.5920037843112849,1.0,0.0,0.0,0.0,1.0,0.0,0.0
1.0,0,0,0,0.8120168048348009,1,0,0,0,1,0,0,1,1,0.6380439246867007,0.9237910988748502,1.0,0.0,0.0,0.0,1.0,0.0,0.0
0.0,1,0,0,-1.270809244739045,1,1,0,0,0,0,0,0,1,0.3259663504479871,-0.9696514986131095,1.0,0.0,0.0,0.0,0.0,0.0,1.0
0.0,0,1,1,-0.82157225365449,1,1,0,1,1,0,0,0,1,0.6614080211537702,-0.594939388709603,1.0,0.0,0.0,0.0,0.0,1.0,0.0
0.0,0,0,1,-0.82157225365449,1,1,0,0,0,0,0,0,1,0.39772750388255734,-0.6055698349398764,1.0,0.0,0.0,0.0,0.0,1.0,0.0
0.0,0,1,0,1.0978948900704268,1,0,1,0,1,0,0,0,1,0.5529318589852333,1.060808210223625,1.0,0.0,1.0,0.0,1.0,0.0,0.0
1.0,0,1,0,0.03606200205238767,1,1,1,1,1,0,1,0,1,0.26922497331367545,0.0858317191458326,0.0,0.0,0.0,0.0,0.0,0.0,0.0
1.0,1,1,0,-1.0257708859656514,0,0,1,0,0,0,0,0,0,-1.1643292313443732,-0.9047123710139499,0.0,0.0,0.0,0.0,0.0,0.0,0.0
0.0,0,1,1,1.261253795919356,1,1,1,1,1,0,1,0,1,1.197113375863006,1.7617504786038682,1.0,0.0,0.0,0.0,0.0,1.0,0.0
0.0,0,1,1,0.40361954021247815,1,1,1,1,0,0,1,0,1,0.9935119637928294,0.7424952878514435,1.0,0.0,1.0,0.0,1.0,0.0,0.0
0.0,0,1,1,0.5261387195991749,0,0,0,1,1,1,0,1,0,-0.4567308811988404,0.004457654801543398,0.0,0.0,1.0,0.0,0.0,0.0,0.0
0.0,0,1,0,-1.0666106124278838,1,0,0,0,0,1,0,0,1,-0.5184788504332384,-0.8823172677631439,0.0,0.0,0.0,0.0,0.0,1.0,0.0
0.0,0,1,1,1.4654524282305172,0,0,0,1,1,1,1,1,0,-0.1463221709934889,0.8248701264224321,0.0,0.0,0.0,1.0,1.0,0.0,0.0
0.0,0,1,1,-1.270809244739045,1,0,0,0,0,0,0,0,1,-1.511452950283691,-0.9941371080263541,0.0,1.0,0.0,0.0,0.0,0.0,1.0
1.0,0,0,0,0.7711770783725685,1,0,0,1,1,0,1,1,1,1.1453785908287808,1.2381454031947543,1.0,0.0,0.0,0.0,0.0,1.0,0.0
0.0,0,0,0,-0.33149553610770277,1,1,0,1,1,0,1,1,1,1.317271586265078,0.10682573847925964,1.0,0.0,0.0,0.0,0.0,1.0,0.0
0.0,0,0,0,-1.229969518276813,1,1,0,0,0,1,0,0,1,-0.3449169909635793,-0.9507035065876012,0.0,0.0,0.0,0.0,0.0,0.0,1.0
1.0,0,1,1,-0.12729690379654143,1,1,1,0,0,1,1,0,0,0.14572903484487953,-0.13166987945683173,0.0,0.0,1.0,0.0,0.0,0.0,0.0
0.0,0,0,1,-1.270809244739045,0,0,0,0,0,0,0,0,0,-1.3345533627473078,-0.9917797287367958,0.0,0.0,0.0,0.0,0.0,0.0,1.0
0.0,0,0,0,-0.7398928007300255,1,1,0,0,1,0,0,0,1,0.5262300344514398,-0.525952685349126,1.0,0.0,0.0,0.0,0.0,1.0,0.0
0.0,1,1,1,1.6288113340794463,1,1,1,1,1,1,1,1,1,0.8299632885233428,1.8656086039080033,0.0,0.0,0.0,1.0,1.0,0.0,0.0
1.0,1,1,0,-0.08645717733430915,1,1,0,0,0,1,1,1,1,1.228821792496886,0.29497129309874237,1.0,0.0,0.0,0.0,0.0,1.0,0.0
0.0,1,0,0,-0.9032517065789546,0,0,0,0,0,1,0,0,1,-1.1693358234444595,-0.8731546237320296,0.0,0.0,0.0,0.0,0.0,1.0,0.0
0.0,0,0,0,-1.107450338890116,1,0,0,0,0,0,1,0,0,0.5178857142846293,-0.8318560073102353,1.0,0.0,0.0,0.0,0.0,1.0,0.0
1.0,0,0,0,-0.9440914330411869,1,1,0,0,0,0,0,0,1,0.3860454556490228,-0.6981525706231987,1.0,0.0,0.0,0.0,0.0,1.0,0.0
1.0,1,0,0,-0.9440914330411869,1,1,0,0,0,0,0,1,1,0.6397127887200627,-0.6513163368136679,1.0,0.0,0.0,0.0,0.0,1.0,0.0
1.0,0,0,1,-0.1681366302587737,1,0,0,1,0,1,0,0,1,-0.34324812693021733,-0.3281996981533293,0.0,0.0,1.0,0.0,1.0,0.0,0.0
0.0,0,0,0,-0.82157225365449,1,1,0,1,0,0,0,1,1,0.8166123762564462,-0.532379879827262,1.0,0.0,0.0,0.0,0.0,1.0,0.0
0.0,0,0,0,-1.270809244739045,0,0,0,0,0,0,1,0,1,-0.9657344113742826,-0.9868648153123387,0.0,0.0,0.0,0.0,0.0,1.0,0.0
0.0,0,1,0,-0.2906558096454705,1,1,0,0,1,1,1,1,1,1.3439734107988714,0.13878379545185968,1.0,0.0,0.0,0.0,0.0,0.0,0.0
1.0,0,0,0,-1.1891297918145805,0,0,0,0,1,0,1,0,1,-0.8188743764384173,-0.944609903518365,0.0,0.0,0.0,0.0,0.0,0.0,1.0
0.0,0,0,0,0.6078181725236395,1,0,1,1,0,1,0,0,1,-0.1930503639276278,0.2484464112708514,0.0,0.0,1.0,0.0,0.0,0.0,1.0
0.0,0,1,0,-1.0666106124278838,1,1,0,0,0,0,0,0,0,-0.4784261136325478,-0.862857768910656,0.0,0.0,0.0,0.0,0.0,1.0,0.0
1.0,1,0,0,1.4654524282305172,1,1,0,1,1,0,0,1,1,1.0419090207603305,1.8897828613396084,1.0,0.0,0.0,0.0,0.0,1.0,0.0
0.0,0,0,0,-1.270809244739045,1,0,0,1,0,0,0,0,1,0.36768795128203974,-0.9690955129316099,1.0,0.0,0.0,0.0,0.0,1.0,0.0
1.0,0,1,1,1.6288113340794463,1,1,1,0,1,1,1,1,1,0.6296996045198902,1.707464036662242,0.0,0.0,0.0,1.0,1.0,0.0,0.0
1.0,1,1,0,0.6078181725236395,1,1,0,0,1,0,1,1,1,1.1804247355293849,1.1638212372918808,1.0,0.0,0.0,0.0,0.0,1.0,0.0
1.0,1,1,0,1.3429332488438204,1,1,1,0,0,0,1,1,1,1.2037888319964545,1.9660418574141003,1.0,0.0,1.0,0.0,0.0,1.0,0.0
1.0,0,0,0,1.2204140694571237,1,1,1,1,1,0,0,0,0,0.8683471612906714,1.4820229625277623,1.0,0.0,0.0,0.0,0.0,0.0,0.0
0.0,0,1,1,1.3429332488438204,1,1,0,1,0,1,1,1,1,0.49118388975083566,1.2531570165952448,0.0,0.0,0.0,1.0,0.0,0.0,0.0
0.0,0,0,0,0.7303373519103363,1,1,0,0,0,0,1,1,1,1.035233564626882,1.1009726158551598,1.0,0.0,0.0,0.0,0.0,1.0,0.0
1.0,0,0,1,1.4654524282305172,1,1,1,1,0,1,1,1,1,0.7281625824882545,1.6138138084704403,0.0,0.0,0.0,1.0,0.0,0.0,0.0
0.0,0,0,0,-1.1891297918145805,1,1,0,0,0,1,1,0,1,-0.03617714479158981,-0.9335346687428919,0.0,0.0,0.0,0.0,0.0,1.0,0.0
1.0,0,0,0,-1.270809244739045,1,0,0,0,0,0,0,0,1,0.1891194997122942,-0.9714751316484284,1.0,0.0,0.0,0.0,0.0,1.0,0.0
1.0,1,0,0,-0.7398928007300255,1,1,0,0,0,0,0,0,1,0.34265499078160816,-0.5416314815674163,1.0,0.0,0.0,0.0,0.0,1.0,0.0
1.0,0,0,0,-1.0666106124278838,1,0,0,0,1,0,1,0,0,-0.1262958025931436,-0.8185790692360236,0.0,0.0,0.0,0.0,0.0,0.0,1.0
1.0,0,0,0,0.19942090790131678,1,1,0,1,0,1,1,1,1,1.3289536344986124,0.6776451179613238,1.0,0.0,1.0,0.0,1.0,0.0,0.0
1.0,0,1,1,1.3837729753060528,1,0,1,1,1,1,1,0,1,0.3476615828816942,1.2269589712829814,0.0,0.0,1.0,0.0,0.0,1.0,0.0
0.0,0,0,0,-0.658213347805561,1,1,0,0,1,0,0,1,1,0.01722650427599761,-0.5386958771690981,0.0,0.0,0.0,0.0,1.0,0.0,0.0
0.0,0,1,0,0.5669784460614072,1,1,0,1,1,1,1,1,1,1.475813669434478,1.1563710291597855,1.0,0.0,0.0,1.0,1.0,0.0,0.0
1.0,0,1,1,-0.0047777244098446,1,0,0,0,0,0,0,0,0,-1.52647272658395,-0.729688078477859,0.0,1.0,0.0,1.0,0.0,0.0,1.0
1.0,0,1,1,0.8528565312970331,1,1,1,1,0,0,0,1,0,0.1674242672785871,0.6367468112302094,0.0,0.0,0.0,1.0,0.0,0.0,0.0
0.0,0,1,1,-1.1891297918145805,1,0,0,0,0,0,1,0,1,0.5345743546182503,-0.8962613886551551,1.0,0.0,0.0,0.0,0.0,1.0,0.0
0.0,0,1,0,-0.49485444195663186,1,1,1,0,0,0,0,0,0,0.591315731752562,-0.2945069658544503,1.0,0.0,0.0,0.0,0.0,1.0,0.0
0.0,0,1,1,1.6288113340794463,1,0,1,1,1,0,1,0,1,0.1991326839124672,1.2261361124743617,0.0,0.0,0.0,1.0,1.0,0.0,0.0
0.0,0,0,0,-1.0257708859656514,1,0,0,0,0,0,1,1,1,0.0722990173769468,-0.7990083732472358,0.0,0.0,0.0,0.0,0.0,1.0,0.0
0.0,0,0,0,0.8120168048348009,1,1,1,0,1,1,1,0,0,0.3109465741477281,0.7219682964904762,0.0,0.0,1.0,0.0,1.0,0.0,0.0
0.0,0,0,0,-0.33149553610770277,1,1,1,0,0,1,0,0,1,0.6564014290536837,-0.14074356577890612,1.0,0.0,0.0,0.0,0.0,1.0,0.0
0.0,0,0,0,-0.7807325271922578,1,0,0,1,1,0,0,0,1,0.5495941309185094,-0.5791938742095328,1.0,0.0,0.0,0.0,0.0,1.0,0.0
1.0,0,0,1,-1.270809244739045,1,0,0,0,0,0,0,0,1,-1.509784086250329,-0.9941148685990943,0.0,1.0,0.0,0.0,0.0,0.0,1.0
0.0,1,1,0,0.6078181725236395,1,1,0,0,1,0,1,1,0,1.1687426872958504,1.108734175968895,1.0,0.0,0.0,0.0,0.0,1.0,0.0
1.0,0,0,0,-0.5765338948810964,1,0,0,0,0,0,0,0,0,-1.489757717849984,-0.8299211771386166,0.0,1.0,0.0,1.0,1.0,0.0,0.0
0.0,0,1,1,1.6288113340794463,1,1,1,0,1,1,1,1,1,0.6213552843530796,1.6849577362751358,0.0,0.0,0.0,1.0,0.0,0.0,0.0
1.0,0,1,1,1.424612701768285,1,1,0,1,1,0,1,1,1,1.3589931870991305,2.1060612914429737,1.0,0.0,1.0,0.0,0.0,1.0,0.0
0.0,0,1,1,-0.7807325271922578,1,0,0,0,0,0,0,0,0,-1.5314793186840365,-0.8910128838217984,0.0,1.0,0.0,0.0,0.0,0.0,1.0
1.0,0,1,0,-0.4131749890321673,1,0,1,1,0,1,1,1,1,1.3322913625653365,-0.032882343567973246,1.0,0.0,0.0,0.0,0.0,1.0,0.0
1.0,0,0,1,0.97537571068373,1,1,0,0,0,0,0,0,1,-1.3312156346805837,-0.36929815972978364,0.0,1.0,0.0,1.0,0.0,0.0,1.0
0.0,0,0,0,-0.9440914330411869,1,0,0,0,0,0,0,0,0,-1.4864199897832595,-0.8968396137639147,0.0,1.0,0.0,0.0,0.0,0.0,0.0
1.0,0,1,1,0.7303373519103363,1,0,0,1,1,1,1,1,1,1.2922386257646463,1.3263247322805993,1.0,0.0,1.0,0.0,0.0,0.0,0.0
0.0,0,1,1,0.3219400872880136,1,0,0,0,0,0,0,0,0,-1.4864199897832595,-0.6570096301922244,0.0,1.0,0.0,1.0,0.0,0.0,0.0
1.0,0,0,0,-1.270809244739045,1,0,0,0,0,0,0,0,0,-1.4647247573495523,-0.9935144040630745,0.0,1.0,0.0,0.0,0.0,0.0,1.0
0.0,0,1,1,-1.107450338890116,1,0,1,0,0,0,0,0,1,-0.5101345302664279,-0.8993304296170332,0.0,0.0,0.0,0.0,0.0,0.0,1.0
0.0,0,1,0,-0.5356941684188642,1,0,0,1,0,0,0,1,1,-0.16301081132710996,-0.49977687946412236,0.0,0.0,0.0,0.0,0.0,0.0,1.0
1.0,1,0,0,-0.2906558096454705,1,1,0,1,0,0,1,0,1,0.8099369201229977,0.016333508958375913,1.0,0.0,0.0,0.0,0.0,1.0,0.0
0.0,0,1,1,-1.1482900653523482,1,0,0,0,0,0,0,0,0,-1.479744533649811,-0.96880640037723,0.0,1.0,0.0,0.0,0.0,0.0,1.0
1.0,0,0,0,-0.49485444195663186,1,1,1,0,0,1,0,0,0,-0.18303717972745503,-0.47293389076131903,0.0,0.0,0.0,0.0,0.0,0.0,0.0
1.0,0,0,0,-0.24981608318323825,1,0,0,0,0,0,0,0,0,-1.511452950283691,-0.7690073858735145,0.0,1.0,1.0,0.0,0.0,0.0,1.0
0.0,0,1,0,1.261253795919356,1,1,1,1,0,0,1,1,1,0.5011970739510082,1.126058689804424,0.0,0.0,1.0,0.0,1.0,0.0,0.0
1.0,0,0,1,-1.107450338890116,1,0,0,0,0,0,0,0,0,-1.4764068055830868,-0.9552181103213784,0.0,1.0,0.0,1.0,0.0,0.0,1.0
0.0,0,0,0,1.261253795919356,1,1,1,1,1,0,1,0,0,1.1120013101615387,1.763129323093987,1.0,0.0,0.0,1.0,1.0,0.0,0.0
1.0,0,0,0,0.19942090790131678,0,0,0,0,0,0,1,0,0,-0.9640655473409205,-0.41702397062971386,0.0,0.0,0.0,1.0,1.0,0.0,0.0
1.0,0,0,0,-1.0666106124278838,1,0,1,1,0,0,0,0,1,-0.2998576620628024,-0.8534727306069418,0.0,0.0,0.0,0.0,0.0,0.0,0.0
1.0,1,0,0,-1.1891297918145805,1,1,0,0,0,0,0,0,1,0.4110784161494544,-0.8970175291819947,1.0,0.0,0.0,0.0,0.0,1.0,0.0
0.0,1,0,0,-1.270809244739045,1,1,0,0,0,0,0,1,1,0.6797655255207533,-0.9649367400339923,1.0,0.0,0.0,0.0,0.0,1.0,0.0
0.0,1,1,1,-0.33149553610770277,1,0,0,0,1,0,1,1,1,1.0636042531940375,0.003990626829083608,1.0,0.0,0.0,1.0,0.0,1.0,0.0
0.0,0,1,0,0.6486578989858718,0,0,1,0,1,0,0,1,1,-0.6469813810021205,-0.04869457634982347,0.0,0.0,0.0,0.0,0.0,0.0,0.0
0.0,0,0,0,-0.49485444195663186,1,0,0,0,0,0,0,0,1,-1.508115222216967,-0.8190683366357433,0.0,1.0,0.0,0.0,0.0,0.0,0.0
1.0,1,1,0,-0.20897635672100598,1,1,0,1,1,0,0,1,1,1.0302269725267954,0.1137422003571152,1.0,0.0,0.0,0.0,0.0,1.0,0.0
0.0,1,0,0,1.6288113340794463,1,1,1,1,0,1,1,1,1,1.515866406235168,2.4428774172954637,1.0,0.0,0.0,1.0,0.0,0.0,0.0
1.0,0,1,0,1.261253795919356,1,1,0,1,0,1,0,1,0,0.08564992964384384,0.8805354128541771,0.0,0.0,0.0,1.0,0.0,0.0,1.0
1.0,0,0,0,-0.24981608318323825,1,1,1,1,0,0,0,0,1,0.733169174588341,-0.020339306593341145,1.0,0.0,0.0,0.0,1.0,0.0,0.0
1.0,0,1,1,0.7711770783725685,1,0,0,0,0,0,0,0,0,-1.511452950283691,-0.5589782348302054,0.0,1.0,1.0,0.0,0.0,0.0,1.0
1.0,0,1,1,-1.270809244739045,1,0,0,0,0,0,0,0,0,-0.6720143415025521,-0.9829506761145811,0.0,0.0,0.0,0.0,0.0,1.0,0.0
0.0,0,0,1,-0.9849311595034191,1,0,0,0,0,0,0,0,0,-1.4930954459167078,-0.9267516434285962,0.0,1.0,0.0,0.0,0.0,0.0,1.0
0.0,1,1,1,-0.82157225365449,0,0,0,0,0,1,0,0,1,-1.1810178716779942,-0.8444657625666474,0.0,0.0,0.0,0.0,0.0,0.0,1.0
1.0,0,1,0,-0.9440914330411869,1,1,1,0,0,0,0,1,1,0.7798973675224796,-0.646356944534691,1.0,0.0,0.0,0.0,0.0,1.0,0.0
1.0,0,1,0,-1.1891297918145805,1,0,0,0,0,0,0,0,0,-1.4914265818833459,-0.9806822545340625,0.0,1.0,0.0,0.0,0.0,0.0,0.0
0.0,0,1,0,1.0162154371459622,1,0,0,0,0,0,0,0,1,-1.5047774941502425,-0.49826459841044324,0.0,1.0,0.0,1.0,0.0,0.0,0.0
0.0,0,0,0,0.5261387195991749,1,1,1,0,0,1,0,1,0,0.29592679784746906,0.4868753109251627,0.0,0.0,0.0,1.0,0.0,0.0,1.0
1.0,1,0,0,-0.7807325271922578,1,1,0,1,1,0,1,1,1,1.4090591080999937,-0.39594099358724705,1.0,0.0,0.0,0.0,0.0,1.0,0.0
0.0,0,0,0,-1.229969518276813,1,1,0,0,0,0,0,0,1,0.3743634074154883,-0.9390055678488486,1.0,0.0,0.0,0.0,0.0,1.0,0.0
0.0,0,0,0,-1.0257708859656514,1,0,1,0,0,0,0,1,1,-0.1863749077941793,-0.8385278354882312,0.0,0.0,1.0,0.0,0.0,1.0,0.0
0.0,0,1,0,0.24026063436354905,1,1,0,0,1,1,1,1,1,1.3456422748322334,0.7881305925889349,1.0,0.0,0.0,0.0,0.0,1.0,0.0
0.0,1,1,0,1.2204140694571237,1,0,1,0,1,1,1,1,1,0.5095413941178187,1.141003584923135,0.0,0.0,0.0,1.0,1.0,0.0,0.0
1.0,0,1,1,-0.4540147154943996,1,1,0,1,1,0,1,1,0,1.3256159064318884,-0.04293456468948714,1.0,0.0,0.0,0.0,0.0,1.0,0.0
0.0,0,0,0,-0.6990530742677933,1,0,0,1,1,0,1,1,1,1.2204774723300755,-0.3545978983109328,1.0,0.0,0.0,0.0,0.0,1.0,0.0
1.0,1,1,1,-0.8624119801167224,1,1,0,0,0,0,0,0,1,0.3509993109484187,-0.6579214467098837,1.0,0.0,0.0,0.0,1.0,0.0,0.0
1.0,0,0,0,-1.270809244739045,1,0,0,0,0,0,0,0,0,-1.4764068055830868,-0.9936700800538946,0.0,1.0,0.0,0.0,0.0,0.0,1.0
0.0,0,0,0,-1.0257708859656514,1,1,0,0,0,0,0,0,1,0.3409861267482462,-0.7620686845683988,1.0,0.0,0.0,0.0,0.0,1.0,0.0
1.0,0,0,0,-0.6173736213433287,1,0,0,0,0,0,0,0,1,-1.4880888538166215,-0.8784476074199062,0.0,1.0,1.0,0.0,0.0,0.0,1.0
0.0,1,0,0,0.6078181725236395,1,1,0,1,0,1,1,0,1,1.0135383321931744,1.0008062354761824,1.0,0.0,0.0,0.0,0.0,1.0,0.0
1.0,0,1,1,0.07690172851461995,0,0,0,0,0,1,1,0,1,-0.8055234641715205,-0.4130431131501764,0.0,0.0,0.0,1.0,0.0,1.0,0.0
0.0,0,0,0,-0.04561745087207687,1,0,0,1,1,1,1,1,0,0.48450843361738716,0.1079599492695188,0.0,0.0,0.0,1.0,0.0,0.0,1.0
1.0,0,0,0,1.4654524282305172,1,1,1,1,1,0,0,1,0,0.40273409598264387,1.3249236483632203,0.0,0.0,1.0,0.0,1.0,0.0,0.0
0.0,0,1,0,-0.6990530742677933,1,0,0,1,0,0,0,0,0,0.3560059030485047,-0.5070269327508778,1.0,0.0,0.0,0.0,0.0,0.0,0.0
1.0,0,0,0,-0.49485444195663186,1,0,0,1,0,0,0,0,1,-0.4300290566650468,-0.5473692538004927,0.0,0.0,0.0,0.0,0.0,0.0,1.0
0.0,1,0,0,-1.229969518276813,1,0,1,1,0,0,0,0,0,-0.32822835062995825,-0.9564190393934178,0.0,0.0,0.0,0.0,0.0,0.0,1.0
0.0,1,1,0,-1.270809244739045,1,0,0,0,0,0,0,0,1,0.1624176751785006,-0.971830962484588,1.0,0.0,0.0,0.0,0.0,1.0,0.0
1.0,0,1,0,1.5879716076172141,1,1,0,1,0,1,1,1,1,1.317271586265078,2.2732350661562895,1.0,0.0,0.0,1.0,1.0,0.0,0.0
0.0,0,1,1,0.36277981375024587,1,0,0,1,0,1,0,1,1,0.06061696914341226,0.21088401862873468,0.0,0.0,1.0,0.0,0.0,0.0,0.0
1.0,1,0,0,-1.270809244739045,1,1,0,0,0,0,1,1,1,0.9634724111923112,-0.9611560373997946,1.0,0.0,0.0,0.0,0.0,1.0,0.0
1.0,0,0,0,-1.1482900653523482,1,0,0,0,1,1,0,1,1,0.8583339770904989,-0.8441321711577476,1.0,0.0,0.0,0.0,0.0,1.0,0.0
0.0,0,0,0,0.8528565312970331,1,0,0,0,0,0,0,0,0,-1.5348170467507605,-0.5554421658958676,0.0,1.0,0.0,1.0,0.0,0.0,1.0
0.0,0,1,0,-0.2906558096454705,1,1,0,0,0,0,0,0,1,-1.2644610733460995,-0.6764913684719722,0.0,1.0,1.0,0.0,0.0,0.0,1.0
1.0,0,0,0,-1.270809244739045,1,1,1,0,0,0,0,0,1,0.5679516352854924,-0.9664267816604115,1.0,0.0,0.0,0.0,0.0,1.0,0.0
0.0,0,1,1,1.6288113340794463,1,1,1,1,1,0,1,1,0,1.5025154939682714,2.6130535146888776,1.0,0.0,0.0,1.0,1.0,0.0,0.0
1.0,0,1,1,-0.5765338948810964,1,0,1,0,1,0,1,0,1,0.7748907754223936,-0.33536079373104477,1.0,0.0,0.0,0.0,0.0,0.0,1.0
1.0,1,0,0,-0.9849311595034191,1,0,0,0,0,0,0,0,1,0.17576858744539764,-0.7524834914193448,1.0,0.0,0.0,0.0,1.0,0.0,0.0
0.0,0,1,0,1.0162154371459622,0,0,1,0,1,1,0,1,1,-0.4934458899328068,0.23481364236047986,0.0,0.0,0.0,0.0,0.0,0.0,0.0
0.0,0,1,1,0.36277981375024587,1,1,1,1,0,0,1,0,1,0.9885053716927428,0.7290626737864117,1.0,0.0,0.0,0.0,0.0,0.0,0.0
0.0,1,1,0,-0.7807325271922578,0,0,0,0,0,0,1,1,0,-0.6469813810021205,-0.7677174990924353,0.0,0.0,0.0,0.0,0.0,1.0,0.0
1.0,1,0,0,-1.107450338890116,1,0,0,0,0,0,1,1,1,0.8282944244899808,-0.7902905177613212,1.0,0.0,0.0,0.0,0.0,1.0,0.0
1.0,0,0,0,-1.107450338890116,1,0,1,0,0,1,0,0,1,-0.2981887980294404,-0.8840297036621628,0.0,0.0,0.0,0.0,0.0,0.0,1.0
1.0,0,0,1,-0.6990530742677933,1,1,0,0,0,0,0,0,1,-1.3312156346805837,-0.8585877988767386,0.0,1.0,0.0,0.0,0.0,1.0,0.0
1.0,0,0,0,-1.1891297918145805,1,0,0,0,0,0,0,0,0,-1.4513738450826552,-0.9796147620255832,0.0,1.0,1.0,0.0,0.0,0.0,1.0
0.0,0,1,1,-0.49485444195663186,1,0,0,0,0,0,0,0,0,-1.5014397660835184,-0.8268076573222185,0.0,1.0,1.0,0.0,0.0,0.0,0.0
0.0,0,1,0,1.0570551636081944,1,1,1,0,0,1,0,0,1,-0.12128921049305733,0.5445421458103068,0.0,0.0,1.0,0.0,0.0,0.0,0.0
0.0,0,1,1,-1.0666106124278838,1,0,0,0,0,0,0,0,0,-1.496433173983432,-0.9497027323609017,0.0,1.0,0.0,0.0,0.0,0.0,1.0
0.0,0,0,0,1.6288113340794463,1,0,0,0,0,0,0,0,1,-1.4530427091160174,-0.37143314474674227,0.0,1.0,0.0,1.0,0.0,0.0,0.0
0.0,0,0,0,1.424612701768285,1,0,1,1,0,1,0,0,0,-0.1396467148600404,0.7185656641196982,0.0,0.0,1.0,0.0,1.0,0.0,0.0
1.0,0,1,1,1.5062921546927495,1,1,1,1,1,1,1,1,1,1.657719849070947,2.4068940239888064,1.0,0.0,0.0,1.0,0.0,0.0,0.0
0.0,0,1,1,-0.9032517065789546,1,1,0,1,1,0,1,1,1,1.248848160897231,-0.5273537692665051,1.0,0.0,0.0,0.0,1.0,0.0,0.0
1.0,0,0,1,-0.7807325271922578,1,0,0,0,0,0,1,1,0,0.057279241076688234,-0.6328131333333594,0.0,0.0,0.0,0.0,1.0,0.0,0.0
1.0,0,1,1,0.2811003608257813,1,0,1,0,1,1,1,1,0,0.5112102581511807,0.41297369414022866,0.0,0.0,1.0,0.0,1.0,0.0,0.0
0.0,0,0,0,-0.82157225365449,1,0,0,0,0,0,0,0,0,-1.509784086250329,-0.893236826547797,0.0,1.0,0.0,0.0,0.0,0.0,1.0
0.0,0,1,1,1.5879716076172141,1,1,1,1,1,0,1,0,0,1.195444511829644,2.1243865795052015,1.0,0.0,0.0,1.0,0.0,0.0,0.0
0.0,1,0,0,-0.5765338948810964,1,0,0,0,1,0,0,1,1,0.6764277974540293,-0.360647022525649,1.0,0.0,0.0,0.0,0.0,1.0,0.0
0.0,0,1,0,-1.270809244739045,1,0,1,1,0,0,0,0,1,-0.37161881549737313,-0.9789475792077835,0.0,0.0,0.0,0.0,0.0,0.0,1.0
0.0,0,0,0,-0.49485444195663186,1,0,0,0,0,0,0,0,1,-1.513121814317053,-0.809838974322849,0.0,1.0,1.0,0.0,1.0,0.0,0.0
0.0,0,0,0,-1.0257708859656514,1,0,0,0,0,0,0,0,0,-1.4914265818833459,-0.9415631019837469,0.0,1.0,0.0,0.0,0.0,0.0,0.0
1.0,0,0,0,-0.8624119801167224,1,0,0,1,0,0,0,0,0,0.34265499078160816,-0.6400409471928549,1.0,0.0,0.0,0.0,0.0,1.0,0.0
1.0,0,0,0,0.40361954021247815,1,1,0,0,1,0,0,0,0,0.5078725300844568,0.47099635986153265,1.0,0.0,0.0,0.0,0.0,1.0,0.0
1.0,0,1,1,-1.270809244739045,1,0,0,0,0,0,1,1,1,0.8483207928903258,-0.9626905578807338,1.0,0.0,0.0,0.0,0.0,1.0,0.0
1.0,0,0,1,-1.0666106124278838,1,0,0,0,1,0,1,1,0,0.9951808278261913,-0.7468124374680483,1.0,0.0,0.0,0.0,0.0,0.0,1.0
1.0,0,0,0,-0.49485444195663186,1,1,0,0,0,1,1,1,1,1.1303588145285217,-0.09897792138465211,1.0,0.0,0.0,0.0,0.0,0.0,1.0
0.0,0,0,0,-0.12729690379654143,1,1,0,0,0,0,0,0,1,0.3777011354822123,-0.01744818104954295,1.0,0.0,0.0,0.0,1.0,0.0,0.0
0.0,1,0,0,-1.270809244739045,1,0,0,0,0,0,0,0,0,-0.6536568371355689,-0.9827060424147214,0.0,0.0,0.0,0.0,0.0,0.0,1.0
0.0,0,0,0,-1.229969518276813,1,0,0,0,0,0,0,0,1,-0.6436436529353963,-0.9667603730693113,0.0,0.0,0.0,0.0,0.0,1.0,0.0
0.0,1,0,0,-1.229969518276813,1,1,0,1,0,0,0,0,1,-0.2714869734956468,-0.9501697603333615,0.0,0.0,0.0,0.0,1.0,0.0,0.0
0.0,0,0,0,-0.1681366302587737,1,0,1,0,0,1,0,0,0,-0.34658585499694156,-0.3149894783608975,0.0,0.0,1.0,0.0,0.0,0.0,1.0
0.0,1,1,0,0.9345359842214976,1,1,0,0,0,0,0,0,0,-0.4350356487651331,0.2597885191734443,0.0,0.0,0.0,0.0,0.0,0.0,0.0
1.0,1,0,0,1.424612701768285,1,1,0,0,0,0,0,0,0,-1.321202450480411,-0.25901283994751234,0.0,1.0,0.0,1.0,1.0,0.0,0.0
0.0,0,0,1,-1.270809244739045,1,1,0,0,0,0,0,0,0,-1.3111892662802385,-0.9914683767551558,0.0,1.0,0.0,0.0,0.0,0.0,1.0
1.0,0,0,0,-0.82157225365449,0,0,1,1,0,1,1,0,1,-0.45839974523220245,-0.7333353445484967,0.0,0.0,0.0,0.0,0.0,0.0,0.0
0.0,0,0,0,-0.9440914330411869,1,0,1,0,0,0,0,0,1,0.3192908943145386,-0.7182570128662261,1.0,0.0,0.0,0.0,1.0,0.0,0.0
1.0,0,1,0,1.0978948900704268,1,1,1,1,1,1,1,1,0,1.6376934806706018,1.9156028363884519,1.0,0.0,0.0,1.0,0.0,1.0,0.0
1.0,0,0,0,-1.0257708859656514,1,0,0,0,1,0,0,0,1,0.3409861267482462,-0.7845749849555048,1.0,0.0,0.0,0.0,0.0,1.0,0.0
1.0,1,0,0,0.19942090790131678,0,0,0,1,1,0,0,0,0,-0.9356948587737648,-0.4178690688655934,0.0,0.0,0.0,0.0,0.0,1.0,0.0
0.0,0,0,0,-0.7807325271922578,1,0,0,0,0,0,0,1,1,0.5278988984848018,-0.5527289557701494,1.0,0.0,0.0,0.0,0.0,1.0,0.0
0.0,0,1,0,1.1795743429948913,1,1,0,1,0,1,0,1,1,0.9901742357261049,1.53386306747079,1.0,0.0,0.0,1.0,0.0,0.0,0.0
0.0,0,0,0,0.6486578989858718,1,1,0,0,0,0,0,0,0,-1.3228713145137732,-0.4816962251017536,0.0,1.0,1.0,0.0,1.0,0.0,0.0
0.0,0,0,0,0.1585811814390845,0,0,1,0,0,0,0,0,0,-1.1226076305103205,-0.5017784279175211,0.0,0.0,0.0,1.0,0.0,0.0,0.0
0.0,0,0,0,-0.9440914330411869,1,1,0,0,0,0,1,1,1,1.0035251479930019,-0.6069486794299954,1.0,0.0,0.0,0.0,0.0,1.0,0.0
1.0,0,1,0,-1.270809244739045,0,0,0,0,1,0,1,1,1,-0.4784261136325478,-0.9803709025524228,0.0,0.0,0.0,0.0,0.0,1.0,0.0
1.0,0,1,0,1.6288113340794463,1,1,0,0,0,0,0,0,0,-1.3312156346805837,-0.16909883553538843,0.0,1.0,0.0,1.0,1.0,0.0,0.0
1.0,1,1,0,1.5062921546927495,1,1,1,0,1,1,1,1,1,1.530886182535427,2.3821193020211813,1.0,0.0,1.0,0.0,0.0,0.0,1.0
0.0,0,1,1,-0.9032517065789546,1,1,1,1,0,0,1,0,0,0.18745063567893216,-0.7020222309664362,0.0,0.0,1.0,0.0,0.0,1.0,0.0
1.0,0,1,0,1.1795743429948913,1,1,0,1,1,0,1,1,1,1.3639997791992164,1.7911510014415697,1.0,0.0,0.0,0.0,0.0,1.0,0.0
1.0,1,0,0,-0.9849311595034191,1,0,1,0,0,1,1,1,0,1.1887690556961954,-0.6325462602062396,1.0,0.0,0.0,0.0,1.0,0.0,0.0
0.0,0,1,1,1.424612701768285,1,1,1,0,0,0,1,1,1,0.36101249514859124,1.3232334518914612,0.0,0.0,0.0,1.0,0.0,1.0,0.0
1.0,1,0,0,-1.1891297918145805,1,1,0,0,0,0,0,0,1,0.3793699995155743,-0.899664021025933,1.0,0.0,0.0,0.0,0.0,1.0,0.0
0.0,0,0,0,-1.1891297918145805,1,0,0,0,0,0,0,0,0,-1.4847511257498973,-0.9734322012473071,0.0,1.0,0.0,0.0,0.0,1.0,0.0
0.0,0,0,0,-1.229969518276813,0,0,1,1,0,0,0,1,1,-0.7371000388036741,-0.9705633151307688,0.0,0.0,0.0,0.0,0.0,1.0,0.0
0.0,1,1,1,-0.12729690379654143,0,0,0,1,1,0,0,0,1,-0.9690721394410069,-0.5467910286917329,0.0,0.0,0.0,0.0,0.0,0.0,1.0
0.0,0,1,0,1.3020935223815882,1,1,0,1,0,1,1,1,1,1.3589931870991305,2.0194609616925874,1.0,0.0,0.0,1.0,0.0,0.0,0.0
1.0,0,0,0,-1.1482900653523482,1,1,0,0,0,0,0,0,1,0.3793699995155743,-0.8609229387390371,1.0,0.0,0.0,0.0,0.0,1.0,0.0
1.0,0,0,0,-1.107450338890116,1,0,0,1,0,0,0,0,1,-0.4450488329653057,-0.8860979703973415,0.0,0.0,0.0,0.0,0.0,1.0,0.0
1.0,0,1,1,-0.658213347805561,1,0,0,0,0,0,0,0,0,-1.4864199897832595,-0.8509374358993035,0.0,1.0,0.0,0.0,0.0,1.0,0.0
0.0,1,1,0,1.6288113340794463,1,1,1,1,1,1,1,1,1,1.66773303327112,2.7040794904640006,1.0,0.0,0.0,1.0,0.0,0.0,0.0
0.0,0,1,1,0.11774145497685222,0,0,0,0,0,1,1,0,0,-0.7938414159379857,-0.38735657466489243,0.0,0.0,1.0,0.0,0.0,0.0,1.0
0.0,0,1,1,0.36277981375024587,1,1,1,1,1,0,0,1,1,1.23215952056361,0.7454976105315416,1.0,0.0,1.0,0.0,0.0,0.0,0.0
1.0,0,1,1,-0.9440914330411869,1,0,0,0,1,1,1,1,0,1.2822254415644732,-0.5711209621141579,1.0,0.0,0.0,0.0,0.0,1.0,0.0
0.0,0,0,0,-0.7807325271922578,0,0,0,0,1,0,1,1,0,-0.5184788504332384,-0.7139203245505288,0.0,0.0,0.0,0.0,0.0,1.0,0.0
0.0,0,0,0,-1.270809244739045,1,0,0,0,0,0,0,0,0,-1.506446358183605,-0.9940703897445741,0.0,1.0,0.0,0.0,1.0,0.0,0.0
0.0,0,1,1,-1.270809244739045,1,0,0,0,0,0,0,0,0,-1.5164595423837774,-0.9942038263081341,0.0,1.0,0.0,0.0,0.0,1.0,0.0
0.0,0,1,1,1.6288113340794463,1,1,1,1,1,1,0,0,1,0.1924572277790187,1.294878182134979,0.0,0.0,0.0,1.0,0.0,0.0,0.0
1.0,0,1,0,-0.33149553610770277,1,1,1,0,0,1,0,0,1,-0.2114078682946109,-0.40368031427372214,0.0,0.0,1.0,0.0,0.0,1.0,0.0
0.0,0,0,0,0.9345359842214976,1,0,0,1,1,0,0,1,1,0.0022067279757385667,0.6060786410386884,0.0,0.0,0.0,1.0,0.0,0.0,1.0
1.0,1,1,0,0.8120168048348009,1,1,0,1,1,0,1,1,1,1.3489800028989576,1.3885951286085605,1.0,0.0,1.0,0.0,0.0,0.0,0.0
1.0,0,1,0,1.547131881154982,1,1,1,1,1,0,1,0,1,1.1570606390623153,2.0860680463362455,1.0,0.0,0.0,1.0,1.0,0.0,0.0
1.0,0,1,1,0.36277981375024587,1,1,0,0,1,1,1,1,1,1.265536801230852,0.8712838111140232,1.0,0.0,1.0,0.0,0.0,1.0,0.0
1.0,0,0,0,1.3020935223815882,1,1,1,0,1,1,0,1,0,1.1537229109955913,1.9103543315550955,1.0,0.0,0.0,1.0,1.0,0.0,0.0
0.0,0,0,0,-1.1891297918145805,1,0,0,0,0,0,0,0,0,-0.6703454774691899,-0.9481904513072229,0.0,0.0,0.0,0.0,0.0,1.0,0.0
1.0,0,1,0,1.1795743429948913,1,0,1,1,0,1,1,1,1,0.5462564028517849,1.1089343308142348,0.0,0.0,0.0,1.0,0.0,0.0,1.0
1.0,0,0,1,-1.270809244739045,1,1,0,0,0,0,0,0,1,0.3226286223812626,-0.9696959774676295,1.0,0.0,0.0,0.0,0.0,1.0,0.0
0.0,0,0,0,-1.107450338890116,1,0,0,1,0,1,0,1,1,0.8232878323898942,-0.7974071344845167,1.0,0.0,0.0,0.0,0.0,1.0,0.0
1.0,1,0,0,-1.229969518276813,1,1,0,0,0,0,0,0,1,0.2642183812135889,-0.9341351332789115,1.0,0.0,0.0,0.0,0.0,0.0,1.0
1.0,0,1,0,1.2204140694571237,1,1,0,0,0,0,0,0,1,-1.366261779381188,-0.3592459386082699,0.0,1.0,1.0,0.0,1.0,0.0,0.0
0.0,1,0,0,-0.658213347805561,1,1,0,0,0,0,1,1,1,1.050253340927141,-0.3225953624838127,1.0,0.0,0.0,0.0,0.0,1.0,0.0
0.0,0,1,1,1.547131881154982,1,1,1,1,1,0,1,1,1,1.4507807089340463,2.5246517913304327,1.0,0.0,1.0,0.0,1.0,0.0,0.0
1.0,0,1,1,0.9345359842214976,1,0,1,1,0,1,0,0,0,-0.23810969282840472,0.35223781829320666,0.0,0.0,0.0,1.0,0.0,0.0,0.0
1.0,0,0,0,-0.7807325271922578,1,0,0,0,0,0,1,1,1,0.8816980735575679,-0.49761965501990363,1.0,0.0,0.0,0.0,0.0,1.0,0.0
0.0,0,1,1,1.5879716076172141,1,0,1,1,1,1,0,0,0,-0.021157368491331003,0.9956244489246054,0.0,0.0,0.0,1.0,1.0,0.0,0.0
0.0,0,1,0,0.5261387195991749,1,0,0,0,1,0,0,0,1,-0.481763841699272,-0.014646013214784613,0.0,0.0,0.0,0.0,1.0,0.0,0.0
1.0,0,0,1,1.3837729753060528,1,0,0,1,1,1,1,1,1,0.49452161781755966,1.3083997539090508,0.0,0.0,0.0,1.0,1.0,0.0,0.0
1.0,0,1,0,1.5062921546927495,1,1,1,1,1,1,0,1,1,1.4190722923001662,2.2517962582776625,1.0,0.0,1.0,0.0,1.0,0.0,0.0
1.0,0,0,0,-0.82157225365449,0,0,0,1,0,1,0,0,0,-1.0241446525419562,-0.8059693139796115,0.0,0.0,0.0,0.0,0.0,0.0,1.0
1.0,0,0,0,-0.9849311595034191,0,0,0,0,0,0,0,0,1,-1.3161958583803248,-0.9199018998325204,0.0,0.0,0.0,0.0,1.0,0.0,0.0
1.0,0,1,0,1.424612701768285,1,1,0,1,1,0,1,1,0,1.3156027222317155,2.1289234226662392,1.0,0.0,1.0,0.0,0.0,1.0,0.0
0.0,0,0,0,-1.270809244739045,1,0,0,0,0,0,1,0,1,0.5195545783179912,-0.9670717250509511,1.0,0.0,0.0,0.0,0.0,1.0,0.0
1.0,0,0,1,0.2811003608257813,1,0,0,0,0,0,0,0,0,-1.513121814317053,-0.6561867713836048,0.0,1.0,1.0,0.0,0.0,0.0,0.0
0.0,0,1,0,0.6486578989858718,1,1,0,0,1,1,0,1,1,0.1624176751785006,0.5253495200849386,0.0,0.0,1.0,0.0,0.0,0.0,1.0
1.0,0,1,1,-0.33149553610770277,1,0,1,0,1,0,0,0,1,-0.2815001576958194,-0.355932263946532,0.0,0.0,1.0,0.0,1.0,0.0,0.0
1.0,0,0,0,-1.1891297918145805,1,1,0,0,0,1,1,0,1,0.01889536830935962,-0.909404890165807,0.0,0.0,0.0,0.0,0.0,0.0,1.0
1.0,1,0,0,-0.7807325271922578,1,0,0,0,0,0,1,1,1,0.8616717051572229,-0.46850824473658176,1.0,0.0,0.0,0.0,0.0,1.0,0.0
0.0,0,1,1,-1.0666106124278838,1,1,0,0,0,1,0,0,1,0.5278988984848018,-0.7791040858495483,1.0,0.0,0.0,0.0,0.0,1.0,0.0
0.0,0,0,0,-1.229969518276813,1,0,0,0,0,0,0,0,0,-0.63863706083531,-0.9652258525883721,0.0,0.0,0.0,0.0,0.0,1.0,0.0
0.0,0,0,0,0.07690172851461995,1,1,1,1,0,1,0,0,1,-0.009475320257795981,-0.07371393201730787,0.0,0.0,1.0,0.0,0.0,0.0,1.0
1.0,0,0,1,-0.82157225365449,1,1,0,0,0,0,0,0,1,0.30260225398091756,-0.6151772675161903,1.0,0.0,0.0,0.0,1.0,0.0,0.0
0.0,0,0,0,0.19942090790131678,1,0,0,1,1,0,0,0,0,0.5128791221845428,0.34009509100925417,1.0,0.0,1.0,0.0,0.0,1.0,0.0
1.0,0,1,1,-0.2906558096454705,1,0,0,1,0,0,0,0,1,0.36101249514859124,-0.15720074195129585,1.0,0.0,0.0,0.0,0.0,1.0,0.0
1.0,0,1,1,-1.0257708859656514,1,0,1,0,0,0,0,0,1,-0.49845248203289305,-0.8554075607785606,0.0,0.0,1.0,0.0,0.0,1.0,0.0
0.0,0,0,0,-1.1891297918145805,1,0,0,0,0,0,0,0,1,0.18578177164557017,-0.9005980769708525,1.0,0.0,0.0,0.0,0.0,1.0,0.0
0.0,0,1,1,1.424612701768285,1,0,0,0,0,0,0,0,1,-1.5164595423837774,-0.39211581209852936,0.0,1.0,0.0,1.0,0.0,0.0,0.0
1.0,0,0,1,0.8120168048348009,1,0,0,0,0,0,0,0,0,-1.5031086301168806,-0.5898243204398061,0.0,1.0,1.0,0.0,1.0,0.0,0.0
1.0,1,1,0,-1.0257708859656514,1,1,1,1,0,1,0,0,0,-0.016150776391244497,-0.7914914468333605,0.0,0.0,0.0,0.0,0.0,1.0,0.0
1.0,0,1,0,1.3837729753060528,1,1,1,1,1,1,1,1,0,0.9017244419579135,1.6997247159757665,0.0,0.0,0.0,1.0,0.0,0.0,0.0
0.0,0,0,0,1.3837729753060528,0,0,1,1,1,1,0,0,1,-0.5768890916009121,0.41043839943259036,0.0,0.0,0.0,1.0,0.0,0.0,1.0
0.0,0,0,0,-0.9032517065789546,1,0,0,0,0,0,0,0,1,-1.49476430995007,-0.9140529304631442,0.0,1.0,0.0,0.0,0.0,0.0,1.0
1.0,0,1,1,-0.6173736213433287,1,1,0,1,1,1,0,0,1,0.06729242527686077,-0.5237065031958674,0.0,0.0,0.0,0.0,0.0,0.0,1.0
1.0,0,0,0,-1.1482900653523482,1,0,0,0,0,0,0,0,0,-1.5014397660835184,-0.9503699151787014,0.0,1.0,1.0,0.0,0.0,0.0,1.0
0.0,0,0,0,0.36277981375024587,1,0,0,0,0,0,0,0,0,-1.4697313494496385,-0.6313008522796802,0.0,1.0,0.0,1.0,0.0,0.0,1.0
1.0,0,1,0,1.5879716076172141,1,1,0,1,1,0,0,1,1,0.9534592269921387,1.9637289569790624,1.0,0.0,0.0,0.0,0.0,0.0,0.0
1.0,0,1,0,1.2204140694571237,1,0,0,1,1,1,0,0,1,-0.15132876309357518,0.6666143620403706,0.0,0.0,0.0,1.0,1.0,0.0,0.0
1.0,0,1,0,-0.9032517065789546,1,1,0,0,0,0,1,0,1,0.6981230298877363,-0.6407748482924345,1.0,0.0,0.0,0.0,0.0,1.0,0.0
0.0,0,0,0,-0.04561745087207687,1,1,0,0,1,0,0,1,1,0.8416453367568778,0.24571096171787307,1.0,0.0,0.0,0.0,0.0,1.0,0.0
1.0,0,1,1,-0.658213347805561,1,1,1,1,0,1,1,1,0,0.6747589334206673,-0.38084042247771643,0.0,0.0,0.0,0.0,0.0,1.0,0.0
1.0,0,0,0,-0.6990530742677933,1,1,0,0,0,0,0,0,0,-0.43837337683185734,-0.662280374452841,0.0,0.0,0.0,0.0,0.0,1.0,0.0
1.0,1,1,0,1.0570551636081944,1,1,1,1,1,0,1,1,1,1.4741448054011155,1.7937307750037281,1.0,0.0,1.0,0.0,0.0,1.0,0.0
0.0,0,0,0,-1.229969518276813,1,0,0,0,0,0,1,1,1,0.8583339770904989,-0.9279525725006355,1.0,0.0,0.0,0.0,0.0,1.0,0.0
0.0,0,1,0,1.5879716076172141,1,0,1,1,1,1,1,1,1,0.6580702930870462,1.6523102570574764,0.0,0.0,0.0,1.0,1.0,0.0,0.0
0.0,0,0,0,-1.1482900653523482,1,0,1,1,0,0,0,0,0,-0.3165463023964235,-0.9046234133049099,0.0,0.0,0.0,0.0,0.0,1.0,0.0
0.0,0,1,1,0.07690172851461995,1,0,1,1,1,1,1,1,0,0.6697523413205807,0.2601888288641239,0.0,0.0,0.0,1.0,0.0,0.0,1.0
0.0,0,1,0,0.6078181725236395,1,0,0,0,0,0,0,0,0,-1.5031086301168806,-0.5928711219744243,0.0,1.0,0.0,1.0,0.0,0.0,0.0
1.0,0,1,1,-0.0047777244098446,0,0,0,0,1,0,1,1,0,-0.47008179346573725,-0.26733038574274715,0.0,0.0,0.0,0.0,1.0,0.0,0.0
1.0,0,0,0,-1.229969518276813,1,1,0,1,0,0,0,0,1,0.5779648194856649,-0.9206358009321,1.0,0.0,0.0,0.0,0.0,1.0,0.0
1.0,0,1,1,-0.5356941684188642,1,0,0,0,0,0,0,0,0,-1.4714002134830004,-0.8182009989726038,0.0,1.0,0.0,0.0,0.0,0.0,1.0
0.0,0,1,1,0.689497625448104,1,0,1,1,1,1,1,1,1,0.751526678955324,0.9298402230895666,0.0,0.0,1.0,0.0,0.0,0.0,1.0
0.0,0,1,1,0.24026063436354905,1,0,1,1,0,1,1,1,0,0.5212234423513533,0.3576864779719033,0.0,0.0,1.0,0.0,1.0,0.0,0.0
0.0,0,1,0,-0.49485444195663186,0,0,0,0,0,0,0,0,1,-1.3428976829141184,-0.7880220961808027,0.0,0.0,0.0,0.0,0.0,1.0,0.0
1.0,0,1,0,1.5879716076172141,1,1,0,1,1,1,1,1,1,1.465800485234305,2.4180582164733186,1.0,0.0,0.0,1.0,1.0,0.0,0.0
0.0,0,0,0,-0.5356941684188642,1,1,0,0,0,0,0,0,0,-1.3345533627473078,-0.795561262021938,0.0,1.0,0.0,0.0,0.0,0.0,0.0
0.0,0,0,0,-1.270809244739045,1,0,0,0,0,0,0,0,1,-0.6436436529353963,-0.9825726058511614,0.0,0.0,0.0,0.0,0.0,0.0,1.0
1.0,0,1,1,0.24026063436354905,1,1,0,1,1,0,1,1,0,0.47616411345057663,0.27046344425823765,0.0,0.0,1.0,0.0,1.0,0.0,0.0
1.0,0,0,0,-1.270809244739045,0,0,0,1,0,1,0,1,1,-0.6686766134358278,-0.9829061972600611,0.0,0.0,0.0,0.0,0.0,0.0,1.0
1.0,0,1,1,0.1585811814390845,1,1,0,0,0,0,0,0,0,-1.321202450480411,-0.5886901096495468,0.0,1.0,0.0,1.0,1.0,0.0,0.0
0.0,0,1,1,1.3429332488438204,1,1,1,0,1,0,1,1,1,1.3222781783651638,1.988570397228467,1.0,0.0,0.0,1.0,1.0,0.0,0.0
0.0,1,1,0,-1.1482900653523482,1,1,1,0,0,0,1,1,1,1.1654049592291258,-0.8481352680645451,1.0,0.0,0.0,0.0,0.0,1.0,0.0
1.0,0,0,0,-1.1482900653523482,1,0,0,0,0,0,1,0,1,0.5445875388184228,-0.8511598301719033,1.0,0.0,0.0,0.0,0.0,1.0,0.0
1.0,0,0,0,0.6078181725236395,1,1,1,1,0,1,1,0,0,1.2037888319964545,1.0740406694433167,1.0,0.0,0.0,0.0,0.0,0.0,1.0
0.0,0,0,0,-0.658213347805561,0,0,1,0,0,0,1,0,1,-0.86059597727247,-0.707248496372533,0.0,0.0,0.0,0.0,0.0,1.0,0.0
0.0,0,1,1,-0.8624119801167224,0,0,1,0,0,0,1,1,0,-0.4717506574990995,-0.7513048017745656,0.0,0.0,0.0,0.0,0.0,1.0,0.0
0.0,0,0,0,-1.1891297918145805,1,0,0,0,1,1,0,0,0,0.5145479862179048,-0.9060022577950291,1.0,0.0,0.0,0.0,1.0,0.0,0.0
0.0,0,1,1,1.3020935223815882,1,0,1,0,0,1,1,0,0,0.03725287267634269,0.8066337960692433,0.0,0.0,1.0,0.0,0.0,0.0,1.0
0.0,0,1,1,1.2204140694571237,1,1,1,0,0,0,1,1,1,1.2171397442633516,1.9498960332233508,1.0,0.0,0.0,1.0,0.0,0.0,0.0
0.0,0,1,0,1.6288113340794463,1,1,0,0,0,0,0,0,0,-1.3245401785471353,-0.18026302801990143,0.0,1.0,0.0,1.0,1.0,0.0,0.0
0.0,0,1,1,-1.1482900653523482,1,0,0,0,0,0,0,0,1,-1.4930954459167078,-0.9658930354061718,0.0,1.0,0.0,0.0,0.0,1.0,0.0
0.0,0,1,0,1.5062921546927495,1,1,0,0,0,0,0,0,1,-1.3262090425804973,-0.23846360915928522,0.0,1.0,0.0,1.0,1.0,0.0,0.0
1.0,0,1,1,1.5879716076172141,1,1,1,1,1,1,1,1,0,0.739844630721789,1.7833004836187947,0.0,0.0,0.0,1.0,0.0,0.0,0.0
1.0,0,0,1,0.8936962577592654,1,1,0,1,0,0,0,0,1,-0.323221758529872,0.3728092885086938,0.0,0.0,0.0,0.0,1.0,0.0,0.0
0.0,0,1,1,1.0978948900704268,1,1,0,1,1,0,1,1,1,1.384026147599562,1.7799200906752766,1.0,0.0,1.0,0.0,0.0,1.0,0.0
0.0,0,0,0,-1.107450338890116,1,1,0,0,1,1,0,0,1,0.6029977799860965,-0.8169555910460446,1.0,0.0,0.0,0.0,0.0,1.0,0.0
1.0,0,1,0,0.3219400872880136,1,0,0,1,0,0,0,0,1,-0.4851015697659963,-0.08716878550959949,0.0,0.0,0.0,0.0,0.0,0.0,1.0
0.0,0,1,0,-1.1891297918145805,1,1,0,0,0,0,0,0,1,0.37269454338212576,-0.88863326510498,1.0,0.0,0.0,0.0,0.0,1.0,0.0
1.0,0,0,0,1.261253795919356,1,1,1,1,1,1,1,0,0,1.3289536344986124,1.9287463378991043,1.0,0.0,1.0,0.0,1.0,0.0,0.0
1.0,0,1,1,-0.7807325271922578,0,0,1,1,0,1,0,0,0,-0.8055234641715205,-0.7401850881445725,0.0,0.0,0.0,1.0,0.0,0.0,1.0
0.0,1,0,0,0.40361954021247815,1,1,0,0,0,0,1,0,1,0.6664146132538568,0.5723859087398093,1.0,0.0,0.0,0.0,0.0,1.0,0.0
0.0,0,0,0,-0.49485444195663186,1,1,0,1,0,1,0,1,1,0.1407224427447935,-0.39325002288878874,0.0,0.0,0.0,0.0,1.0,0.0,0.0
1.0,0,0,0,0.24026063436354905,1,1,1,1,1,1,0,0,0,0.17576858744539764,0.1792817924922945,0.0,0.0,0.0,0.0,0.0,1.0,0.0
1.0,0,1,1,1.0570551636081944,1,1,0,0,1,1,1,1,1,1.3473111388655954,1.6681224898393265,1.0,0.0,1.0,0.0,0.0,0.0,0.0
1.0,0,0,0,-0.8624119801167224,1,0,0,1,0,0,0,0,1,0.3743634074154883,-0.617401210242189,1.0,0.0,0.0,0.0,0.0,0.0,1.0
0.0,0,0,0,1.0570551636081944,1,1,0,0,0,0,0,0,0,-1.3462354109808425,-0.3694538357206036,0.0,1.0,0.0,1.0,1.0,0.0,0.0
0.0,0,1,1,0.8936962577592654,1,1,0,0,0,0,0,0,1,-1.3328844987139459,-0.40579305986342085,0.0,1.0,1.0,0.0,0.0,0.0,0.0
0.0,0,0,0,-1.0257708859656514,1,1,0,0,0,0,0,0,1,0.3476615828816942,-0.756820179735042,1.0,0.0,0.0,0.0,0.0,0.0,0.0
0.0,0,0,0,-1.270809244739045,1,0,0,0,0,0,0,0,1,0.17576858744539764,-0.9716530470665082,1.0,0.0,0.0,0.0,0.0,0.0,1.0
1.0,0,0,0,-0.24981608318323825,1,0,0,0,0,0,0,0,0,-1.4981020380167944,-0.7993642040833956,0.0,1.0,1.0,0.0,1.0,0.0,0.0
0.0,0,0,0,-1.270809244739045,1,0,0,0,0,0,0,0,1,-1.4830822617165353,-0.9937590377629344,0.0,1.0,0.0,0.0,0.0,0.0,1.0
1.0,0,1,0,0.97537571068373,1,1,0,1,1,0,0,0,0,-0.1730239955272825,0.5047335710149315,0.0,0.0,0.0,1.0,1.0,0.0,0.0
0.0,0,1,0,-1.270809244739045,1,0,0,0,0,0,1,0,0,0.4711575213504901,-0.9677166684414905,1.0,0.0,0.0,0.0,0.0,1.0,0.0
1.0,0,1,0,0.7711770783725685,1,1,0,1,1,0,1,1,1,1.405721380033269,1.4430372465410068,1.0,0.0,1.0,0.0,0.0,0.0,0.0
1.0,1,0,0,-0.5765338948810964,1,1,0,0,0,0,1,1,1,1.0268892444600715,-0.22325184091345468,1.0,0.0,0.0,0.0,0.0,1.0,0.0
0.0,0,0,0,-0.9849311595034191,1,0,0,0,0,0,0,0,0,-0.6753520695692762,-0.8385055960609712,0.0,0.0,0.0,0.0,0.0,0.0,1.0
1.0,0,1,0,1.0978948900704268,0,0,0,1,0,0,0,1,1,-0.7888348238378995,0.08816685900813113,0.0,0.0,0.0,0.0,0.0,0.0,0.0
1.0,0,1,1,-1.270809244739045,1,0,0,0,0,0,0,0,0,-1.49476430995007,-0.9939147137537543,0.0,1.0,0.0,0.0,0.0,0.0,1.0
1.0,0,1,1,-0.1681366302587737,1,0,0,1,1,1,1,0,0,0.9417771787586041,0.22856436330042368,1.0,0.0,1.0,0.0,0.0,0.0,0.0
0.0,0,0,0,1.4654524282305172,1,0,0,0,0,0,0,0,0,-1.489757717849984,-0.3858887724657333,0.0,1.0,0.0,1.0,0.0,0.0,0.0
1.0,0,0,0,1.6288113340794463,1,1,1,1,0,1,1,1,0,0.7131428061879954,1.8036940384162017,0.0,0.0,0.0,1.0,1.0,0.0,0.0
0.0,0,0,0,-1.1891297918145805,1,0,0,0,0,0,0,1,1,-0.31320857432969945,-0.9155207326623032,0.0,0.0,0.0,0.0,0.0,1.0,0.0
1.0,0,0,0,1.4654524282305172,0,0,0,0,1,0,0,1,1,-0.8272186966052278,0.2410184425660159,0.0,0.0,0.0,0.0,0.0,0.0,0.0
0.0,0,0,0,-1.107450338890116,1,1,0,0,0,0,0,0,1,-0.47008179346573725,-0.891591108930558,0.0,0.0,0.0,0.0,0.0,0.0,1.0
1.0,0,0,0,0.8120168048348009,1,0,0,1,1,1,1,1,1,1.3456422748322334,1.4110347107138868,1.0,0.0,1.0,0.0,0.0,0.0,0.0
1.0,1,0,0,0.11774145497685222,1,1,0,0,1,0,1,1,1,1.2254840644301621,0.552348184778562,1.0,0.0,0.0,0.0,0.0,1.0,0.0
1.0,1,0,0,-0.658213347805561,1,1,0,0,0,0,1,0,1,0.7315003105549784,-0.43299187940238393,1.0,0.0,0.0,0.0,0.0,1.0,0.0
0.0,0,0,0,-0.7807325271922578,1,1,0,0,0,0,0,1,1,0.6647457492204942,-0.5067378201964979,1.0,0.0,0.0,0.0,0.0,1.0,0.0
1.0,0,1,0,0.6486578989858718,1,0,0,0,0,0,0,0,1,-1.489757717849984,-0.541965072976316,0.0,1.0,0.0,1.0,0.0,0.0,1.0
0.0,0,0,0,-0.4131749890321673,1,1,1,0,0,1,0,0,1,-0.18804377182754156,-0.4452235643953763,0.0,0.0,0.0,0.0,0.0,0.0,1.0
0.0,0,1,0,-1.0257708859656514,1,0,1,0,0,0,0,0,1,-0.48009497766591,-0.8448215934028073,0.0,0.0,0.0,0.0,0.0,0.0,0.0
1.0,1,1,0,0.24026063436354905,0,0,0,0,0,0,0,0,1,-1.3295467706472215,-0.5776593537285938,0.0,0.0,0.0,0.0,0.0,1.0,0.0
1.0,0,0,0,-1.0257708859656514,1,0,0,0,1,0,0,0,0,0.33264180658143566,-0.7605564035147198,1.0,0.0,0.0,0.0,0.0,0.0,1.0
0.0,0,1,1,-0.33149553610770277,1,1,1,1,0,0,1,1,0,0.45780660908359355,-0.18773547557925677,0.0,0.0,1.0,0.0,0.0,1.0,0.0
0.0,0,0,0,-0.1681366302587737,0,0,0,0,1,0,0,0,1,-1.1659980953777354,-0.651071703113808,0.0,0.0,0.0,0.0,0.0,0.0,1.0
1.0,0,0,0,-0.9440914330411869,1,0,0,0,0,0,0,0,0,0.17910631551212164,-0.710317537334411,1.0,0.0,0.0,0.0,0.0,0.0,1.0
1.0,1,0,0,0.8528565312970331,0,0,0,1,1,0,1,1,1,-0.3415792628968551,0.2669051358966399,0.0,0.0,0.0,0.0,0.0,1.0,0.0
1.0,0,1,1,-0.82157225365449,1,0,0,0,0,0,0,0,1,-1.5181284064171394,-0.896461543500495,0.0,1.0,0.0,0.0,0.0,1.0,0.0
0.0,0,1,0,1.0570551636081944,1,1,1,1,1,0,1,1,1,1.494171173801461,1.7302594496037278,1.0,0.0,0.0,1.0,0.0,0.0,0.0
1.0,0,1,0,1.0162154371459622,1,0,1,0,0,1,0,0,0,-0.2998576620628024,0.4079253441522119,0.0,0.0,0.0,0.0,0.0,1.0,0.0
0.0,0,1,1,1.3020935223815882,1,1,1,0,0,1,1,1,1,1.3256159064318884,1.9869246796112277,1.0,0.0,1.0,0.0,0.0,0.0,0.0
0.0,0,0,0,1.0162154371459622,1,0,0,1,1,1,1,0,0,0.1690931313119491,0.7294185046225715,0.0,0.0,0.0,1.0,0.0,0.0,1.0
0.0,0,0,0,-1.1482900653523482,1,1,0,0,0,0,1,0,1,0.6997918939210989,-0.8596997702397379,1.0,0.0,0.0,0.0,0.0,1.0,0.0
1.0,0,1,0,-1.1891297918145805,1,0,0,0,0,0,0,0,1,-1.4730690775163628,-0.9800150717162629,0.0,1.0,0.0,0.0,1.0,0.0,0.0
1.0,0,0,0,-0.04561745087207687,0,0,0,0,1,0,1,1,1,-0.48843929783272055,-0.3251751360459711,0.0,0.0,1.0,0.0,0.0,1.0,0.0
1.0,0,1,0,-0.1681366302587737,1,0,1,1,0,1,0,0,0,-0.1262958025931436,-0.2085293400673438,0.0,0.0,0.0,0.0,0.0,0.0,1.0
1.0,0,0,0,-0.9440914330411869,1,0,0,0,0,0,0,0,0,-1.478075669616449,-0.9219034482859191,0.0,1.0,0.0,0.0,0.0,0.0,1.0
0.0,0,0,0,-1.1482900653523482,1,0,0,1,1,1,1,1,1,1.367337507265941,-0.8053243705890718,1.0,0.0,1.0,0.0,0.0,1.0,0.0
1.0,0,0,0,1.3429332488438204,1,1,0,0,0,0,0,0,0,-1.2995072180467038,-0.26675216063398755,0.0,1.0,0.0,1.0,0.0,0.0,1.0
0.0,0,1,1,1.6288113340794463,1,1,1,1,0,1,1,0,0,1.175418143429299,2.222707087421601,1.0,0.0,0.0,1.0,0.0,0.0,0.0
0.0,0,1,0,0.5669784460614072,0,0,0,0,0,0,1,1,1,-0.6920407099028972,-0.10969732532396549,0.0,0.0,0.0,0.0,0.0,1.0,0.0
0.0,1,0,0,-0.0047777244098446,1,0,0,0,0,0,1,1,0,0.8766914814574819,0.2862089587583077,1.0,0.0,0.0,0.0,0.0,1.0,0.0
0.0,0,0,0,-0.9440914330411869,1,0,0,0,0,0,0,0,0,-0.6519879731022068,-0.8175338161548042,0.0,0.0,0.0,0.0,0.0,1.0,0.0
1.0,0,0,0,-0.8624119801167224,0,0,0,0,1,0,1,0,1,-0.7704773194709162,-0.7934485164322393,0.0,0.0,1.0,0.0,0.0,1.0,0.0
1.0,0,1,0,-0.6173736213433287,0,0,0,1,0,0,1,1,1,-0.4967836179995311,-0.6307671060254407,0.0,0.0,0.0,0.0,0.0,0.0,1.0
1.0,0,1,1,0.8120168048348009,1,1,0,0,0,0,0,0,0,-1.3395599548473942,-0.4107302127151378,0.0,1.0,0.0,1.0,0.0,0.0,1.0
0.0,0,1,0,0.40361954021247815,1,1,1,0,1,1,1,1,0,0.6564014290536837,0.585840762232101,0.0,0.0,0.0,1.0,1.0,0.0,0.0
1.0,0,1,1,0.7303373519103363,1,1,0,0,1,1,1,0,1,0.16575540324522509,0.528262885055997,0.0,0.0,1.0,0.0,0.0,1.0,0.0
0.0,0,0,0,-0.9440914330411869,1,0,0,1,0,1,1,0,0,0.05227264897660173,-0.7267524740795408,0.0,0.0,0.0,0.0,0.0,0.0,1.0
1.0,0,0,1,-0.04561745087207687,0,0,0,0,0,0,0,0,0,-1.3245401785471353,-0.6517388859316076,0.0,0.0,0.0,0.0,1.0,0.0,0.0
1.0,0,1,1,-0.2906558096454705,1,0,0,0,0,0,1,1,1,0.8583339770904989,-0.03374968123111283,1.0,0.0,1.0,0.0,0.0,1.0,0.0
0.0,0,0,0,1.138734616532659,0,0,0,1,0,0,1,1,1,-0.463406337332289,0.34378683593441195,0.0,0.0,0.0,0.0,0.0,1.0,0.0
0.0,1,0,0,0.4852989931369427,1,0,0,1,1,0,0,1,0,0.8166123762564462,0.7722738809525648,1.0,0.0,1.0,0.0,1.0,0.0,0.0
1.0,1,1,0,-1.270809244739045,1,1,0,0,0,0,0,0,1,0.29592679784746906,-0.9700518083037891,1.0,0.0,0.0,0.0,0.0,1.0,0.0
0.0,1,0,1,-1.270809244739045,1,0,0,0,0,0,0,0,1,0.21081473214600174,-0.9711860190940484,1.0,0.0,0.0,0.0,0.0,1.0,0.0
1.0,0,1,1,-0.20897635672100598,1,1,0,1,0,1,0,0,1,0.6847721176208398,-0.04575897195150534,1.0,0.0,0.0,0.0,1.0,0.0,0.0
0.0,0,0,0,-1.270809244739045,1,0,0,0,0,0,0,0,0,-1.5031086301168806,-0.9940259108900542,0.0,1.0,0.0,0.0,0.0,0.0,1.0
0.0,0,1,0,0.7711770783725685,1,1,0,1,0,1,1,1,1,0.4661509292504041,0.7545268179990958,0.0,0.0,1.0,0.0,1.0,0.0,0.0
1.0,0,1,0,0.7711770783725685,1,1,1,1,0,0,0,1,1,1.0585976610939516,1.1816127790998698,1.0,0.0,1.0,0.0,1.0,0.0,0.0
1.0,0,1,0,0.11774145497685222,1,1,0,0,0,0,0,0,1,0.3509993109484187,0.1430982443402969,1.0,0.0,0.0,0.0,0.0,1.0,0.0
0.0,0,0,0,-0.24981608318323825,1,0,1,0,1,1,0,0,1,0.749857814921962,0.008727624835460695,1.0,0.0,1.0,0.0,1.0,0.0,0.0
0.0,0,1,0,-0.24981608318323825,1,0,0,0,0,0,0,0,0,-1.5181284064171394,-0.7983411904294363,0.0,1.0,1.0,0.0,0.0,0.0,1.0
0.0,0,0,0,-0.9849311595034191,1,0,1,1,0,1,0,0,0,-0.21641446039469717,-0.7940489809682589,0.0,0.0,1.0,0.0,0.0,0.0,0.0
1.0,0,0,0,-0.5356941684188642,1,0,0,0,0,0,0,0,0,-1.5314793186840365,-0.8785810439834661,0.0,1.0,1.0,0.0,0.0,0.0,1.0
1.0,1,1,0,-0.33149553610770277,0,0,0,0,1,1,0,0,0,-1.0158003323751457,-0.6343921326688183,0.0,0.0,0.0,0.0,0.0,0.0,1.0
0.0,0,0,0,-1.0666106124278838,0,0,0,0,0,0,1,1,0,-0.656994565202293,-0.8699076673520716,0.0,0.0,0.0,0.0,1.0,0.0,0.0
0.0,0,0,0,-1.270809244739045,1,0,0,0,0,0,0,0,0,0.1674242672785871,-0.9717642442028082,1.0,0.0,0.0,0.0,0.0,0.0,0.0
0.0,0,0,0,0.36277981375024587,1,1,0,1,1,0,1,1,1,1.389032739699648,0.9736296553644792,1.0,0.0,0.0,0.0,0.0,1.0,0.0
1.0,1,0,0,-1.229969518276813,1,0,0,0,1,0,0,0,0,-0.49177702589944455,-0.9551291526123386,0.0,0.0,0.0,0.0,0.0,0.0,1.0
1.0,0,1,0,-1.270809244739045,1,0,0,0,0,0,1,0,1,0.5295677625181638,-0.966938288487391,1.0,0.0,0.0,0.0,0.0,1.0,0.0
1.0,0,1,1,1.3429332488438204,1,1,1,0,1,1,1,1,0,1.4674693492676674,2.0831546813651878,1.0,0.0,0.0,1.0,0.0,0.0,0.0
0.0,0,0,0,1.5062921546927495,1,1,0,0,0,0,0,0,0,-1.337891090814032,-0.25638858753083404,0.0,1.0,0.0,1.0,1.0,0.0,0.0
0.0,0,0,0,-1.270809244739045,1,0,0,0,0,0,0,0,1,-0.6720143415025521,-0.9829506761145811,0.0,0.0,0.0,0.0,1.0,0.0,0.0
0.0,0,1,1,1.4654524282305172,1,1,0,0,0,0,1,0,1,0.611342100152907,1.5262127044933549,1.0,0.0,1.0,0.0,0.0,1.0,0.0
1.0,1,1,0,1.4654524282305172,1,1,0,1,1,0,1,1,1,1.355655459032406,2.244034698163927,1.0,0.0,0.0,0.0,0.0,1.0,0.0
1.0,1,1,0,1.3837729753060528,1,1,0,0,0,1,1,1,1,1.1804247355293849,2.0537763979547456,1.0,0.0,0.0,0.0,1.0,0.0,0.0
1.0,0,1,1,-1.107450338890116,1,1,1,1,0,1,0,0,0,-0.009475320257795981,-0.8618125158294366,0.0,0.0,0.0,0.0,1.0,0.0,0.0
0.0,0,1,1,0.97537571068373,1,1,0,0,0,0,0,0,1,-1.3262090425804973,-0.349416111759356,0.0,1.0,0.0,1.0,1.0,0.0,0.0
0.0,0,0,0,-0.9849311595034191,1,1,0,0,0,0,0,0,1,0.33097294254807313,-0.7586215733431009,1.0,0.0,0.0,0.0,1.0,0.0,0.0
0.0,1,1,0,1.4654524282305172,1,1,1,1,0,0,0,1,1,1.0636042531940375,1.924787719846826,1.0,0.0,1.0,0.0,1.0,0.0,0.0
0.0,0,0,0,-1.0666106124278838,0,0,0,0,0,1,1,1,1,-0.5151411223665141,-0.8890780536501797,0.0,0.0,1.0,0.0,0.0,0.0,1.0
0.0,0,1,1,-1.0257708859656514,0,0,0,0,0,0,0,0,1,-1.3345533627473078,-0.93647027314121,0.0,0.0,0.0,0.0,0.0,1.0,0.0
1.0,0,1,1,-0.8624119801167224,1,1,0,0,0,0,0,0,1,0.3226286223812626,-0.6317234013976201,1.0,0.0,0.0,0.0,0.0,1.0,0.0
1.0,0,1,0,0.7711770783725685,0,0,0,1,0,0,0,0,1,-1.1559849111775626,-0.3224841653475128,0.0,0.0,0.0,0.0,1.0,0.0,0.0
0.0,1,0,0,0.5261387195991749,1,0,1,1,0,1,0,0,1,0.7014607579544608,0.6776895968158437,1.0,0.0,0.0,0.0,0.0,0.0,0.0
0.0,0,0,0,-0.6173736213433287,1,0,0,0,0,0,0,0,0,-1.511452950283691,-0.8435094671944681,0.0,1.0,0.0,1.0,0.0,0.0,1.0
0.0,0,1,0,1.6288113340794463,1,0,0,0,0,0,0,0,0,-1.489757717849984,-0.36954279342964347,0.0,1.0,0.0,1.0,0.0,0.0,0.0
0.0,0,1,1,0.6486578989858718,1,0,0,0,0,0,0,0,0,-1.506446358183605,-0.6098620444010537,0.0,1.0,0.0,1.0,0.0,0.0,1.0
0.0,0,1,0,-0.1681366302587737,1,0,1,0,0,0,1,1,1,0.9234196743916205,0.15497409849712962,1.0,0.0,0.0,0.0,0.0,0.0,1.0
0.0,0,1,1,1.0162154371459622,1,1,0,1,0,0,1,1,1,1.198782239896368,1.4932538732940552,1.0,0.0,0.0,0.0,0.0,1.0,0.0
1.0,0,0,0,-0.33149553610770277,1,1,0,1,0,0,1,0,1,0.8633405691905849,0.012486088042398475,1.0,0.0,0.0,0.0,1.0,0.0,0.0
0.0,0,1,1,1.3837729753060528,1,1,1,1,1,1,1,1,0,0.8416453367568778,1.6476622167601394,0.0,0.0,0.0,1.0,1.0,0.0,0.0
0.0,0,0,0,-1.270809244739045,1,0,0,0,0,0,1,0,1,-0.37161881549737313,-0.9789475792077835,0.0,0.0,0.0,0.0,0.0,0.0,1.0
0.0,0,1,1,1.4654524282305172,1,1,0,1,1,1,1,1,0,0.6881098456875638,1.4702583055072298,0.0,0.0,0.0,1.0,0.0,0.0,0.0
1.0,0,1,0,0.7711770783725685,1,1,0,0,0,1,1,1,1,0.3509993109484187,0.7324653061571896,0.0,0.0,0.0,1.0,0.0,0.0,0.0
0.0,0,0,0,-0.82157225365449,1,0,0,0,0,0,0,0,0,-1.4880888538166215,-0.9033112870965708,0.0,1.0,0.0,0.0,0.0,0.0,1.0
1.0,0,0,0,-0.24981608318323825,0,0,0,0,1,1,0,0,0,-0.9657344113742826,-0.5479697183365123,0.0,0.0,0.0,0.0,0.0,1.0,0.0
1.0,0,1,1,1.4654524282305172,1,1,1,1,1,1,1,1,1,0.9184130822915345,1.8407004453768188,0.0,0.0,0.0,1.0,1.0,0.0,0.0
0.0,0,1,0,1.6288113340794463,1,1,1,0,1,0,1,1,1,1.3456422748322334,2.373090094553627,1.0,0.0,0.0,1.0,1.0,0.0,0.0
0.0,0,0,0,0.11774145497685222,1,0,0,0,0,0,0,0,0,-1.4547115731493794,-0.6731776938102342,0.0,1.0,1.0,0.0,0.0,0.0,1.0
1.0,0,0,1,-1.270809244739045,1,0,1,1,0,1,0,1,1,0.1924572277790187,-0.9714306527939084,0.0,0.0,0.0,0.0,0.0,0.0,0.0
1.0,1,1,1,0.97537571068373,1,1,1,0,1,0,1,1,1,1.3306224985319743,1.5746279376383445,1.0,0.0,1.0,0.0,0.0,0.0,0.0
1.0,0,1,1,0.07690172851461995,1,0,0,0,1,0,1,0,1,0.6463882448535112,0.29154642130070435,1.0,0.0,0.0,0.0,0.0,0.0,1.0
0.0,0,1,0,1.3429332488438204,1,1,0,1,1,1,1,1,1,1.4474429808673217,2.1636391686190772,1.0,0.0,1.0,0.0,1.0,0.0,0.0
1.0,0,1,1,0.8120168048348009,1,1,0,0,0,0,0,0,0,-1.3312156346805837,-0.4560764048982496,0.0,1.0,0.0,1.0,0.0,0.0,1.0
0.0,0,0,0,-0.37233526256993504,1,1,1,0,0,0,1,0,1,0.8466519288569638,-0.037663820428870266,1.0,0.0,0.0,0.0,0.0,0.0,0.0
1.0,1,1,0,1.5879716076172141,0,0,1,1,1,1,0,0,0,-0.6119352363015161,0.4887879016695216,0.0,0.0,0.0,1.0,1.0,0.0,0.0
1.0,0,0,0,-0.24981608318323825,1,1,0,0,0,1,0,0,1,0.5278988984848018,-0.0736916925900478,1.0,0.0,0.0,0.0,0.0,1.0,0.0
0.0,1,1,0,1.3837729753060528,1,1,0,1,0,0,1,1,1,1.2054576960298165,1.973202952991816,1.0,0.0,0.0,0.0,0.0,1.0,0.0
1.0,0,0,0,-1.1482900653523482,1,0,1,0,1,0,0,0,0,-0.2648115173621983,-0.8937260939475167,0.0,0.0,0.0,0.0,0.0,1.0,0.0
0.0,0,1,0,-1.1482900653523482,0,0,1,0,0,0,0,0,1,-1.1893621918448047,-0.9451214103453448,0.0,0.0,0.0,0.0,0.0,1.0,0.0
1.0,1,1,0,-1.0257708859656514,1,1,0,0,0,0,0,0,1,0.35767476708186724,-0.7656714717845166,1.0,0.0,0.0,0.0,0.0,1.0,0.0
1.0,0,0,0,0.689497625448104,1,1,0,1,1,0,1,1,1,1.3022518099648188,1.237322544386135,1.0,0.0,0.0,0.0,0.0,0.0,0.0
0.0,0,1,0,-0.7398928007300255,1,1,1,0,0,0,1,0,1,0.0005378639423765561,-0.5842199847702897,0.0,0.0,0.0,0.0,0.0,0.0,0.0
1.0,0,1,0,1.0162154371459622,1,1,1,1,1,1,1,0,1,1.2805565775311112,1.6329397159140284,1.0,0.0,0.0,0.0,0.0,1.0,0.0
0.0,0,1,1,-0.08645717733430915,1,0,1,0,0,1,0,1,0,0.05394151300996374,-0.14721523911156206,0.0,0.0,0.0,0.0,0.0,0.0,0.0
0.0,1,1,0,0.7303373519103363,1,1,0,0,0,0,0,0,0,-1.3178647224136868,-0.421738729208831,0.0,1.0,1.0,0.0,0.0,1.0,0.0
1.0,0,1,1,1.0978948900704268,1,1,1,1,0,1,1,1,1,1.5492436869024102,1.912911865689994,1.0,0.0,0.0,1.0,0.0,0.0,1.0
1.0,0,0,0,0.7303373519103363,0,0,1,0,0,1,0,0,1,-0.9774164596078174,-0.2248753191034336,0.0,0.0,1.0,0.0,0.0,0.0,1.0
0.0,0,0,0,-1.229969518276813,1,0,0,0,0,0,0,0,1,-1.489757717849984,-0.9853080554041397,0.0,1.0,0.0,0.0,0.0,0.0,1.0
0.0,0,0,1,0.07690172851461995,1,0,1,1,1,0,1,1,1,1.3573243230657681,0.6378810220204685,1.0,0.0,0.0,0.0,0.0,0.0,0.0
1.0,1,0,0,-1.270809244739045,1,1,0,0,0,0,0,0,1,0.32429748641462514,-0.9696737380403694,1.0,0.0,0.0,0.0,0.0,1.0,0.0
0.0,0,0,0,-1.0666106124278838,1,0,0,0,0,0,1,1,1,0.8282944244899808,-0.7477687328402277,1.0,0.0,0.0,0.0,0.0,1.0,0.0
1.0,1,1,0,0.1585811814390845,1,1,0,1,0,0,1,1,1,1.0619353891606755,0.5255719143575386,1.0,0.0,0.0,0.0,0.0,1.0,0.0
1.0,0,1,0,-0.6173736213433287,1,1,1,1,1,0,0,0,0,0.8516585209570503,-0.3559767428010519,1.0,0.0,0.0,0.0,1.0,0.0,0.0
0.0,0,1,1,1.0162154371459622,1,0,0,0,0,0,0,0,0,-1.508115222216967,-0.48343090042803255,0.0,1.0,0.0,1.0,0.0,0.0,0.0
1.0,0,0,0,-0.04561745087207687,1,0,0,0,1,1,0,0,1,-0.3148774383630615,-0.2396645382313244,0.0,0.0,0.0,0.0,0.0,1.0,0.0
1.0,0,1,1,1.138734616532659,1,0,1,1,0,1,1,1,1,0.47950184151730063,1.0714608958811582,0.0,0.0,0.0,0.0,1.0,0.0,0.0
0.0,0,1,1,-0.1681366302587737,1,0,0,0,0,0,0,0,0,-1.49476430995007,-0.7612458257597793,0.0,1.0,1.0,0.0,0.0,0.0,1.0
0.0,0,1,1,0.8528565312970331,1,0,0,0,0,0,0,0,0,-1.506446358183605,-0.5544636310964282,0.0,1.0,1.0,0.0,0.0,0.0,0.0
1.0,0,0,0,0.689497625448104,1,1,0,0,0,0,0,0,1,0.33097294254807313,0.6520030583305597,1.0,0.0,0.0,0.0,0.0,0.0,0.0
1.0,0,0,0,0.07690172851461995,1,0,0,1,0,0,0,0,1,-0.4967836179995311,-0.23141371071786956,0.0,0.0,0.0,0.0,0.0,1.0,0.0
1.0,1,0,0,0.7711770783725685,1,0,0,0,1,0,1,1,1,0.9784921874925703,1.179255399810311,1.0,0.0,1.0,0.0,0.0,0.0,0.0
1.0,0,0,0,-0.658213347805561,1,0,0,0,0,0,0,0,0,-1.4914265818833459,-0.8801378038916652,0.0,1.0,0.0,0.0,0.0,0.0,1.0
0.0,0,0,0,-0.7807325271922578,1,0,0,0,0,0,1,0,1,0.574627091418941,-0.545123071647234,1.0,0.0,0.0,0.0,0.0,0.0,1.0
0.0,0,1,1,1.0162154371459622,1,1,1,1,0,1,0,0,0,0.01722650427599761,0.6375474306115687,0.0,0.0,0.0,0.0,0.0,0.0,0.0
1.0,1,0,0,-0.9849311595034191,0,0,0,0,1,0,0,0,1,-1.17768014361127,-0.9040674276234103,0.0,0.0,0.0,0.0,0.0,1.0,0.0
0.0,0,0,0,-1.270809244739045,1,0,1,0,0,0,0,0,0,0.35433703901514274,-0.9692734283496895,1.0,0.0,0.0,0.0,0.0,0.0,1.0
0.0,0,0,0,-1.1482900653523482,1,0,0,0,0,0,0,0,0,0.19078836374565666,-0.8777804246021067,1.0,0.0,0.0,0.0,0.0,1.0,0.0
0.0,0,0,0,-0.8624119801167224,1,0,0,1,0,0,0,0,0,-0.4533931531321162,-0.766516570020396,0.0,0.0,0.0,0.0,0.0,1.0,0.0
0.0,0,0,0,-1.229969518276813,1,0,0,0,0,0,0,0,0,0.17743745147875964,-0.9346911189604111,1.0,0.0,0.0,0.0,0.0,0.0,0.0
1.0,0,1,1,0.7303373519103363,1,1,0,0,1,0,0,0,0,-0.3265594865965963,0.15995573020336643,0.0,0.0,1.0,0.0,0.0,0.0,0.0
0.0,0,0,0,-0.8624119801167224,1,0,1,0,0,1,0,0,1,-0.3365726707967688,-0.7279534031515801,0.0,0.0,1.0,0.0,0.0,0.0,1.0
1.0,1,0,0,-0.33149553610770277,1,1,0,1,0,0,0,0,1,0.5278988984848018,-0.07384736858086788,1.0,0.0,0.0,0.0,0.0,1.0,0.0
1.0,1,1,0,0.11774145497685222,1,1,0,0,1,0,1,1,1,1.2054576960298165,0.5261946183208182,1.0,0.0,0.0,0.0,0.0,1.0,0.0
0.0,1,1,0,1.6288113340794463,1,1,1,1,1,1,0,0,1,1.0652731172273995,2.034027786547878,1.0,0.0,0.0,1.0,0.0,0.0,0.0
1.0,0,0,0,0.2811003608257813,0,0,1,1,0,1,1,0,1,-0.5251543065666867,-0.16618547056433028,0.0,0.0,0.0,0.0,1.0,0.0,0.0
0.0,0,1,1,-1.107450338890116,1,0,0,0,0,1,1,0,1,0.7031296219878228,-0.7932928404414193,1.0,0.0,0.0,0.0,0.0,1.0,0.0
1.0,0,1,1,-0.37233526256993504,1,1,0,0,0,0,0,0,1,-0.5451806749670319,-0.5281099097933446,0.0,0.0,1.0,0.0,1.0,0.0,0.0
1.0,1,0,0,-0.0047777244098446,1,1,0,0,0,0,1,1,1,1.050253340927141,0.3401618092910341,1.0,0.0,0.0,0.0,1.0,0.0,0.0
0.0,0,1,0,1.261253795919356,1,1,0,1,1,1,1,1,1,1.4708070773343913,2.053687440245706,1.0,0.0,0.0,0.0,0.0,1.0,0.0
1.0,0,0,0,1.138734616532659,1,0,1,1,1,0,0,0,0,-0.10960716225952255,0.6154859187696625,0.0,0.0,0.0,1.0,0.0,1.0,0.0
0.0,1,0,0,0.8120168048348009,1,1,1,1,1,0,1,1,0,1.449111844900684,1.5944877461815123,1.0,0.0,0.0,0.0,1.0,0.0,0.0
0.0,0,0,0,0.40361954021247815,1,0,0,0,0,0,0,0,1,-1.4697313494496385,-0.5766141006473745,0.0,1.0,1.0,0.0,0.0,0.0,1.0
1.0,0,0,0,1.0570551636081944,1,0,0,0,0,0,0,0,0,-1.4647247573495523,-0.4635710918848649,0.0,1.0,0.0,1.0,0.0,0.0,1.0
1.0,0,1,1,1.3837729753060528,1,0,0,0,0,0,0,0,1,-1.479744533649811,-0.3980759786042057,0.0,1.0,1.0,0.0,0.0,1.0,0.0
0.0,0,0,0,-1.0257708859656514,1,1,0,0,0,0,0,0,0,0.3593436311152292,-0.788933912698462,1.0,0.0,0.0,0.0,0.0,0.0,1.0
1.0,0,0,0,0.4444592666747104,1,0,0,0,0,0,0,0,0,-1.506446358183605,-0.6130645219264916,0.0,1.0,0.0,1.0,0.0,0.0,1.0
0.0,1,0,0,1.6288113340794463,1,1,0,1,1,1,1,1,1,1.449111844900684,2.4550423840066764,1.0,0.0,0.0,1.0,0.0,0.0,0.0
1.0,0,0,0,0.11774145497685222,0,0,0,0,1,0,1,1,0,-0.5168099863998762,-0.24589157786412053,0.0,0.0,0.0,0.0,0.0,1.0,0.0
1.0,0,1,0,-0.08645717733430915,1,0,0,0,0,0,0,0,0,-1.4981020380167944,-0.7462786912138086,0.0,1.0,1.0,0.0,1.0,0.0,0.0
1.0,0,1,0,0.7303373519103363,1,1,0,0,0,1,1,1,0,1.158729503095678,1.2477528357710683,1.0,0.0,1.0,0.0,0.0,1.0,0.0
0.0,0,1,0,1.547131881154982,1,1,0,0,0,0,0,0,1,-1.2911628978798932,-0.11009763501464517,0.0,1.0,0.0,1.0,0.0,0.0,0.0
0.0,0,0,1,1.424612701768285,1,1,0,1,0,1,1,1,1,1.3990459238998207,2.219593567605203,1.0,0.0,1.0,0.0,0.0,0.0,0.0
1.0,0,1,1,1.6288113340794463,1,0,0,0,0,0,0,0,0,-1.479744533649811,-0.4003444001847242,0.0,1.0,0.0,1.0,0.0,1.0,0.0
0.0,0,0,0,-1.1482900653523482,1,0,0,0,0,0,0,0,0,-1.4597181652494657,-0.9647365851886525,0.0,1.0,0.0,0.0,0.0,0.0,0.0
1.0,1,1,0,-0.82157225365449,1,0,0,0,0,0,0,1,1,0.5262300344514398,-0.5801279301544522,1.0,0.0,0.0,0.0,0.0,1.0,0.0
1.0,0,1,0,1.5879716076172141,1,0,0,1,1,1,1,1,1,1.353986594999044,2.2405208686568496,1.0,0.0,0.0,1.0,0.0,1.0,0.0
0.0,0,0,0,0.7303373519103363,1,0,0,0,0,0,0,0,0,-1.4997709020501564,-0.562847895173443,0.0,1.0,1.0,0.0,0.0,0.0,0.0
0.0,0,1,1,-0.5356941684188642,1,1,0,0,0,1,0,1,1,0.8232878323898942,-0.2524744483330765,1.0,0.0,1.0,0.0,0.0,0.0,0.0
0.0,0,0,0,-0.5356941684188642,1,0,0,1,0,0,1,0,0,-0.21641446039469717,-0.5378507789332185,0.0,0.0,1.0,0.0,0.0,1.0,0.0
0.0,0,0,0,-0.5765338948810964,1,1,1,0,1,0,0,0,1,-0.13630898679331613,-0.4884347715615294,0.0,0.0,0.0,0.0,0.0,0.0,1.0
1.0,1,1,0,-0.37233526256993504,1,0,0,0,0,0,1,1,1,0.8600028411238608,-0.06103745847911578,1.0,0.0,0.0,0.0,0.0,1.0,0.0
1.0,0,1,0,-0.6990530742677933,1,1,0,0,1,1,1,1,1,1.2939074897980083,-0.3178806039046957,1.0,0.0,0.0,0.0,0.0,1.0,0.0
1.0,0,1,1,-1.107450338890116,1,0,0,0,0,0,0,0,0,-1.509784086250329,-0.9644919514887925,0.0,1.0,0.0,0.0,0.0,0.0,1.0
0.0,0,0,0,-1.270809244739045,1,0,0,0,0,0,0,0,0,0.20747700407927772,-0.9712304979485684,1.0,0.0,0.0,0.0,0.0,0.0,1.0
1.0,1,0,0,-0.33149553610770277,1,1,0,1,0,0,0,0,0,-0.3298972146633205,-0.4284105573868268,0.0,0.0,0.0,0.0,1.0,0.0,0.0
0.0,0,0,1,-0.5356941684188642,1,0,0,0,0,0,0,0,0,-1.4747379415497248,-0.8254955311138793,0.0,1.0,0.0,1.0,0.0,0.0,1.0
0.0,0,1,1,-1.0257708859656514,1,0,1,0,0,0,0,0,0,-0.466744065399013,-0.8469343389925059,0.0,0.0,0.0,0.0,0.0,0.0,1.0
1.0,0,1,1,-1.0257708859656514,1,0,0,1,0,1,1,0,1,0.8366387446567913,-0.7319787394856376,1.0,0.0,0.0,0.0,0.0,1.0,0.0
0.0,0,0,0,-1.229969518276813,1,0,0,0,0,0,0,0,0,-1.479744533649811,-0.9871539278667185,0.0,1.0,0.0,0.0,1.0,0.0,0.0
0.0,0,1,1,1.0570551636081944,1,1,1,1,0,0,0,1,1,0.9584658190922252,1.4149266104843843,1.0,0.0,0.0,0.0,0.0,0.0,0.0
0.0,1,1,0,-0.20897635672100598,1,0,1,0,0,0,0,0,1,0.3509993109484187,-0.14461322612214372,1.0,0.0,0.0,0.0,0.0,0.0,0.0
1.0,0,1,0,-0.04561745087207687,1,1,0,1,1,0,1,0,0,0.9718167313591217,0.3402730064273341,1.0,0.0,0.0,0.0,0.0,1.0,0.0
1.0,0,1,0,1.5879716076172141,1,0,1,0,0,1,0,0,0,-0.33991039886349306,0.6777340756703637,0.0,0.0,0.0,1.0,0.0,0.0,0.0
1.0,0,0,0,0.689497625448104,1,1,0,1,0,1,1,1,1,1.4007147879331832,1.2959456746434586,1.0,0.0,1.0,0.0,0.0,0.0,0.0
1.0,0,0,0,-0.4540147154943996,1,1,0,0,0,0,0,0,0,0.35433703901514274,-0.30413663785802425,1.0,0.0,0.0,0.0,0.0,0.0,1.0
0.0,0,0,0,-1.1482900653523482,1,1,0,1,0,0,0,1,1,0.8099369201229977,-0.8447771145482872,1.0,0.0,0.0,0.0,0.0,1.0,0.0
1.0,0,0,0,-1.1891297918145805,1,0,1,0,0,1,0,0,1,0.5879780036858375,-0.9074033417124082,1.0,0.0,0.0,0.0,0.0,0.0,1.0
0.0,0,1,1,0.5669784460614072,1,0,0,0,0,0,0,0,0,-1.511452950283691,-0.5765918612201144,0.0,1.0,0.0,1.0,1.0,0.0,0.0
1.0,0,0,1,-1.107450338890116,1,0,0,0,0,0,0,0,0,-1.4847511257498973,-0.965514965142752,0.0,1.0,0.0,0.0,0.0,0.0,1.0
1.0,0,1,1,1.6288113340794463,1,1,1,1,1,1,1,0,1,1.3823572835661997,2.3547648064913984,1.0,0.0,0.0,1.0,1.0,0.0,0.0
0.0,0,1,0,1.3020935223815882,1,0,0,0,0,0,0,0,0,-1.509784086250329,-0.4651945700748439,0.0,1.0,0.0,1.0,1.0,0.0,0.0
1.0,0,0,1,0.4444592666747104,0,0,1,1,1,0,0,0,1,-0.8088611922382446,-0.15195223711793915,0.0,0.0,0.0,0.0,0.0,1.0,0.0
1.0,0,0,0,-0.20897635672100598,1,0,0,0,0,0,0,0,1,-1.511452950283691,-0.7671170345564157,0.0,1.0,0.0,0.0,0.0,1.0,0.0
1.0,1,0,0,0.7303373519103363,1,1,0,0,0,0,1,1,1,1.035233564626882,1.1396469798602757,1.0,0.0,0.0,0.0,0.0,1.0,0.0
1.0,1,1,1,0.24026063436354905,1,1,0,1,0,0,1,1,0,1.2171397442633516,0.6615660120523538,1.0,0.0,0.0,0.0,0.0,1.0,0.0
1.0,1,1,0,1.547131881154982,1,0,1,1,1,0,1,1,0,1.3573243230657681,2.3384410668825684,1.0,0.0,0.0,1.0,1.0,0.0,0.0
0.0,1,0,0,0.5669784460614072,1,0,0,1,1,0,1,0,1,0.8883735296910165,0.8325872076816474,1.0,0.0,1.0,0.0,0.0,0.0,0.0
0.0,0,1,1,1.4654524282305172,1,1,0,1,0,1,0,0,1,0.6330373325866147,1.5473846392448616,1.0,0.0,1.0,0.0,0.0,0.0,0.0
1.0,0,1,1,1.547131881154982,1,1,0,0,0,0,0,0,0,-1.3128581303136004,-0.23988693250392426,0.0,1.0,0.0,1.0,0.0,0.0,1.0
0.0,0,1,0,1.0978948900704268,1,1,0,0,1,1,1,0,0,0.9567969550588628,1.3930874929150778,1.0,0.0,0.0,0.0,0.0,1.0,0.0
0.0,0,0,0,-1.1482900653523482,0,0,1,0,1,1,0,1,0,-0.5485184030337562,-0.9128075225365848,0.0,0.0,0.0,0.0,0.0,0.0,1.0
1.0,0,0,0,-0.658213347805561,1,0,0,0,0,0,0,0,0,-1.4997709020501564,-0.8762903829756876,0.0,1.0,0.0,1.0,0.0,0.0,1.0
1.0,0,0,0,-1.270809244739045,0,0,0,0,0,0,1,1,1,-0.6469813810021205,-0.9826170847056812,0.0,0.0,0.0,0.0,0.0,0.0,1.0
1.0,0,0,0,-0.2906558096454705,1,1,0,0,0,0,1,1,1,1.0018562839596399,0.0478690168130363,1.0,0.0,0.0,0.0,0.0,0.0,0.0
0.0,0,1,1,0.5669784460614072,1,0,0,0,0,0,0,0,0,-1.4830822617165353,-0.6067485245846557,0.0,1.0,0.0,1.0,0.0,0.0,0.0
0.0,0,0,0,-0.7807325271922578,1,0,1,0,0,0,1,1,1,0.24252314877988185,-0.591848108320465,0.0,0.0,0.0,0.0,0.0,1.0,0.0
1.0,0,1,0,-0.08645717733430915,1,0,0,0,0,0,0,0,0,-1.4680624854162763,-0.7416306509164716,0.0,1.0,1.0,0.0,1.0,0.0,0.0
0.0,0,1,1,-0.4131749890321673,1,0,0,0,0,0,0,1,1,0.5162168502512673,-0.20630539734134518,1.0,0.0,0.0,0.0,0.0,1.0,0.0
1.0,1,1,0,1.5879716076172141,1,1,1,1,1,1,1,1,1,1.6810839455380167,2.5629258456448687,1.0,0.0,0.0,1.0,0.0,0.0,0.0
0.0,0,1,0,-0.49485444195663186,1,0,0,0,0,0,0,0,1,-1.4914265818833459,-0.8175338161548042,0.0,1.0,1.0,0.0,0.0,0.0,1.0
0.0,0,0,0,0.24026063436354905,1,0,0,0,0,0,0,0,0,-1.489757717849984,-0.7011104144487768,0.0,1.0,1.0,0.0,0.0,0.0,1.0
0.0,1,1,0,1.3837729753060528,1,1,0,1,1,0,1,1,1,0.5295677625181638,1.3390901635278316,0.0,0.0,0.0,1.0,0.0,0.0,0.0
1.0,0,1,0,1.4654524282305172,1,0,1,1,1,0,0,1,0,0.20914586811263974,1.1061766418339967,0.0,0.0,0.0,1.0,0.0,0.0,0.0
0.0,0,0,0,1.0162154371459622,1,1,1,1,0,1,0,0,1,0.7632087271888586,1.169959319215637,1.0,0.0,0.0,0.0,0.0,0.0,0.0
1.0,0,1,1,0.689497625448104,1,1,0,0,0,0,1,0,0,0.6614080211537702,0.8897425357398118,1.0,0.0,0.0,0.0,0.0,1.0,0.0
0.0,0,1,0,1.5062921546927495,1,1,0,0,0,0,0,0,0,-1.349573139047567,-0.272512172294324,0.0,1.0,0.0,1.0,0.0,0.0,0.0
1.0,1,1,0,-0.12729690379654143,1,1,0,0,0,1,0,0,1,0.48784616168411116,0.07119817600876188,1.0,0.0,0.0,0.0,0.0,1.0,0.0
0.0,0,1,0,0.03606200205238767,1,0,1,0,1,1,1,1,1,1.3039206739981808,0.49219053404029944,1.0,0.0,1.0,0.0,0.0,1.0,0.0
1.0,0,0,0,0.4444592666747104,0,0,0,0,1,1,0,1,0,-0.6853652537694489,-0.14374588845900424,0.0,0.0,1.0,0.0,0.0,1.0,0.0
0.0,0,1,1,-0.12729690379654143,1,0,0,0,0,0,0,0,0,-1.4914265818833459,-0.7625579519681185,0.0,1.0,1.0,0.0,0.0,1.0,0.0
0.0,0,1,1,0.6078181725236395,1,0,0,1,0,1,0,1,0,-0.029501688658141532,0.3348243467486375,0.0,0.0,0.0,1.0,0.0,0.0,0.0
1.0,0,0,0,0.11774145497685222,1,0,0,0,0,0,0,0,1,-1.5197972704505016,-0.7189909139658056,0.0,1.0,1.0,0.0,0.0,0.0,1.0
0.0,0,1,1,1.6288113340794463,1,1,1,1,1,1,1,1,0,0.8383076086901533,1.8930075782923064,0.0,0.0,0.0,1.0,1.0,0.0,0.0
1.0,0,0,0,-1.0257708859656514,1,1,0,0,0,0,0,0,1,-1.3228713145137732,-0.9347355978149313,0.0,1.0,0.0,0.0,0.0,0.0,0.0
0.0,0,0,0,-0.6990530742677933,1,0,0,0,0,0,0,0,0,-1.511452950283691,-0.874088679676949,0.0,1.0,0.0,0.0,0.0,0.0,0.0
0.0,0,0,0,0.24026063436354905,1,1,1,1,1,0,1,1,0,0.6480571088868732,0.4150642003026675,0.0,0.0,1.0,0.0,0.0,0.0,0.0
0.0,0,1,0,0.97537571068373,1,1,0,1,0,0,1,1,1,1.1203456303283492,1.4472849771476641,1.0,0.0,1.0,0.0,0.0,1.0,0.0
0.0,1,0,0,-0.6173736213433287,1,0,0,1,1,0,1,0,1,0.8166123762564462,-0.3369620324937638,1.0,0.0,0.0,0.0,0.0,1.0,0.0
0.0,0,1,1,0.1585811814390845,1,1,1,1,1,1,1,1,1,0.9417771787586041,0.5002856855629343,0.0,0.0,0.0,1.0,1.0,0.0,0.0
0.0,0,0,0,0.1585811814390845,1,1,0,1,1,0,1,1,1,1.3389668186987849,0.7258824356882336,1.0,0.0,1.0,0.0,0.0,0.0,0.0
1.0,0,0,0,-0.24981608318323825,1,0,0,1,1,1,0,0,1,0.6847721176208398,-0.03108094995991449,1.0,0.0,1.0,0.0,0.0,1.0,0.0
0.0,1,1,0,0.2811003608257813,1,1,0,0,0,1,1,1,1,1.2204774723300755,0.7537706774722563,1.0,0.0,0.0,0.0,0.0,1.0,0.0
1.0,1,0,0,-0.82157225365449,0,0,0,1,0,0,0,0,1,-1.179349007644632,-0.8332126123730944,0.0,0.0,0.0,0.0,1.0,0.0,0.0
0.0,0,1,0,1.0978948900704268,1,0,0,1,0,1,1,1,1,1.1804247355293849,1.6814661461953182,1.0,0.0,0.0,1.0,0.0,0.0,1.0
0.0,1,0,0,-1.1891297918145805,1,0,0,0,0,0,0,0,1,0.18745063567893216,-0.898018303408694,1.0,0.0,0.0,0.0,0.0,1.0,0.0
1.0,1,0,0,-0.04561745087207687,1,1,0,0,1,1,1,0,1,1.0652731172273995,0.27731318785431325,1.0,0.0,0.0,0.0,0.0,0.0,0.0
0.0,0,0,0,-1.270809244739045,1,1,0,0,0,0,1,1,1,0.9734855953924838,-0.9610226008362348,1.0,0.0,0.0,0.0,0.0,1.0,0.0
0.0,0,0,0,-1.1482900653523482,1,0,0,0,0,0,0,0,0,-0.6352993327685857,-0.9177891542428217,0.0,0.0,0.0,0.0,0.0,0.0,1.0
1.0,0,1,1,0.2811003608257813,1,1,0,0,0,0,0,0,1,-1.364592915347826,-0.6007661186517194,0.0,1.0,0.0,1.0,0.0,0.0,1.0
1.0,0,0,0,0.19942090790131678,1,0,0,0,0,0,0,0,0,-1.4864199897832595,-0.6532734064125466,0.0,1.0,1.0,0.0,1.0,0.0,0.0
0.0,1,0,0,0.5669784460614072,1,1,0,1,1,0,1,1,1,1.3272847704652504,1.1606187597664428,1.0,0.0,0.0,0.0,0.0,1.0,0.0
1.0,0,1,1,0.5261387195991749,1,0,1,1,1,1,1,1,1,0.6564014290536837,0.7132504410045617,0.0,0.0,0.0,1.0,0.0,0.0,1.0
1.0,0,0,1,-0.9849311595034191,1,0,0,0,0,0,0,0,0,-1.509784086250329,-0.931955669407433,0.0,1.0,0.0,0.0,0.0,0.0,0.0
1.0,0,1,1,0.689497625448104,0,0,1,0,0,0,0,1,1,-0.8505827930722972,-0.18517794144435837,0.0,0.0,0.0,0.0,0.0,1.0,0.0
0.0,0,0,0,0.40361954021247815,1,0,1,1,1,1,0,1,0,0.30760884608100403,0.40301043072775505,0.0,0.0,1.0,0.0,1.0,0.0,0.0
1.0,0,1,1,-0.7398928007300255,1,0,0,0,0,0,0,0,0,-1.4997709020501564,-0.8651706693456946,0.0,1.0,1.0,0.0,0.0,0.0,1.0
1.0,0,1,1,-0.7807325271922578,1,0,0,0,1,0,1,1,0,1.0786240294942966,-0.40921793166145876,1.0,0.0,0.0,0.0,0.0,1.0,0.0
0.0,1,1,0,0.2811003608257813,1,0,1,1,0,0,1,1,0,1.1487163188955047,0.722101733054036,1.0,0.0,1.0,0.0,0.0,0.0,1.0
1.0,0,1,1,1.6288113340794463,1,1,1,1,1,0,1,1,1,1.4591250291008568,2.4520178218993176,1.0,0.0,0.0,1.0,1.0,0.0,0.0
0.0,1,0,0,-0.6990530742677933,1,0,1,0,1,1,0,1,1,1.055259933027227,-0.36816394893952437,1.0,0.0,0.0,0.0,0.0,0.0,1.0
0.0,0,1,0,0.97537571068373,1,1,1,0,0,0,1,1,1,1.1120013101615387,1.3415365005264301,1.0,0.0,1.0,0.0,0.0,1.0,0.0
1.0,0,0,0,-1.270809244739045,1,0,0,0,0,0,1,0,1,0.47616411345057663,-0.9676499501597108,1.0,0.0,0.0,0.0,0.0,1.0,0.0
1.0,0,0,0,-1.107450338890116,0,0,1,0,1,1,0,0,0,-0.8238809685385037,-0.9033780053783507,0.0,0.0,0.0,0.0,0.0,0.0,1.0
0.0,0,1,1,0.19942090790131678,1,0,0,0,0,0,0,0,0,-1.513121814317053,-0.6986418380229183,0.0,1.0,0.0,0.0,0.0,1.0,0.0
0.0,0,1,0,-0.5356941684188642,1,1,0,0,1,0,0,1,0,0.8333010165900673,-0.21947113827925704,1.0,0.0,0.0,0.0,0.0,0.0,1.0
0.0,0,1,1,1.0162154371459622,1,0,1,1,0,0,0,0,0,-0.3749565435640972,0.3551734226915248,0.0,0.0,1.0,0.0,0.0,1.0,0.0
0.0,0,0,0,-0.2906558096454705,1,1,0,0,0,0,1,0,1,0.6647457492204942,-0.0740252839989476,1.0,0.0,0.0,0.0,0.0,0.0,1.0
1.0,0,0,1,-1.1891297918145805,1,1,0,0,0,0,0,0,1,-1.2778119856129964,-0.9488353946977623,0.0,1.0,0.0,1.0,0.0,0.0,1.0
1.0,0,0,0,-0.7807325271922578,1,0,0,0,0,0,0,0,0,-1.5147906783504155,-0.8872766600421207,0.0,1.0,1.0,0.0,1.0,0.0,0.0
0.0,1,0,0,0.19942090790131678,1,1,0,0,0,0,0,0,1,0.3860454556490228,0.2611228848090435,1.0,0.0,0.0,0.0,0.0,1.0,0.0
1.0,0,1,0,0.6078181725236395,1,0,0,1,1,0,1,1,0,0.29759566188083103,0.5640683629445746,0.0,0.0,0.0,1.0,0.0,1.0,0.0
0.0,0,1,1,0.6078181725236395,1,1,1,1,0,1,1,1,1,0.6881098456875638,0.8240917464683325,0.0,0.0,0.0,1.0,1.0,0.0,0.0
0.0,0,1,1,0.5261387195991749,1,0,1,0,1,1,1,1,1,0.5445875388184228,0.5689387975145115,0.0,0.0,0.0,1.0,0.0,0.0,1.0
1.0,0,0,0,-0.08645717733430915,1,0,1,1,1,0,0,0,1,0.6547325650203217,0.08189534052081508,1.0,0.0,0.0,0.0,1.0,0.0,0.0
0.0,1,0,0,0.4444592666747104,1,1,0,1,0,0,1,0,1,0.8533273849904124,0.704666022082207,1.0,0.0,0.0,0.0,0.0,1.0,0.0
0.0,0,0,0,-0.8624119801167224,1,1,0,0,0,1,1,0,0,0.8499896569236883,-0.5633371625731627,1.0,0.0,0.0,0.0,0.0,1.0,0.0
1.0,1,1,0,1.6288113340794463,1,1,1,1,1,1,1,1,1,1.6627264411710334,2.7031899133736013,1.0,0.0,0.0,1.0,0.0,0.0,1.0
1.0,0,1,1,1.6288113340794463,1,1,1,1,1,1,0,0,0,0.17243085937867314,1.2667008277965768,0.0,0.0,0.0,1.0,0.0,0.0,0.0
0.0,0,0,0,-1.0257708859656514,1,0,1,1,0,1,1,1,1,0.46114433715031755,-0.7487695070669271,0.0,0.0,0.0,0.0,0.0,1.0,0.0
0.0,0,1,0,1.6288113340794463,1,1,1,1,1,1,1,1,1,0.9250885384249831,2.01561354077661,0.0,0.0,0.0,1.0,0.0,1.0,0.0
0.0,0,0,0,0.1585811814390845,1,1,1,0,1,1,1,1,1,0.8333010165900673,0.4864305223799629,0.0,0.0,1.0,0.0,1.0,0.0,0.0
0.0,0,1,0,1.6288113340794463,1,1,1,1,1,1,1,0,1,1.3105961301316293,2.358456551416556,1.0,0.0,0.0,1.0,0.0,0.0,0.0
0.0,1,0,0,0.11774145497685222,1,0,0,0,0,0,0,0,0,0.19579495584574272,0.07317748503490057,1.0,0.0,0.0,0.0,0.0,1.0,0.0
0.0,1,0,0,-0.7807325271922578,1,0,0,0,1,0,0,0,1,0.32095975834790064,-0.5845090973246695,1.0,0.0,0.0,0.0,0.0,1.0,0.0
1.0,0,0,0,1.3429332488438204,1,1,0,1,1,1,0,1,1,0.3176220302811766,1.1347320664358187,0.0,0.0,0.0,1.0,1.0,0.0,0.0
1.0,1,1,0,-0.0047777244098446,1,1,0,1,1,0,1,1,0,1.3907016037330102,0.5632232647086951,1.0,0.0,0.0,0.0,0.0,0.0,0.0
0.0,0,1,0,-1.1891297918145805,1,0,0,0,0,0,0,0,1,-1.5047774941502425,-0.978191438680944,0.0,1.0,0.0,0.0,0.0,0.0,1.0
0.0,0,1,1,1.1795743429948913,1,0,0,0,1,1,1,1,1,0.3042711180142796,1.0504001582659515,0.0,0.0,0.0,1.0,0.0,0.0,0.0
0.0,0,1,1,1.4654524282305172,1,1,1,0,1,1,1,1,0,1.5709389193361176,2.338174193755449,1.0,0.0,0.0,1.0,1.0,0.0,0.0
1.0,0,0,0,1.0570551636081944,1,0,0,0,0,0,0,0,0,-1.4814133976831734,-0.4994877669097425,0.0,1.0,0.0,1.0,1.0,0.0,0.0
1.0,0,0,0,0.40361954021247815,1,0,0,0,0,0,0,0,0,-1.4981020380167944,-0.6247402212379843,0.0,1.0,1.0,0.0,0.0,0.0,0.0
0.0,0,0,0,1.5879716076172141,1,1,0,1,1,1,1,1,1,1.5542502790024966,2.548492457353137,1.0,0.0,0.0,1.0,0.0,1.0,0.0
0.0,0,1,0,-1.1482900653523482,1,0,0,0,0,0,0,0,0,-1.4864199897832595,-0.962112332771974,0.0,1.0,0.0,0.0,0.0,1.0,0.0
1.0,0,1,0,0.8936962577592654,1,1,0,1,1,0,1,1,1,1.3222781783651638,1.3448946540426878,1.0,0.0,0.0,0.0,0.0,1.0,0.0
1.0,0,0,1,1.3020935223815882,1,0,0,1,0,1,1,1,1,1.1503851829288674,1.7421130643333003,1.0,0.0,0.0,0.0,1.0,0.0,0.0
1.0,0,0,0,0.5669784460614072,0,0,0,1,0,0,0,0,0,-1.147640591010752,-0.38891333457309146,0.0,0.0,0.0,0.0,0.0,0.0,0.0
1.0,0,0,0,-0.37233526256993504,1,1,0,0,1,1,1,1,1,1.3139338581983533,0.09590617969460635,1.0,0.0,0.0,0.0,0.0,0.0,1.0
0.0,0,0,0,-1.1482900653523482,1,1,0,1,0,0,0,0,1,0.5212234423513533,-0.8585655594494787,1.0,0.0,0.0,0.0,0.0,0.0,1.0
0.0,0,0,0,-1.1482900653523482,1,0,0,0,0,0,0,0,1,-0.6469813810021205,-0.9151649018261435,0.0,0.0,0.0,0.0,0.0,0.0,1.0
1.0,0,0,1,-0.5356941684188642,1,0,0,0,0,0,0,0,0,-1.46305589331619,-0.7948273609223584,0.0,1.0,0.0,1.0,1.0,0.0,0.0
1.0,0,1,1,0.5669784460614072,1,0,1,0,1,1,0,0,0,-0.259804925262112,0.1359371487625814,0.0,0.0,1.0,0.0,0.0,0.0,1.0
0.0,0,0,0,-1.229969518276813,1,0,0,0,0,0,0,0,1,-0.6486502450354825,-0.9697626957494094,0.0,0.0,0.0,0.0,0.0,0.0,1.0
1.0,0,0,0,-0.7398928007300255,0,0,0,1,0,0,0,0,1,-1.1209387664769583,-0.8160882533829051,0.0,0.0,0.0,0.0,0.0,0.0,1.0
0.0,0,0,1,-1.1891297918145805,0,0,0,1,0,0,0,0,0,-1.1693358234444595,-0.9627127973079936,0.0,0.0,0.0,0.0,0.0,0.0,1.0
0.0,0,0,0,-1.1482900653523482,1,0,0,0,0,0,0,0,0,-1.479744533649811,-0.9682948935502502,0.0,1.0,0.0,0.0,0.0,0.0,1.0
1.0,0,0,0,-1.270809244739045,1,0,0,0,0,0,0,0,0,-1.489757717849984,-0.9938479954719742,0.0,1.0,0.0,0.0,0.0,0.0,1.0
1.0,0,0,0,0.2811003608257813,0,0,0,0,0,1,0,1,1,-0.8038546001381583,-0.33802952500224315,0.0,0.0,0.0,0.0,0.0,1.0,0.0
0.0,0,1,0,-1.229969518276813,0,0,0,0,0,0,1,1,0,-0.6703454774691899,-0.9595770380643357,0.0,0.0,0.0,0.0,0.0,1.0,0.0
0.0,0,0,0,-1.270809244739045,1,0,0,0,0,0,0,0,0,-1.506446358183605,-0.9940703897445741,0.0,1.0,0.0,0.0,0.0,0.0,1.0
1.0,0,1,0,-0.49485444195663186,1,0,0,0,0,0,0,0,0,-1.4697313494496385,-0.8170667881823446,0.0,1.0,1.0,0.0,0.0,0.0,1.0
1.0,0,0,0,-0.04561745087207687,1,0,0,1,1,0,1,1,1,1.2254840644301621,0.3954935043138797,1.0,0.0,0.0,0.0,0.0,1.0,0.0
1.0,0,0,0,1.5879716076172141,1,1,1,0,0,1,0,1,0,1.1003192619280042,1.971913066210737,1.0,0.0,1.0,0.0,1.0,0.0,0.0
1.0,0,0,0,-1.107450338890116,1,0,0,0,0,0,0,0,0,-1.4930954459167078,-0.9551513920395984,0.0,1.0,0.0,0.0,0.0,0.0,1.0
1.0,0,1,0,0.8528565312970331,1,0,0,0,0,0,0,0,0,-1.49476430995007,-0.5090284812042766,0.0,1.0,0.0,1.0,1.0,0.0,0.0
1.0,0,0,0,-0.9032517065789546,1,1,1,0,0,0,1,1,0,1.1303588145285217,-0.5541745185420485,1.0,0.0,0.0,0.0,0.0,1.0,0.0
1.0,0,1,1,-0.9440914330411869,1,0,0,0,0,0,0,0,0,-1.5047774941502425,-0.9149647469808034,0.0,1.0,0.0,1.0,0.0,0.0,1.0
0.0,0,1,0,0.40361954021247815,1,1,0,0,1,1,0,0,1,0.7081362140879094,0.6561840706554372,1.0,0.0,0.0,0.0,1.0,0.0,0.0
0.0,0,0,0,0.3219400872880136,1,0,0,0,0,0,0,0,0,-1.5031086301168806,-0.633480316151159,0.0,1.0,0.0,1.0,1.0,0.0,0.0
0.0,0,1,0,-1.0666106124278838,1,1,0,1,1,0,1,1,1,1.355655459032406,-0.76026729096034,1.0,0.0,0.0,0.0,0.0,1.0,0.0
1.0,1,1,1,-0.24981608318323825,1,1,0,1,1,0,1,1,0,1.370675235332665,0.20272214882431983,1.0,0.0,0.0,0.0,0.0,1.0,0.0
1.0,0,1,1,1.2204140694571237,1,1,1,1,1,1,1,1,0,1.6977725858716377,2.181497428708847,1.0,0.0,0.0,1.0,0.0,0.0,0.0
1.0,0,1,1,0.5669784460614072,1,0,0,0,0,0,0,0,1,-1.4847511257498973,-0.6266528119823432,0.0,1.0,1.0,0.0,0.0,0.0,0.0
1.0,1,0,0,-1.270809244739045,1,1,0,0,0,0,0,0,1,0.3560059030485047,-0.9692511889224297,1.0,0.0,0.0,0.0,0.0,1.0,0.0
0.0,0,0,0,-0.2906558096454705,1,0,0,1,1,0,1,1,1,1.1620672311624018,0.050960297202174494,1.0,0.0,0.0,0.0,0.0,1.0,0.0
1.0,1,0,0,-0.9032517065789546,1,0,0,1,0,0,0,0,1,0.27256270138039945,-0.6964623741514396,1.0,0.0,0.0,0.0,0.0,1.0,0.0
1.0,0,1,0,0.11774145497685222,1,1,0,0,0,1,0,1,1,0.8399764727235153,0.4032995432821347,1.0,0.0,0.0,0.0,0.0,0.0,0.0
1.0,0,0,0,-0.9849311595034191,1,0,0,1,0,1,1,0,1,0.06562356124349876,-0.7710534131814332,0.0,0.0,0.0,0.0,0.0,1.0,0.0
1.0,0,0,0,1.6288113340794463,0,0,1,0,1,1,1,1,1,-0.11628261839297083,0.949966904759854,0.0,0.0,0.0,1.0,1.0,0.0,0.0
1.0,0,0,0,-0.5765338948810964,1,0,0,1,1,0,1,1,0,1.2221463363634375,-0.2045262431605463,1.0,0.0,0.0,0.0,1.0,0.0,0.0
1.0,1,0,0,1.424612701768285,1,0,1,1,0,1,1,1,1,1.3473111388655954,2.187124003805623,1.0,0.0,0.0,1.0,0.0,1.0,0.0
1.0,0,0,0,-1.1891297918145805,1,1,0,0,0,0,0,0,1,0.40940955211609237,-0.9011763020796121,1.0,0.0,0.0,0.0,0.0,1.0,0.0
1.0,0,1,0,0.4852989931369427,1,0,0,0,0,0,1,1,1,0.8666782972573094,0.7648903911022494,1.0,0.0,1.0,0.0,0.0,0.0,0.0
0.0,0,1,1,0.9345359842214976,1,1,1,0,0,0,1,1,0,1.208795424096541,1.4207088615719807,1.0,0.0,1.0,0.0,0.0,0.0,1.0
0.0,0,1,0,1.3020935223815882,0,0,1,0,1,1,0,1,0,-0.561869315300653,0.39720594021289857,0.0,0.0,0.0,1.0,0.0,1.0,0.0
0.0,0,1,0,1.0978948900704268,1,1,1,1,0,0,1,0,1,1.0035251479930019,1.487004594233999,1.0,0.0,0.0,0.0,0.0,1.0,0.0
0.0,0,1,0,0.7711770783725685,1,1,0,0,0,0,0,0,0,-1.3078515382135143,-0.432880682266084,0.0,1.0,0.0,1.0,0.0,0.0,1.0
1.0,0,0,0,1.138734616532659,0,0,1,1,1,0,0,0,0,-0.8372318808054005,0.07562382203349904,0.0,0.0,0.0,1.0,0.0,0.0,0.0
0.0,0,0,0,-1.1482900653523482,0,0,1,1,0,0,0,0,1,-1.035826700775491,-0.941451904847447,0.0,0.0,0.0,0.0,0.0,1.0,0.0
1.0,0,0,0,-0.9032517065789546,1,0,1,0,1,0,1,1,1,1.1420408627620569,-0.529088444592784,1.0,0.0,1.0,0.0,0.0,1.0,0.0
0.0,1,0,0,1.3020935223815882,1,0,1,1,0,1,1,0,1,0.18411290761220817,0.9903314652367289,0.0,0.0,0.0,1.0,1.0,0.0,0.0
1.0,0,1,1,0.97537571068373,1,0,0,1,1,1,0,0,1,0.7064673500545469,1.1294613221752023,1.0,0.0,1.0,0.0,0.0,0.0,1.0
0.0,0,0,0,0.1585811814390845,0,0,1,1,1,1,0,1,1,-0.38663859179763194,-0.1571117842422559,0.0,0.0,0.0,1.0,0.0,0.0,1.0
0.0,1,0,0,-1.107450338890116,1,0,0,0,1,0,1,0,1,0.6730900693873048,-0.817934125845484,1.0,0.0,0.0,0.0,0.0,0.0,1.0
0.0,0,0,0,-1.270809244739045,0,0,0,0,0,0,0,0,0,-1.2961694899799794,-0.991268221909816,0.0,0.0,1.0,0.0,0.0,0.0,1.0
0.0,0,1,1,1.138734616532659,1,0,0,1,1,1,1,1,1,0.5312366265515258,1.1974694907362398,0.0,0.0,0.0,1.0,0.0,0.0,0.0
1.0,0,1,1,-0.7807325271922578,1,1,0,1,1,1,1,0,1,0.2708938373470374,-0.5890904193402267,0.0,0.0,0.0,0.0,0.0,1.0,0.0
1.0,0,1,1,1.5879716076172141,1,1,1,0,1,0,1,1,0,1.3639997791992164,2.291115565673318,1.0,0.0,0.0,1.0,0.0,1.0,0.0
1.0,0,1,0,-1.229969518276813,1,0,0,0,1,0,0,0,0,0.39105204774910934,-0.9352471046419107,1.0,0.0,0.0,0.0,0.0,1.0,0.0
0.0,0,0,1,-0.7807325271922578,1,1,1,1,1,1,1,1,0,0.8099369201229977,-0.48603291341745086,0.0,0.0,0.0,1.0,1.0,0.0,0.0
0.0,0,0,0,-0.4131749890321673,1,0,1,0,0,0,0,0,1,-0.4967836179995311,-0.5361605824614597,0.0,0.0,0.0,0.0,0.0,1.0,0.0
0.0,0,1,0,1.4654524282305172,1,1,0,0,1,0,1,0,1,0.8433142007902398,1.654534199783475,1.0,0.0,0.0,1.0,0.0,0.0,0.0
1.0,0,0,0,1.6288113340794463,1,0,0,0,0,0,0,0,0,-1.5147906783504155,-0.373479172054661,0.0,1.0,0.0,1.0,0.0,0.0,0.0
1.0,0,0,0,-1.107450338890116,1,0,0,0,0,0,1,0,1,0.5312366265515258,-0.817934125845484,1.0,0.0,0.0,0.0,0.0,1.0,0.0
0.0,0,1,1,1.5062921546927495,1,1,1,0,1,0,0,0,0,0.6597391571204082,1.59862427965187,1.0,0.0,1.0,0.0,0.0,0.0,0.0
0.0,0,0,0,1.547131881154982,1,1,1,1,1,1,1,1,0,1.6977725858716377,2.6122973741620377,1.0,0.0,1.0,0.0,1.0,0.0,0.0
0.0,0,0,1,-1.270809244739045,1,0,0,0,0,0,1,0,1,0.4895150257174732,-0.9674720347416308,1.0,0.0,0.0,0.0,0.0,1.0,0.0
1.0,0,1,1,0.8528565312970331,1,1,0,1,1,0,1,1,1,1.353986594999044,1.4775083587939852,1.0,0.0,1.0,0.0,0.0,1.0,0.0
0.0,0,0,0,-0.6990530742677933,1,0,0,0,0,0,0,0,0,-1.5047774941502425,-0.8695963153704317,0.0,1.0,0.0,0.0,0.0,0.0,1.0
1.0,0,1,1,-0.2906558096454705,1,0,0,0,0,0,0,0,0,-1.49476430995007,-0.7779476356320288,0.0,1.0,1.0,0.0,0.0,1.0,0.0
0.0,0,0,0,-0.7807325271922578,0,0,1,0,0,0,0,0,1,-1.1292830866437689,-0.827474840140018,0.0,0.0,0.0,0.0,0.0,0.0,0.0
1.0,0,1,1,-0.5356941684188642,1,0,0,0,0,0,0,0,0,-1.49476430995007,-0.843665143185288,0.0,1.0,1.0,0.0,0.0,0.0,1.0
1.0,0,1,0,-0.04561745087207687,1,1,0,0,1,0,1,0,0,0.7999237359228252,0.19069061867666723,1.0,0.0,0.0,0.0,1.0,0.0,0.0
0.0,0,0,0,0.8936962577592654,1,0,0,0,0,0,0,0,0,-1.4880888538166215,-0.522639010687388,0.0,1.0,0.0,1.0,0.0,0.0,1.0
1.0,0,0,0,-1.270809244739045,1,0,1,0,0,0,0,0,1,-0.5385052188335837,-0.9811715219337822,0.0,0.0,0.0,0.0,0.0,0.0,1.0
1.0,0,0,0,0.24026063436354905,1,1,0,0,1,1,1,0,0,1.0118694681598124,0.6009635727688916,1.0,0.0,1.0,0.0,0.0,0.0,0.0
0.0,0,0,0,0.11774145497685222,0,0,0,0,1,1,0,0,1,-1.0425021569089394,-0.4797613949301348,0.0,0.0,0.0,0.0,0.0,0.0,1.0
1.0,0,0,0,-1.229969518276813,1,1,0,0,0,0,0,0,1,0.2859136136472965,-0.944476466954805,1.0,0.0,0.0,0.0,1.0,0.0,0.0
1.0,0,0,0,-0.6173736213433287,1,0,0,0,0,0,0,0,0,-1.509784086250329,-0.8386167931972711,0.0,1.0,0.0,1.0,1.0,0.0,0.0
1.0,0,0,0,-0.9440914330411869,1,0,0,0,0,0,0,0,0,-1.4830822617165353,-0.9233712504850783,0.0,1.0,0.0,0.0,0.0,0.0,1.0
0.0,0,0,0,-1.270809244739045,1,0,0,0,0,0,0,0,0,0.21415246021272577,-0.9711415402395286,1.0,0.0,0.0,0.0,0.0,0.0,1.0
0.0,0,1,1,1.4654524282305172,1,1,1,1,1,1,1,1,0,0.7782285034891177,1.7379765308629427,0.0,0.0,0.0,1.0,1.0,0.0,0.0
1.0,0,0,0,-0.20897635672100598,1,0,1,0,1,1,1,0,0,0.1557422190450521,-0.14552504263980315,0.0,0.0,1.0,0.0,1.0,0.0,0.0
1.0,0,1,1,-0.5765338948810964,1,0,0,0,1,0,0,1,0,-0.24144742089512874,-0.5620472757920836,0.0,0.0,0.0,0.0,0.0,1.0,0.0
1.0,0,0,0,-1.1891297918145805,1,0,0,0,0,0,1,0,0,-0.3182151664297857,-0.9319779088346929,0.0,0.0,0.0,0.0,0.0,0.0,1.0
1.0,0,1,0,1.547131881154982,1,1,1,1,1,1,1,0,0,0.49118388975083566,1.4564253817515183,0.0,0.0,1.0,0.0,0.0,0.0,0.0
1.0,0,0,0,-0.49485444195663186,1,1,0,0,1,0,1,0,1,0.8683471612906714,-0.2104419308117027,1.0,0.0,0.0,0.0,1.0,0.0,0.0
1.0,0,0,0,-0.0047777244098446,1,0,1,1,1,0,0,1,1,0.9584658190922252,0.3223925069103053,1.0,0.0,0.0,0.0,1.0,0.0,0.0
1.0,0,0,1,-0.20897635672100598,1,0,1,1,0,0,0,0,0,-0.28316902172918135,-0.3055377217754034,0.0,0.0,1.0,0.0,0.0,0.0,1.0
1.0,0,0,0,-1.229969518276813,1,0,0,0,0,0,0,0,0,-1.489757717849984,-0.9877766318299982,0.0,1.0,0.0,0.0,0.0,0.0,1.0
0.0,0,1,0,1.261253795919356,1,1,0,1,1,0,1,1,1,1.4290854765003387,2.0545992567633653,1.0,0.0,1.0,0.0,0.0,1.0,0.0
1.0,0,0,0,-0.24981608318323825,1,0,0,0,0,0,0,0,1,-1.4814133976831734,-0.7753678620698705,0.0,1.0,0.0,0.0,0.0,1.0,0.0
0.0,0,1,0,0.689497625448104,1,0,0,1,1,0,1,1,0,1.158729503095678,1.2322964338253781,1.0,0.0,0.0,0.0,0.0,1.0,0.0
0.0,0,0,0,-1.0257708859656514,1,0,0,0,0,0,0,0,1,0.17243085937867314,-0.7734997501800317,1.0,0.0,0.0,0.0,0.0,0.0,0.0
0.0,0,0,0,-0.4540147154943996,1,0,0,0,0,0,0,0,1,0.13237812257798298,-0.33860775011100275,1.0,0.0,0.0,0.0,0.0,1.0,0.0
1.0,0,0,0,0.8936962577592654,1,1,0,0,1,0,0,1,0,0.8249566964232568,1.1631318150468213,1.0,0.0,0.0,0.0,1.0,0.0,0.0
0.0,0,1,0,1.424612701768285,1,1,0,1,1,0,1,1,1,1.369006371299303,2.0293352673960214,1.0,0.0,1.0,0.0,0.0,0.0,0.0
1.0,0,1,1,-1.1482900653523482,1,0,0,0,0,0,0,0,0,-0.6636700213357416,-0.9273076291100958,0.0,0.0,0.0,0.0,0.0,1.0,0.0
1.0,0,0,0,0.4444592666747104,1,1,0,0,0,0,0,0,1,0.3560059030485047,0.4033885009911748,1.0,0.0,0.0,0.0,1.0,0.0,0.0
0.0,0,1,0,1.3020935223815882,1,1,0,0,0,0,0,0,0,-1.306182674180152,-0.23997589021296423,0.0,1.0,0.0,1.0,0.0,0.0,1.0
0.0,0,0,0,1.3837729753060528,1,0,1,1,1,0,0,0,1,-0.11795148242633308,0.7841497351093973,0.0,0.0,0.0,1.0,0.0,0.0,0.0
0.0,0,0,0,-0.4540147154943996,1,0,1,1,0,1,1,0,0,0.21248359617936377,-0.3245301926554316,0.0,0.0,0.0,1.0,1.0,0.0,0.0
1.0,0,1,1,1.3429332488438204,1,1,0,0,0,0,0,0,0,-1.3328844987139459,-0.23990917193118433,0.0,1.0,0.0,1.0,1.0,0.0,0.0
0.0,0,1,1,0.1585811814390845,0,0,1,0,1,1,0,0,0,-0.8021857361047963,-0.3145224503884378,0.0,0.0,0.0,1.0,1.0,0.0,0.0
0.0,0,1,1,-0.6990530742677933,1,1,0,0,0,0,0,0,1,-1.3161958583803248,-0.8271412487311183,0.0,1.0,0.0,0.0,0.0,1.0,0.0
0.0,0,0,0,-1.270809244739045,1,0,0,0,0,0,0,0,0,-1.496433173983432,-0.9939369531810143,0.0,1.0,0.0,0.0,0.0,0.0,1.0
1.0,0,0,0,-1.1482900653523482,1,0,0,0,0,0,0,0,0,-0.6720143415025521,-0.90457893445039,0.0,0.0,0.0,0.0,0.0,0.0,1.0
0.0,0,0,0,1.0570551636081944,1,0,0,0,0,1,1,1,1,1.0218826523599849,1.5848803136051983,1.0,0.0,0.0,0.0,0.0,1.0,0.0
0.0,1,0,0,-1.229969518276813,1,1,0,1,0,0,0,1,0,0.8282944244899808,-0.9309326557534735,1.0,0.0,0.0,0.0,0.0,1.0,0.0
1.0,0,0,0,-1.107450338890116,1,0,0,0,0,0,0,0,0,-1.479744533649811,-0.9615118682359545,0.0,1.0,0.0,0.0,0.0,0.0,1.0
1.0,0,1,1,0.3219400872880136,1,1,0,0,1,0,1,1,1,0.32930407851471116,0.33860504938283514,0.0,0.0,0.0,0.0,0.0,1.0,0.0
1.0,0,1,0,-0.6173736213433287,1,0,1,1,0,0,0,1,0,0.0038755920091005772,-0.47987259206643473,0.0,0.0,1.0,0.0,0.0,0.0,1.0
0.0,0,0,0,-0.2906558096454705,1,0,1,0,0,1,1,1,1,0.3827077275822988,-0.1163246746474413,0.0,0.0,0.0,0.0,1.0,0.0,0.0
1.0,0,0,1,-0.37233526256993504,0,0,1,0,1,1,0,0,0,-0.8205432404717794,-0.6212486311581666,0.0,0.0,0.0,1.0,0.0,0.0,1.0
1.0,0,0,0,-1.0666106124278838,1,1,0,0,0,1,0,1,1,0.7765596394557556,-0.7704307092181536,1.0,0.0,0.0,0.0,0.0,0.0,0.0
1.0,0,1,1,0.11774145497685222,1,1,0,1,1,1,1,1,1,1.510859814135082,0.6796021875602026,1.0,0.0,0.0,0.0,0.0,1.0,0.0
1.0,0,0,0,0.2811003608257813,1,1,0,1,0,0,0,0,0,0.5579384510853199,0.42667318133238025,1.0,0.0,1.0,0.0,1.0,0.0,0.0
1.0,0,0,1,0.7711770783725685,1,0,0,0,0,1,0,0,0,-0.561869315300653,0.04548939809621782,0.0,0.0,1.0,0.0,1.0,0.0,0.0
0.0,0,0,0,-0.8624119801167224,1,0,0,0,0,0,0,0,1,-0.6686766134358278,-0.7927146153326597,0.0,0.0,0.0,0.0,0.0,0.0,1.0
1.0,1,1,0,0.5669784460614072,1,1,0,0,1,0,1,1,1,1.1403719987286942,1.0276492241789854,1.0,0.0,0.0,0.0,0.0,1.0,0.0
0.0,0,1,0,0.5669784460614072,1,1,1,0,0,0,0,0,0,-0.38663859179763194,0.09132485767904933,0.0,0.0,0.0,0.0,0.0,1.0,0.0
1.0,0,0,0,-1.107450338890116,1,0,0,0,0,0,0,0,1,0.1690931313119491,-0.8583876440313988,1.0,0.0,0.0,0.0,0.0,1.0,0.0
1.0,0,1,1,-1.229969518276813,1,1,1,0,0,0,0,0,0,-0.2664803813955603,-0.9522602664958002,0.0,0.0,0.0,0.0,0.0,0.0,1.0
0.0,0,1,1,0.5669784460614072,1,0,0,0,0,0,0,0,0,-1.511452950283691,-0.5722774123316772,0.0,1.0,0.0,1.0,0.0,0.0,1.0
1.0,0,0,1,-1.270809244739045,1,0,0,0,0,0,0,0,0,-1.5164595423837774,-0.9942038263081341,0.0,1.0,0.0,0.0,0.0,0.0,1.0
1.0,0,0,0,-0.5765338948810964,1,1,0,1,0,0,0,0,1,0.5329054905848883,-0.35697751702775127,1.0,0.0,0.0,0.0,0.0,1.0,0.0
0.0,0,1,1,0.19942090790131678,1,1,0,0,0,0,0,0,1,-1.354579731147653,-0.6194249981228478,0.0,1.0,0.0,1.0,0.0,0.0,0.0
0.0,0,0,0,0.97537571068373,1,0,1,0,1,1,0,0,1,-0.14799103502685093,0.4573635909511611,0.0,0.0,1.0,0.0,1.0,0.0,0.0
1.0,0,1,0,1.6288113340794463,1,0,0,0,1,0,1,1,1,1.000187419926278,1.9983779846501206,1.0,0.0,0.0,0.0,0.0,1.0,0.0
1.0,0,1,1,1.261253795919356,1,0,0,0,0,0,0,0,0,-1.5014397660835184,-0.43528254041016257,0.0,1.0,0.0,1.0,0.0,0.0,1.0
1.0,0,1,1,1.5879716076172141,1,1,1,1,0,1,0,0,1,0.0722990173769468,1.1094013587866947,0.0,0.0,1.0,0.0,1.0,0.0,0.0
0.0,0,0,0,-0.12729690379654143,1,1,0,0,1,0,1,1,1,1.1320276785618837,0.3018877549765979,1.0,0.0,0.0,0.0,1.0,0.0,0.0
1.0,1,0,0,1.3020935223815882,1,0,0,0,0,0,0,0,1,-1.489757717849984,-0.46988708922670097,0.0,1.0,0.0,1.0,0.0,0.0,0.0
1.0,0,0,0,0.8528565312970331,1,0,0,0,1,0,0,1,1,-0.11962034645969509,0.4907894501229203,0.0,0.0,1.0,0.0,0.0,1.0,0.0
0.0,0,1,0,0.9345359842214976,1,1,0,0,1,0,0,0,1,0.436111376649886,0.980168046978915,1.0,0.0,0.0,0.0,0.0,1.0,0.0
0.0,0,1,1,-0.7398928007300255,1,0,0,0,0,0,0,0,0,0.18411290761220817,-0.5372947932517189,1.0,0.0,0.0,0.0,0.0,1.0,0.0
1.0,0,1,1,1.5879716076172141,1,1,0,1,1,0,1,1,1,1.3790195554994755,2.43264728075587,1.0,0.0,0.0,1.0,0.0,0.0,0.0
1.0,0,0,0,-0.12729690379654143,1,0,0,0,0,0,0,0,0,-1.5214661344838636,-0.7672504711199756,0.0,1.0,1.0,0.0,0.0,0.0,1.0
0.0,0,0,0,-0.6990530742677933,1,1,0,0,0,0,0,0,0,-1.3228713145137732,-0.8385945537700111,0.0,1.0,0.0,1.0,0.0,0.0,0.0
1.0,0,0,0,1.5062921546927495,1,0,0,0,0,0,0,0,1,-1.5147906783504155,-0.35875667120855015,0.0,1.0,0.0,1.0,0.0,0.0,0.0
1.0,0,0,0,-0.5356941684188642,1,1,0,0,0,0,0,1,1,0.7114739421546333,-0.32114979971191365,1.0,0.0,0.0,0.0,0.0,0.0,0.0
1.0,0,1,0,1.5879716076172141,1,1,1,1,1,1,1,1,0,0.8633405691905849,1.8456598376557956,0.0,0.0,0.0,1.0,0.0,0.0,0.0
1.0,0,1,1,1.6288113340794463,1,1,1,1,1,1,1,1,0,0.8399764727235153,1.9163367374880313,0.0,0.0,0.0,1.0,1.0,0.0,0.0
0.0,0,0,0,1.6288113340794463,1,1,1,1,0,0,0,0,0,-0.16467967536047198,0.8942571394735888,0.0,0.0,0.0,1.0,0.0,0.0,0.0
1.0,0,0,0,-0.9440914330411869,1,0,0,0,0,0,0,0,1,0.1941260918123807,-0.7368269346283145,1.0,0.0,0.0,0.0,0.0,1.0,0.0
1.0,0,0,0,-1.270809244739045,1,0,0,0,0,0,0,0,0,-0.6169418284016025,-0.9822167750150017,0.0,0.0,0.0,0.0,1.0,0.0,0.0
0.0,0,1,0,0.7711770783725685,0,0,0,1,0,0,1,1,1,-0.5017902100996173,0.13293482608248328,0.0,0.0,0.0,0.0,0.0,1.0,0.0
1.0,0,0,0,-0.82157225365449,1,1,0,0,0,0,1,0,1,0.6597391571204082,-0.5314903027368626,1.0,0.0,0.0,0.0,0.0,1.0,0.0
1.0,0,0,0,-1.107450338890116,1,1,0,1,1,0,0,1,0,1.0636042531940375,-0.7803272543488474,1.0,0.0,0.0,0.0,0.0,1.0,0.0
1.0,0,0,0,0.3219400872880136,1,0,1,1,0,1,0,0,1,-0.0929185219259015,0.17463375219495728,0.0,0.0,0.0,0.0,0.0,0.0,1.0
0.0,0,1,1,0.07690172851461995,1,1,0,0,0,0,0,0,1,-1.30451381014679,-0.594828191573303,0.0,1.0,1.0,0.0,1.0,0.0,0.0
0.0,1,1,0,0.4852989931369427,1,0,1,1,0,1,0,0,1,0.6831032535874778,0.6298303493523536,1.0,0.0,0.0,0.0,0.0,1.0,0.0
0.0,0,0,0,-0.9849311595034191,1,1,0,0,0,0,0,0,1,0.3526681749817807,-0.7462564517865486,1.0,0.0,0.0,0.0,0.0,1.0,0.0
1.0,0,0,0,-0.8624119801167224,0,0,0,1,0,1,0,0,1,-0.9690721394410069,-0.8136863952388267,0.0,0.0,0.0,0.0,0.0,1.0,0.0
0.0,0,0,0,-1.1891297918145805,1,0,0,0,0,0,0,0,0,-1.496433173983432,-0.9773241010178048,0.0,1.0,0.0,0.0,0.0,0.0,1.0
0.0,0,0,1,0.07690172851461995,1,1,1,1,1,1,1,1,1,1.7177989542719831,0.752769903245557,1.0,0.0,0.0,1.0,1.0,0.0,0.0
0.0,0,1,1,0.36277981375024587,1,1,1,1,1,1,0,1,0,0.5078725300844568,0.47668965324008894,0.0,0.0,0.0,0.0,1.0,0.0,0.0
1.0,1,1,0,-1.0257708859656514,1,0,0,0,0,0,0,0,1,0.18077517954548367,-0.7948051214950984,1.0,0.0,0.0,0.0,0.0,0.0,1.0
0.0,0,0,0,0.03606200205238767,1,0,0,1,0,1,0,0,1,0.5095413941178187,0.1914245197762468,1.0,0.0,1.0,0.0,0.0,0.0,0.0
0.0,0,0,0,-1.107450338890116,1,1,1,0,0,0,0,0,1,-0.3632744953305626,-0.8764682983937675,0.0,0.0,0.0,0.0,0.0,1.0,0.0
0.0,0,1,1,1.547131881154982,1,0,1,0,0,1,1,1,0,0.3560059030485047,1.4158829058565636,0.0,0.0,0.0,1.0,1.0,0.0,0.0
1.0,0,1,1,0.4852989931369427,1,0,0,0,0,0,0,0,0,-1.4914265818833459,-0.6198697866680475,0.0,1.0,1.0,0.0,0.0,0.0,0.0
1.0,1,0,0,-1.107450338890116,1,0,0,0,0,0,0,0,0,-1.489757717849984,-0.9608891642726748,0.0,1.0,0.0,0.0,0.0,0.0,0.0
0.0,0,1,0,-0.12729690379654143,1,0,0,0,0,0,0,0,1,-1.506446358183605,-0.7706753429180134,0.0,1.0,0.0,1.0,0.0,0.0,1.0
1.0,1,0,0,-0.5765338948810964,1,1,0,0,1,1,1,0,0,0.9751544594258462,-0.22709926182943224,1.0,0.0,0.0,0.0,0.0,0.0,0.0
0.0,0,0,0,-0.33149553610770277,1,1,0,0,0,0,0,0,0,-1.319533586447049,-0.7567979403077821,0.0,1.0,0.0,1.0,1.0,0.0,0.0
0.0,0,1,1,1.6288113340794463,1,1,0,0,0,0,0,0,1,-1.2828185777130827,-0.11850413851891997,0.0,1.0,0.0,1.0,0.0,0.0,0.0
0.0,0,0,0,-1.270809244739045,1,0,0,0,0,0,0,0,1,-1.4864199897832595,-0.9938035166174544,0.0,1.0,0.0,0.0,0.0,0.0,1.0
0.0,0,1,1,0.5669784460614072,1,0,0,0,1,1,0,1,0,0.8766914814574819,0.8816251447899168,1.0,0.0,1.0,0.0,0.0,0.0,0.0
1.0,0,0,0,-0.9032517065789546,1,0,0,0,0,1,1,1,1,1.0152071962265363,-0.6179794353509487,1.0,0.0,0.0,0.0,1.0,0.0,0.0
1.0,0,1,1,-0.9032517065789546,0,0,1,1,1,1,0,1,0,-0.36661222339728666,-0.7710311737541732,0.0,0.0,0.0,1.0,1.0,0.0,0.0
0.0,1,1,0,1.3837729753060528,1,1,0,1,1,1,1,1,1,1.449111844900684,2.1916830863939203,1.0,0.0,1.0,0.0,1.0,0.0,0.0
1.0,0,0,0,-0.08645717733430915,1,0,0,0,0,0,0,0,0,-1.5014397660835184,-0.7247509256261421,0.0,1.0,1.0,0.0,0.0,0.0,1.0
0.0,0,0,0,-1.0257708859656514,1,0,0,0,0,0,0,0,0,-1.49476430995007,-0.9257508692018968,0.0,1.0,1.0,0.0,0.0,0.0,1.0
0.0,0,0,0,-0.7807325271922578,1,1,0,0,0,0,0,1,1,0.7098050781212714,-0.4620588108311858,1.0,0.0,0.0,0.0,0.0,1.0,0.0
1.0,0,1,1,0.40361954021247815,1,1,1,1,0,0,1,0,1,0.15741108307841456,0.3575308019810834,0.0,0.0,0.0,0.0,0.0,0.0,0.0
0.0,0,1,1,0.5669784460614072,1,1,1,0,1,1,0,1,0,1.1670738232624884,1.0566939161805275,1.0,0.0,0.0,1.0,0.0,0.0,1.0
1.0,0,1,1,-0.37233526256993504,0,0,0,0,0,1,0,0,1,-1.14597172697739,-0.7008657807489169,0.0,0.0,0.0,0.0,0.0,0.0,0.0
1.0,0,0,0,-0.4540147154943996,1,1,0,0,0,0,0,1,1,0.6480571088868732,-0.22996814794597045,1.0,0.0,0.0,0.0,0.0,1.0,0.0
1.0,0,1,1,-0.9849311595034191,1,0,0,0,0,0,0,0,1,-0.7087293502365183,-0.8490915634367245,0.0,0.0,1.0,0.0,0.0,0.0,1.0
1.0,1,1,0,-1.1482900653523482,1,0,0,0,0,0,0,0,1,0.18411290761220817,-0.8780695371564865,1.0,0.0,0.0,0.0,0.0,1.0,0.0
1.0,1,1,0,1.5879716076172141,1,1,0,0,0,0,0,0,0,-1.3595863232477394,-0.22162836272347566,0.0,1.0,0.0,1.0,0.0,0.0,0.0
1.0,0,0,0,0.4852989931369427,1,0,0,0,0,0,0,0,0,-1.489757717849984,-0.6268084879731631,0.0,1.0,0.0,1.0,0.0,0.0,1.0
1.0,0,0,0,-0.24981608318323825,1,1,1,1,0,0,0,0,0,-0.10460057015943627,-0.2991327667245273,0.0,0.0,1.0,0.0,0.0,1.0,0.0
1.0,0,0,0,-0.8624119801167224,1,0,0,0,1,0,0,1,0,0.6714212053539428,-0.6074601862569752,1.0,0.0,0.0,0.0,0.0,1.0,0.0
1.0,1,0,0,0.2811003608257813,1,1,0,0,0,0,1,1,1,1.03356470059352,0.6692163750297891,1.0,0.0,0.0,0.0,0.0,0.0,0.0
1.0,1,1,1,1.3020935223815882,1,1,1,0,1,1,1,1,1,1.5659323272360313,2.154787876569603,1.0,0.0,0.0,1.0,0.0,0.0,0.0
1.0,0,0,0,-1.270809244739045,1,0,0,0,0,0,0,0,0,-1.4697313494496385,-0.9935811223448545,0.0,1.0,0.0,0.0,0.0,1.0,0.0
0.0,0,1,0,0.97537571068373,1,1,1,1,1,0,1,1,0,1.5058532220349954,1.7147363293762572,1.0,0.0,1.0,0.0,0.0,0.0,0.0
1.0,0,0,0,0.6078181725236395,1,1,1,1,0,0,1,0,0,1.0051940120263638,1.014728116940934,1.0,0.0,1.0,0.0,0.0,0.0,0.0
0.0,1,0,0,0.5261387195991749,1,1,0,0,1,0,1,1,1,1.1837624635961095,0.9809019480784948,1.0,0.0,1.0,0.0,0.0,0.0,0.0
0.0,0,0,0,1.5062921546927495,1,1,1,0,1,1,1,1,1,0.6897787097209258,1.620329960657616,0.0,0.0,0.0,1.0,1.0,0.0,0.0
1.0,0,0,0,-1.270809244739045,1,0,0,0,0,0,0,0,1,-1.4764068055830868,-0.9936700800538946,0.0,1.0,0.0,0.0,0.0,0.0,1.0
0.0,0,0,0,-1.270809244739045,1,0,0,0,0,0,0,0,1,0.20080154794582922,-0.9713194556576085,1.0,0.0,0.0,0.0,0.0,0.0,1.0
1.0,0,1,1,-1.0257708859656514,1,0,1,0,1,1,0,1,1,0.2224967803795363,-0.7733663136164718,0.0,0.0,0.0,0.0,1.0,0.0,0.0
0.0,0,1,0,-0.658213347805561,0,0,0,0,0,1,1,1,1,-0.49177702589944455,-0.6423983264824134,0.0,0.0,0.0,0.0,0.0,1.0,0.0
1.0,0,1,1,-0.33149553610770277,1,1,1,0,0,0,0,0,0,-0.33156607869668253,-0.4075722140442197,0.0,0.0,0.0,0.0,0.0,1.0,0.0
1.0,0,1,1,0.11774145497685222,1,0,0,1,0,1,1,0,1,0.8349698806234293,0.40525661288101356,1.0,0.0,1.0,0.0,0.0,1.0,0.0
0.0,0,1,0,0.4852989931369427,1,1,1,1,1,1,0,0,1,1.0152071962265363,0.8033201214075055,1.0,0.0,0.0,0.0,1.0,0.0,0.0
1.0,1,1,0,0.11774145497685222,1,1,1,1,0,0,0,1,1,0.9968496918595533,0.4941253642119182,1.0,0.0,0.0,0.0,0.0,1.0,0.0
0.0,0,0,0,-0.37233526256993504,1,0,0,1,1,0,0,0,0,-0.2965199339960784,-0.41215353605977695,0.0,0.0,1.0,0.0,0.0,0.0,0.0
0.0,0,1,1,1.5062921546927495,1,1,1,0,0,1,0,0,0,-0.10960716225952255,0.8030087694258656,0.0,0.0,0.0,1.0,1.0,0.0,0.0
1.0,0,1,0,-0.9032517065789546,1,0,0,0,0,0,0,0,1,0.18745063567893216,-0.6744231017367934,1.0,0.0,0.0,0.0,0.0,1.0,0.0
1.0,1,1,1,1.1795743429948913,1,1,0,1,0,0,1,1,0,1.1453785908287808,1.6523102570574764,1.0,0.0,1.0,0.0,0.0,1.0,0.0
1.0,0,0,1,-0.9849311595034191,0,0,1,0,0,1,0,1,1,-0.6720143415025521,-0.850003379954384,0.0,0.0,0.0,1.0,0.0,0.0,1.0
0.0,1,0,0,-1.107450338890116,0,0,0,0,0,0,1,1,0,-0.6336304687352236,-0.9146978738536837,0.0,0.0,0.0,0.0,0.0,1.0,0.0
1.0,0,0,0,-1.1891297918145805,1,0,0,0,0,0,0,0,1,0.16408653921186261,-0.9105168615288063,1.0,0.0,0.0,0.0,0.0,0.0,1.0
0.0,0,1,0,0.9345359842214976,1,1,1,1,0,1,0,0,1,0.045597192843153216,0.5371364165327314,0.0,0.0,1.0,0.0,1.0,0.0,0.0
1.0,0,0,0,0.07690172851461995,1,1,1,1,1,1,1,1,0,1.721136682338707,0.7314867713577503,1.0,0.0,1.0,0.0,1.0,0.0,0.0
0.0,0,1,0,1.4654524282305172,1,1,0,1,1,0,0,0,0,0.7264937184548924,1.5605281407555134,1.0,0.0,1.0,0.0,1.0,0.0,0.0
1.0,0,0,0,0.11774145497685222,1,1,0,0,0,0,1,0,0,0.6163486922529936,0.26419192577092143,1.0,0.0,0.0,0.0,0.0,1.0,0.0
0.0,1,0,0,-0.8624119801167224,1,1,1,0,0,0,0,0,1,-0.3031953901295267,-0.7444328187512298,0.0,0.0,0.0,0.0,0.0,1.0,0.0
0.0,1,0,0,0.4852989931369427,1,1,1,1,1,0,1,1,1,1.5058532220349954,1.1590619998582439,1.0,0.0,1.0,0.0,1.0,0.0,0.0
1.0,0,1,1,0.689497625448104,1,1,0,0,1,0,1,1,1,1.1720804153625743,1.1644439412551604,1.0,0.0,0.0,0.0,0.0,1.0,0.0
1.0,0,1,0,1.3429332488438204,1,1,1,0,1,0,1,1,1,1.3206093143318018,2.0275561132152227,1.0,0.0,0.0,0.0,0.0,1.0,0.0
1.0,0,0,0,0.03606200205238767,1,0,0,0,0,0,0,0,0,0.11902721031108594,-0.03706335589285068,1.0,0.0,0.0,0.0,0.0,1.0,0.0
0.0,0,0,0,-1.270809244739045,1,0,0,0,0,0,0,0,1,0.15073562694496603,-0.971986638475408,1.0,0.0,0.0,0.0,0.0,1.0,0.0
1.0,0,0,1,-1.270809244739045,0,0,0,0,0,0,0,0,1,-1.3145269943469626,-0.9915128556096757,0.0,0.0,0.0,0.0,0.0,1.0,0.0
1.0,0,1,0,-0.49485444195663186,1,0,0,0,0,0,1,1,1,0.8116057841563598,-0.19305069869439348,1.0,0.0,0.0,0.0,0.0,0.0,1.0
1.0,0,0,0,-0.8624119801167224,1,0,0,0,0,0,0,0,0,-1.508115222216967,-0.9018879637519317,0.0,1.0,1.0,0.0,0.0,0.0,1.0
0.0,0,0,0,-0.82157225365449,1,0,0,1,0,0,0,0,1,-0.5101345302664279,-0.7307110921318183,0.0,0.0,0.0,0.0,0.0,1.0,0.0
1.0,0,1,1,-0.5765338948810964,1,0,0,0,1,0,1,1,0,1.016876060259899,-0.21106463477498225,1.0,0.0,0.0,0.0,0.0,0.0,1.0
1.0,0,0,0,0.5261387195991749,1,0,1,0,0,0,0,0,1,-0.4600686092655647,0.019602704765594038,0.0,0.0,0.0,0.0,0.0,0.0,0.0
1.0,0,0,0,-1.107450338890116,1,0,0,0,1,0,1,1,1,0.17743745147875964,-0.848246465200845,0.0,0.0,1.0,0.0,0.0,0.0,1.0
1.0,0,1,1,0.5669784460614072,1,0,0,0,0,0,0,0,1,-1.4847511257498973,-0.5946947550097431,0.0,1.0,0.0,1.0,0.0,0.0,1.0
1.0,0,0,0,1.6288113340794463,1,0,0,0,0,0,0,0,0,-1.496433173983432,-0.3648947531323064,0.0,1.0,0.0,1.0,0.0,0.0,0.0
0.0,0,0,0,0.6486578989858718,0,0,1,1,0,0,1,0,1,-0.6636700213357416,-0.06668627300315218,0.0,0.0,0.0,0.0,0.0,1.0,0.0
0.0,1,0,0,-0.9849311595034191,1,0,0,0,1,0,0,0,1,0.3126154381810901,-0.7358261604016151,1.0,0.0,0.0,0.0,0.0,0.0,0.0
0.0,0,1,1,1.1795743429948913,0,0,1,1,0,1,0,1,1,-0.466744065399013,0.37107461318241486,0.0,0.0,1.0,0.0,0.0,0.0,0.0
0.0,0,0,0,-0.6173736213433287,1,0,0,0,0,0,0,0,0,-1.489757717849984,-0.8524719563802424,0.0,1.0,1.0,0.0,1.0,0.0,0.0
1.0,0,0,0,-1.229969518276813,1,0,0,0,0,0,0,0,0,-1.4663936213829143,-0.9831063521054011,0.0,1.0,0.0,0.0,0.0,0.0,1.0
0.0,0,0,0,0.6486578989858718,1,1,1,1,1,0,1,1,1,0.6263618764531661,0.7265051396515133,0.0,0.0,1.0,0.0,1.0,0.0,0.0
1.0,0,1,1,1.6288113340794463,0,0,1,0,1,1,1,1,0,-0.12462693855978135,1.02059932573757,0.0,0.0,0.0,1.0,0.0,0.0,0.0
1.0,0,0,0,-0.2906558096454705,1,1,1,1,1,1,0,1,0,0.5696204993188544,-0.10037900530203128,0.0,0.0,0.0,0.0,0.0,0.0,0.0
1.0,0,0,0,-0.9440914330411869,0,0,0,0,0,0,1,0,1,-1.0007805560748868,-0.8710641175695909,0.0,0.0,0.0,0.0,1.0,0.0,0.0
1.0,0,0,0,-0.82157225365449,1,1,0,1,1,1,1,1,1,1.6109916561368083,-0.38684506783791267,1.0,0.0,0.0,0.0,0.0,0.0,1.0
0.0,0,1,1,0.19942090790131678,1,1,0,1,1,0,0,1,1,1.016876060259899,0.5686052061056117,1.0,0.0,0.0,0.0,0.0,1.0,0.0
0.0,0,1,1,1.6288113340794463,1,1,1,1,1,1,1,1,0,0.8766914814574819,1.956167551710667,0.0,0.0,0.0,1.0,1.0,0.0,0.0
1.0,0,1,0,1.6288113340794463,1,1,0,1,1,0,1,1,1,1.389032739699648,2.362215014623494,1.0,0.0,0.0,1.0,0.0,0.0,0.0
0.0,0,0,1,-1.270809244739045,1,0,0,0,0,0,0,0,0,-0.625286148568413,-0.9823279721513016,0.0,0.0,0.0,0.0,0.0,0.0,1.0
1.0,1,0,0,-0.08645717733430915,1,0,1,1,0,0,1,1,1,0.33597953464815966,-0.06368395032305404,0.0,0.0,0.0,0.0,0.0,1.0,0.0
1.0,0,1,1,-0.08645717733430915,1,1,1,1,0,0,1,0,1,0.9918430997594673,0.2598552374552241,1.0,0.0,0.0,0.0,0.0,1.0,0.0
0.0,0,0,0,-0.9440914330411869,1,0,1,0,0,0,0,0,1,0.33931726271488366,-0.6877667580927851,1.0,0.0,0.0,0.0,0.0,1.0,0.0
1.0,0,0,0,0.07690172851461995,1,0,0,0,0,0,0,0,0,-1.5014397660835184,-0.7022668646662962,0.0,1.0,0.0,0.0,0.0,0.0,1.0
1.0,1,1,0,1.6288113340794463,1,1,0,0,1,0,1,1,1,0.292589069780745,1.3675121515660937,0.0,0.0,0.0,1.0,1.0,0.0,0.0
0.0,0,1,0,1.2204140694571237,1,1,1,1,0,1,1,1,1,0.6764277974540293,1.2881396356752033,0.0,0.0,0.0,1.0,0.0,1.0,0.0
0.0,0,0,0,-0.9032517065789546,1,1,0,1,0,0,0,0,1,0.5128791221845428,-0.6332801613058191,1.0,0.0,0.0,0.0,0.0,0.0,0.0
0.0,0,0,0,-1.107450338890116,1,0,0,0,0,0,0,0,0,-1.4730690775163628,-0.9600218266095355,0.0,1.0,0.0,0.0,1.0,0.0,0.0
0.0,0,0,0,-0.4131749890321673,0,0,0,1,0,0,1,1,1,-0.4784261136325478,-0.5140101129105135,0.0,0.0,0.0,0.0,0.0,1.0,0.0
0.0,0,0,1,-0.7807325271922578,1,0,1,1,0,0,0,0,1,-0.2898444778626299,-0.6627029235707808,0.0,0.0,0.0,0.0,0.0,1.0,0.0
0.0,0,0,0,-1.270809244739045,1,0,0,0,0,0,0,1,1,-0.3098708462629752,-0.9781247203991641,0.0,0.0,0.0,0.0,0.0,1.0,0.0
0.0,0,1,0,0.19942090790131678,1,1,1,0,1,1,0,1,1,1.1520540469622294,0.6672370660036502,1.0,0.0,1.0,0.0,0.0,1.0,0.0
0.0,0,0,0,-1.1482900653523482,1,0,1,1,0,1,0,0,1,-0.14298444292676465,-0.8817168032271242,0.0,0.0,0.0,0.0,0.0,0.0,1.0
1.0,0,1,1,-0.37233526256993504,1,0,1,0,0,1,1,1,1,1.1737492793959363,0.03416952962088496,1.0,0.0,0.0,0.0,0.0,1.0,0.0
0.0,0,0,0,-1.107450338890116,1,0,0,0,0,1,0,1,1,0.6914475737542883,-0.8133305644026668,1.0,0.0,0.0,0.0,1.0,0.0,0.0
0.0,1,0,0,-0.0047777244098446,1,0,0,1,0,0,0,0,1,0.32429748641462514,0.009995272189279866,1.0,0.0,0.0,0.0,0.0,1.0,0.0
0.0,0,0,0,-0.08645717733430915,1,1,0,0,1,0,1,1,0,1.193775647796282,0.3746996398257927,1.0,0.0,0.0,0.0,0.0,1.0,0.0
1.0,0,1,1,1.6288113340794463,1,1,1,0,1,0,1,1,0,1.353986594999044,2.381963626030361,1.0,0.0,0.0,1.0,0.0,0.0,0.0
1.0,0,1,1,1.0162154371459622,1,0,0,1,1,0,1,1,1,1.0969815338612796,1.4871602702248192,1.0,0.0,1.0,0.0,1.0,0.0,0.0
0.0,0,0,0,-1.270809244739045,1,1,0,0,0,0,0,0,1,-0.4867704337993583,-0.9804820996887227,0.0,0.0,0.0,0.0,0.0,0.0,1.0
1.0,1,0,0,-0.9032517065789546,1,0,0,0,0,0,0,1,1,0.48617729765074913,-0.6498040557599888,1.0,0.0,0.0,0.0,0.0,1.0,0.0
1.0,0,1,1,-0.4131749890321673,1,1,0,0,1,1,1,1,1,0.4661509292504041,-0.26274906372719004,0.0,0.0,1.0,0.0,0.0,0.0,1.0
1.0,1,1,0,-0.7807325271922578,1,1,1,1,0,0,0,1,0,0.9718167313591217,-0.4418876503063784,1.0,0.0,0.0,0.0,1.0,0.0,0.0
1.0,0,0,0,-1.270809244739045,0,0,0,0,0,0,0,0,0,-1.3128581303136004,-0.9914906161824159,0.0,0.0,0.0,0.0,0.0,0.0,1.0
1.0,0,0,1,-1.1482900653523482,1,1,0,0,0,1,0,0,0,0.5379120826849744,-0.854896053951581,1.0,0.0,0.0,0.0,1.0,0.0,0.0
1.0,0,1,0,1.3020935223815882,1,1,1,0,1,1,1,1,1,1.4624627571675808,2.0577572554342836,1.0,0.0,1.0,0.0,0.0,0.0,1.0
0.0,0,1,1,1.5879716076172141,1,1,1,1,1,1,1,1,0,0.8800292095242059,1.7966219005475264,0.0,0.0,0.0,1.0,0.0,0.0,1.0
1.0,0,1,0,1.6288113340794463,1,1,1,1,1,1,1,1,1,1.7445007788057767,2.8199246670612683,1.0,0.0,0.0,1.0,1.0,0.0,0.0
0.0,0,1,1,0.5261387195991749,1,0,0,1,0,1,0,0,1,-0.35159244709702786,0.02905446135108815,0.0,0.0,1.0,0.0,1.0,0.0,0.0
1.0,0,0,0,-1.270809244739045,1,0,1,0,0,0,0,0,0,-0.5585315872339288,-0.9814383950609021,0.0,0.0,0.0,0.0,0.0,1.0,0.0
1.0,1,1,0,0.1585811814390845,1,1,0,0,0,0,0,1,1,0.6480571088868732,0.34120706237225346,1.0,0.0,0.0,0.0,0.0,1.0,0.0
0.0,0,0,0,-1.107450338890116,1,0,1,0,0,1,1,0,1,-0.011144184291158467,-0.8459113253385465,0.0,0.0,0.0,0.0,0.0,1.0,0.0
0.0,0,0,0,1.138734616532659,1,1,0,0,0,0,0,0,0,-1.3245401785471353,-0.33333700585038606,0.0,1.0,0.0,1.0,0.0,0.0,1.0
0.0,0,1,0,-1.270809244739045,0,0,0,0,0,0,0,0,1,-1.3312156346805837,-0.9917352498822756,0.0,0.0,0.0,0.0,0.0,1.0,0.0
0.0,0,0,0,-0.12729690379654143,1,1,1,1,0,1,0,0,0,0.09232538577729235,-0.20165735704400817,0.0,0.0,0.0,0.0,0.0,0.0,1.0
0.0,1,0,0,1.6288113340794463,1,1,0,1,1,1,1,1,0,1.5676011912693937,2.530389563563509,1.0,0.0,0.0,1.0,0.0,1.0,0.0
0.0,0,0,0,0.5669784460614072,1,0,0,0,0,0,0,0,0,-0.6586634292356551,-0.03806413011955006,0.0,0.0,0.0,0.0,0.0,0.0,0.0
0.0,0,1,1,-0.33149553610770277,1,0,1,0,0,1,0,0,0,-0.3182151664297857,-0.41571184442137477,0.0,0.0,0.0,0.0,0.0,1.0,0.0
1.0,0,0,0,-0.04561745087207687,1,0,0,0,0,0,0,0,0,-1.4764068055830868,-0.7187462802659459,0.0,1.0,0.0,1.0,0.0,0.0,1.0
1.0,0,0,0,1.0162154371459622,0,0,0,0,1,1,1,1,0,-0.3782942716308214,0.3716528382911746,0.0,0.0,0.0,1.0,1.0,0.0,0.0
1.0,0,1,1,-0.0047777244098446,1,0,0,0,0,0,0,0,1,0.1690931313119491,0.04155301947120032,1.0,0.0,0.0,0.0,0.0,0.0,0.0
1.0,0,1,0,-0.5765338948810964,1,0,0,0,1,0,0,0,1,-0.5051279381663416,-0.6120859871270523,0.0,0.0,0.0,0.0,0.0,0.0,1.0
0.0,0,0,0,-1.270809244739045,1,0,0,0,0,0,0,0,1,-1.5164595423837774,-0.9942038263081341,0.0,1.0,0.0,0.0,0.0,0.0,0.0
0.0,0,0,0,0.97537571068373,1,1,0,1,1,0,1,1,1,1.405721380033269,1.6278913659260112,1.0,0.0,1.0,0.0,0.0,1.0,0.0
0.0,1,0,0,-1.0666106124278838,1,0,0,0,0,0,1,1,1,0.8232878323898942,-0.7502150698388262,1.0,0.0,0.0,0.0,0.0,1.0,0.0
1.0,1,0,0,-0.658213347805561,1,0,0,0,0,0,0,0,0,0.16575540324522509,-0.538718116596358,1.0,0.0,0.0,0.0,0.0,1.0,0.0
0.0,0,1,1,0.9345359842214976,1,1,1,1,0,0,0,0,1,0.6814343895541153,1.0436838512334357,1.0,0.0,0.0,0.0,0.0,1.0,0.0
1.0,1,1,0,0.4444592666747104,1,1,0,1,1,0,1,1,1,1.2788877134977492,0.9606640692719075,1.0,0.0,0.0,0.0,0.0,1.0,0.0
0.0,1,1,0,-0.24981608318323825,1,0,0,1,0,0,0,1,0,0.6764277974540293,-0.037686059856130334,1.0,0.0,0.0,0.0,0.0,1.0,0.0
1.0,0,0,0,0.40361954021247815,1,1,0,0,0,0,0,0,0,-1.3228713145137732,-0.5802836061452722,0.0,1.0,1.0,0.0,0.0,1.0,0.0
1.0,1,1,0,-1.0257708859656514,1,0,0,0,0,0,1,1,1,0.8282944244899808,-0.7017775972665764,1.0,0.0,0.0,0.0,0.0,1.0,0.0
0.0,1,1,1,0.97537571068373,1,0,1,0,0,1,1,1,1,0.2642183812135889,0.8139060887832588,0.0,0.0,0.0,1.0,1.0,0.0,0.0
1.0,0,1,1,0.97537571068373,1,0,1,1,1,0,0,0,1,-0.16301081132710996,0.5350681497975526,0.0,0.0,0.0,1.0,0.0,0.0,0.0
1.0,0,0,0,1.2204140694571237,1,1,1,1,1,1,0,0,0,0.15741108307841456,0.8820254544805964,0.0,0.0,0.0,1.0,0.0,0.0,0.0
0.0,1,1,0,0.11774145497685222,1,1,0,0,1,0,1,1,0,1.247179296863869,0.5328886859260741,1.0,0.0,0.0,0.0,0.0,0.0,0.0
0.0,1,1,0,-1.107450338890116,1,1,0,1,0,0,0,0,1,0.5445875388184228,-0.8374603429797518,1.0,0.0,0.0,0.0,0.0,1.0,0.0
0.0,0,0,0,-0.658213347805561,1,0,0,0,0,0,0,0,0,-1.523134998517226,-0.8574758275137393,0.0,1.0,1.0,0.0,0.0,0.0,1.0
0.0,0,0,0,-0.12729690379654143,1,1,1,0,0,0,0,1,1,0.04726605687651522,-0.15226358909957888,0.0,0.0,0.0,0.0,0.0,1.0,0.0
0.0,0,0,1,0.11774145497685222,1,0,1,1,0,0,0,0,0,-0.3031953901295267,-0.10587214383524782,0.0,0.0,1.0,0.0,1.0,0.0,0.0
0.0,0,1,1,-0.0047777244098446,1,1,0,0,1,0,0,1,1,0.8800292095242059,0.3113617509893521,1.0,0.0,0.0,0.0,0.0,0.0,0.0
1.0,0,0,0,-1.229969518276813,1,0,0,0,0,0,0,0,0,-0.621948420501689,-0.9670272461964311,0.0,0.0,0.0,0.0,0.0,0.0,0.0
0.0,0,1,1,0.07690172851461995,1,0,1,1,1,0,0,0,1,-0.12963353065986785,-0.09448555707813495,0.0,0.0,1.0,0.0,0.0,0.0,1.0
0.0,0,1,0,-1.107450338890116,1,0,0,0,0,0,0,0,1,0.1423913067781555,-0.8464228321655263,1.0,0.0,0.0,0.0,0.0,1.0,0.0
1.0,0,1,1,1.6288113340794463,1,0,0,0,0,0,0,0,0,-1.511452950283691,-0.3964080215597067,0.0,1.0,0.0,1.0,1.0,0.0,0.0
1.0,0,0,0,0.1585811814390845,1,0,0,0,0,0,0,0,1,-1.479744533649811,-0.6932598966260017,0.0,1.0,1.0,0.0,1.0,0.0,0.0
1.0,0,0,0,1.3837729753060528,1,0,0,0,0,0,0,0,0,-1.5014397660835184,-0.4450901278318164,0.0,1.0,0.0,1.0,0.0,0.0,0.0
0.0,0,1,1,1.261253795919356,1,0,1,0,0,0,0,0,1,-0.4684129294323752,0.43000909542137816,0.0,0.0,0.0,1.0,0.0,0.0,0.0
0.0,0,0,0,-1.229969518276813,1,0,0,1,0,0,1,0,1,-0.18971263586090356,-0.9519933933686804,0.0,0.0,0.0,0.0,0.0,1.0,0.0
0.0,0,1,1,-0.08645717733430915,0,0,0,0,0,1,1,1,0,-0.4500554250653919,-0.3082286924738617,0.0,0.0,0.0,0.0,1.0,0.0,0.0
0.0,0,0,0,-0.8624119801167224,1,1,0,0,1,0,1,1,1,1.2037888319964545,-0.500266146863842,1.0,0.0,0.0,0.0,0.0,1.0,0.0
1.0,0,0,0,1.547131881154982,0,0,1,0,1,1,0,1,0,-0.54351181093367,0.5285519976103769,0.0,0.0,0.0,1.0,0.0,0.0,0.0
1.0,0,1,0,1.138734616532659,1,0,0,1,0,0,1,1,1,0.9918430997594673,1.492608929903516,1.0,0.0,1.0,0.0,0.0,1.0,0.0
1.0,1,0,0,0.8120168048348009,0,0,1,0,0,0,1,1,1,-0.5301608986667732,0.13369096660932292,0.0,0.0,0.0,0.0,1.0,0.0,0.0
1.0,1,1,0,1.0978948900704268,1,0,1,1,1,0,0,0,1,0.609673236119545,1.1780989495927916,1.0,0.0,1.0,0.0,1.0,0.0,0.0
1.0,0,0,0,-1.270809244739045,1,0,0,0,0,0,0,0,1,-1.4997709020501564,-0.9939814320355342,0.0,1.0,0.0,0.0,0.0,0.0,1.0
0.0,0,1,0,-0.12729690379654143,1,1,0,0,0,0,0,0,1,0.34265499078160816,-0.046893182741764516,1.0,0.0,0.0,0.0,0.0,1.0,0.0
0.0,0,0,0,1.5062921546927495,1,1,0,0,1,1,1,1,0,1.3122649941649913,2.1234302841330224,1.0,0.0,0.0,1.0,0.0,1.0,0.0
1.0,1,1,0,-0.9849311595034191,1,0,1,0,0,0,1,0,0,-0.1262958025931436,-0.7572649682802418,0.0,0.0,0.0,0.0,0.0,0.0,0.0
1.0,1,0,0,-1.107450338890116,1,0,0,0,0,0,0,0,1,0.18578177164557017,-0.8551406876514408,1.0,0.0,0.0,0.0,0.0,0.0,1.0
1.0,0,0,1,-0.4540147154943996,1,1,0,0,0,0,0,0,0,-1.3345533627473078,-0.7949830369131783,0.0,1.0,0.0,0.0,0.0,0.0,1.0
1.0,1,1,0,-1.1482900653523482,0,0,0,0,1,0,0,0,1,-1.160991503277649,-0.9501697603333615,0.0,0.0,0.0,0.0,0.0,1.0,0.0
0.0,0,1,1,1.5879716076172141,1,0,0,0,0,0,0,0,0,-1.4880888538166215,-0.3846878433936941,0.0,1.0,0.0,1.0,0.0,0.0,0.0
1.0,0,1,0,0.5261387195991749,1,1,0,1,0,0,0,0,0,0.5579384510853199,0.6766888225891443,1.0,0.0,0.0,0.0,0.0,0.0,0.0
1.0,0,0,0,-0.08645717733430915,1,1,0,0,0,1,0,1,1,0.8416453367568778,0.20845992105739627,1.0,0.0,0.0,0.0,1.0,0.0,0.0
1.0,1,0,0,-0.04561745087207687,1,1,0,1,0,0,1,0,1,0.8683471612906714,0.26272412357176245,1.0,0.0,0.0,0.0,0.0,1.0,0.0
1.0,0,1,1,0.8936962577592654,1,1,1,1,0,1,0,0,1,0.032246280576256656,0.5836612983606223,0.0,0.0,0.0,1.0,1.0,0.0,0.0
1.0,0,1,1,0.11774145497685222,1,0,0,0,0,0,0,0,0,-1.489757717849984,-0.6706201596753358,0.0,1.0,1.0,0.0,0.0,0.0,0.0
0.0,1,1,0,1.547131881154982,1,1,0,1,0,1,1,1,1,1.3272847704652504,2.2661406888603537,1.0,0.0,0.0,1.0,0.0,0.0,0.0
1.0,0,0,0,0.11774145497685222,1,1,1,0,1,0,0,0,1,-0.16968626746055826,-0.07097848246432954,0.0,0.0,0.0,0.0,0.0,1.0,0.0
1.0,1,1,0,0.9345359842214976,1,1,0,0,0,0,0,0,1,0.3109465741477281,0.7996950947641277,1.0,0.0,0.0,0.0,0.0,1.0,0.0
0.0,1,1,1,1.3429332488438204,1,1,0,0,1,1,1,1,1,1.3089272660982674,2.007162558417815,1.0,0.0,1.0,0.0,0.0,0.0,0.0
1.0,0,0,0,-0.0047777244098446,1,0,0,0,0,0,0,0,0,-1.4981020380167944,-0.7324680068853573,0.0,1.0,1.0,0.0,0.0,0.0,1.0
1.0,0,1,0,1.1795743429948913,1,1,0,0,0,0,1,1,1,1.0619353891606755,1.5208307630964382,1.0,0.0,1.0,0.0,0.0,0.0,0.0
0.0,0,1,1,1.6288113340794463,1,0,1,1,1,1,1,1,1,0.6347061966199766,1.7090652754249607,0.0,0.0,0.0,1.0,0.0,0.0,0.0
1.0,0,0,0,1.6288113340794463,1,1,1,1,1,1,0,0,0,0.16575540324522509,1.1803673711733105,0.0,0.0,0.0,1.0,0.0,0.0,0.0
1.0,0,1,1,-0.8624119801167224,1,0,0,0,1,0,1,0,1,-0.16801740342719623,-0.6988642322955182,0.0,0.0,0.0,0.0,0.0,0.0,0.0
1.0,0,0,0,1.5879716076172141,1,1,0,0,1,1,0,0,1,0.7248248544215304,1.74246889516946,1.0,0.0,0.0,1.0,1.0,0.0,0.0
1.0,0,0,0,0.8528565312970331,1,0,0,1,0,1,0,0,1,0.5312366265515258,0.9312190675796859,1.0,0.0,0.0,0.0,0.0,0.0,1.0
1.0,1,0,0,-1.229969518276813,1,0,1,0,1,0,1,0,0,0.057279241076688234,-0.9607112488545949,0.0,0.0,0.0,0.0,0.0,0.0,0.0
1.0,0,1,0,1.4654524282305172,0,0,1,0,1,0,1,1,1,-0.35326131113038983,0.6849841289571192,0.0,0.0,0.0,1.0,0.0,0.0,0.0
1.0,0,0,0,-0.37233526256993504,1,1,0,0,1,0,0,0,1,0.5445875388184228,-0.15006188580084032,1.0,0.0,0.0,0.0,0.0,1.0,0.0
1.0,0,1,1,1.5879716076172141,1,1,1,0,0,0,1,0,1,0.05060378494323972,1.0844264819737304,0.0,0.0,1.0,0.0,0.0,1.0,0.0
1.0,0,1,1,0.5669784460614072,1,1,0,1,0,0,0,0,1,0.5112102581511807,0.673953373036166,1.0,0.0,0.0,0.0,0.0,0.0,0.0
1.0,0,1,0,-0.6990530742677933,1,0,0,0,0,0,0,0,0,-1.5314793186840365,-0.8715756243965705,0.0,1.0,1.0,0.0,0.0,0.0,1.0
0.0,0,0,0,-0.0047777244098446,1,1,0,1,1,0,1,1,1,1.3139338581983533,0.5170097348624438,1.0,0.0,1.0,0.0,1.0,0.0,0.0
1.0,0,1,1,0.11774145497685222,1,0,0,0,0,0,0,0,0,-1.5047774941502425,-0.6972185146782792,0.0,1.0,0.0,1.0,0.0,0.0,1.0
0.0,0,1,0,-0.0047777244098446,1,0,0,1,0,0,0,1,0,0.6497259729202357,0.1474349326559942,1.0,0.0,0.0,0.0,0.0,0.0,0.0
1.0,0,0,0,-1.270809244739045,1,0,0,0,0,0,0,0,0,-1.4880888538166215,-0.9938257560447143,0.0,1.0,0.0,0.0,0.0,0.0,1.0
0.0,0,0,0,0.8528565312970331,1,0,0,0,0,0,0,0,0,-1.4830822617165353,-0.5364274555885794,0.0,1.0,0.0,1.0,0.0,0.0,1.0
1.0,0,0,0,-1.0666106124278838,1,0,0,0,0,0,0,0,0,-1.4697313494496385,-0.954150617812899,0.0,1.0,0.0,0.0,0.0,0.0,1.0
1.0,0,1,1,1.0570551636081944,1,0,0,1,0,0,1,1,1,0.9401083147252416,1.3568594659085604,1.0,0.0,0.0,0.0,0.0,1.0,0.0
1.0,0,1,1,1.2204140694571237,1,0,1,1,0,0,0,0,1,0.5596073151186819,1.2136375543542497,1.0,0.0,1.0,0.0,1.0,0.0,0.0
1.0,0,0,0,-0.8624119801167224,1,0,0,0,0,0,0,0,0,-1.478075669616449,-0.8998196970167529,0.0,1.0,0.0,1.0,0.0,0.0,1.0
1.0,0,0,0,-1.229969518276813,1,0,0,0,0,0,0,0,1,-1.5031086301168806,-0.9855082102494794,0.0,1.0,0.0,0.0,0.0,0.0,1.0
1.0,0,1,1,0.03606200205238767,1,0,0,0,0,0,0,0,0,-1.4714002134830004,-0.6957507124791201,0.0,1.0,1.0,0.0,0.0,0.0,1.0
0.0,1,1,0,1.2204140694571237,1,1,1,0,1,0,1,1,1,1.340635682732147,1.805139601188101,1.0,0.0,1.0,0.0,0.0,1.0,0.0
1.0,0,1,0,-0.8624119801167224,1,0,0,0,0,0,0,0,1,-1.4730690775163628,-0.9205023643685402,0.0,1.0,1.0,0.0,0.0,0.0,1.0
0.0,0,1,0,-0.658213347805561,1,1,0,0,0,0,1,0,1,0.6764277974540293,-0.3897361933817109,1.0,0.0,0.0,0.0,0.0,1.0,0.0
1.0,0,0,0,-0.6990530742677933,1,1,0,0,0,0,1,1,1,0.9567969550588628,-0.36020223398044926,1.0,0.0,0.0,0.0,0.0,1.0,0.0
1.0,0,1,1,1.5062921546927495,0,0,1,0,1,1,0,0,0,-0.8539205211390215,0.2335237555794006,0.0,0.0,0.0,1.0,0.0,0.0,1.0
1.0,0,1,1,1.5879716076172141,1,0,0,0,0,0,0,0,0,-1.5014397660835184,-0.42405162964386955,0.0,1.0,0.0,1.0,1.0,0.0,0.0
0.0,0,1,1,-1.1482900653523482,1,1,0,1,0,0,1,1,1,1.1103324461281767,-0.8317448101739354,1.0,0.0,0.0,0.0,0.0,1.0,0.0
0.0,0,1,0,0.03606200205238767,1,1,0,0,1,1,0,1,1,1.0118694681598124,0.33522465643931726,1.0,0.0,0.0,0.0,1.0,0.0,0.0
0.0,0,0,0,-0.82157225365449,1,0,0,0,0,0,0,0,1,-1.513121814317053,-0.9052016384136696,0.0,1.0,1.0,0.0,0.0,0.0,0.0
0.0,1,0,0,-1.270809244739045,1,0,0,0,0,0,1,0,0,0.4594754731169556,-0.9678723444323106,1.0,0.0,0.0,0.0,0.0,1.0,0.0
1.0,1,0,0,-0.5356941684188642,1,1,1,0,0,0,1,0,1,0.8650094332239469,-0.264417020771689,1.0,0.0,0.0,0.0,0.0,1.0,0.0
1.0,1,0,0,1.424612701768285,1,1,0,0,1,0,1,1,1,1.2254840644301621,2.040054671335335,1.0,0.0,0.0,0.0,1.0,0.0,0.0
0.0,1,1,0,0.4444592666747104,1,1,1,0,1,1,1,1,1,1.4975089018681849,1.145673864647732,1.0,0.0,1.0,0.0,0.0,0.0,1.0
1.0,1,0,0,1.261253795919356,1,1,1,1,1,0,1,1,1,1.492502309768099,2.1247424103413617,1.0,0.0,0.0,0.0,0.0,0.0,0.0
0.0,0,0,0,0.6078181725236395,1,0,1,0,0,0,0,0,0,0.3593436311152292,0.5740538657843083,1.0,0.0,0.0,0.0,1.0,0.0,0.0
1.0,0,0,0,-1.270809244739045,1,0,1,0,0,0,0,0,0,-0.4483865610320299,-0.979970592861743,0.0,0.0,0.0,0.0,0.0,0.0,1.0
0.0,0,0,0,-0.9849311595034191,1,0,0,0,0,0,0,0,0,-1.46305589331619,-0.9308659374716935,0.0,1.0,0.0,1.0,0.0,0.0,1.0
0.0,0,0,0,-0.08645717733430915,1,1,0,1,1,1,1,1,0,1.527548454468703,0.4770677235035089,1.0,0.0,1.0,0.0,1.0,0.0,0.0
0.0,0,1,1,-0.4131749890321673,0,0,0,1,0,0,1,0,0,-0.8505827930722972,-0.6247402212379843,0.0,0.0,0.0,0.0,0.0,1.0,0.0
0.0,0,0,0,1.6288113340794463,1,1,0,0,1,1,1,1,1,1.4290854765003387,2.490469791631834,1.0,0.0,0.0,1.0,1.0,0.0,0.0
0.0,1,0,0,1.424612701768285,1,0,1,1,0,1,1,0,1,0.926757402458345,1.728613731986489,1.0,0.0,0.0,1.0,0.0,0.0,0.0
1.0,0,1,0,0.7303373519103363,1,1,1,1,0,0,0,1,1,0.9918430997594673,1.1833252149988884,1.0,0.0,0.0,0.0,1.0,0.0,0.0
1.0,0,0,0,-1.1891297918145805,1,0,0,0,0,0,0,0,0,-1.496433173983432,-0.9740549052105866,0.0,1.0,0.0,0.0,0.0,0.0,1.0
1.0,1,0,0,1.5062921546927495,1,0,0,0,0,0,0,0,0,-1.4814133976831734,-0.3994993019488448,0.0,1.0,0.0,1.0,1.0,0.0,0.0
0.0,0,0,0,1.4654524282305172,1,1,1,1,0,1,1,1,0,1.5208729983352545,2.235005490696373,1.0,0.0,0.0,1.0,1.0,0.0,0.0
1.0,0,1,1,1.0570551636081944,1,1,0,1,0,1,1,0,1,1.0018562839596399,1.412591470622086,1.0,0.0,1.0,0.0,1.0,0.0,0.0
1.0,0,0,0,-0.5356941684188642,1,0,0,0,0,0,0,0,0,-1.5031086301168806,-0.843464988339948,0.0,1.0,0.0,1.0,0.0,0.0,1.0
1.0,0,1,1,-0.6990530742677933,1,0,0,1,1,1,0,1,1,0.1607488111451386,-0.5262195584762458,0.0,0.0,0.0,0.0,0.0,0.0,1.0
1.0,0,0,0,-1.270809244739045,1,0,0,0,0,0,0,0,0,-1.4997709020501564,-0.9939814320355342,0.0,1.0,0.0,0.0,0.0,0.0,1.0
1.0,0,0,0,-1.229969518276813,1,0,0,0,0,0,0,0,0,-1.513121814317053,-0.9821500567332216,0.0,1.0,0.0,0.0,0.0,0.0,1.0
1.0,0,0,1,0.8528565312970331,1,0,1,1,0,1,0,0,0,-0.061210105292021394,0.5181884245072231,0.0,0.0,1.0,0.0,1.0,0.0,0.0
0.0,1,1,0,-1.229969518276813,1,0,0,0,0,0,0,0,1,0.15407335501169006,-0.9343575275515114,1.0,0.0,0.0,0.0,0.0,1.0,0.0
1.0,0,1,0,-0.33149553610770277,1,0,1,0,0,1,0,0,0,-0.3699499514640109,-0.4177133928747735,0.0,0.0,0.0,0.0,0.0,0.0,1.0
1.0,0,0,0,1.5879716076172141,1,1,0,0,0,0,0,0,0,-1.306182674180152,-0.15851286815963506,0.0,1.0,0.0,1.0,0.0,0.0,0.0
0.0,0,1,1,-0.33149553610770277,1,1,0,1,1,0,0,0,0,0.6163486922529936,-0.09848865398493245,1.0,0.0,1.0,0.0,0.0,0.0,0.0
1.0,0,1,0,1.6288113340794463,1,1,1,0,1,1,1,1,0,0.733169174588341,1.7078865857801817,0.0,0.0,0.0,1.0,1.0,0.0,0.0
1.0,0,0,1,-1.0666106124278838,1,0,0,0,0,0,0,0,0,-1.5031086301168806,-0.9578868415925768,0.0,1.0,0.0,0.0,0.0,0.0,1.0
0.0,0,1,1,1.3020935223815882,1,1,0,1,0,0,0,0,1,-0.36160563129720036,0.5094483295940486,0.0,0.0,1.0,0.0,0.0,0.0,0.0
1.0,0,0,0,1.5062921546927495,1,1,0,0,1,1,1,1,1,1.3957081958330966,2.265896055160494,1.0,0.0,0.0,1.0,0.0,0.0,0.0
1.0,0,1,0,-1.0666106124278838,1,1,0,0,0,0,1,0,1,0.6063355080528205,-0.7980520778750564,1.0,0.0,0.0,0.0,0.0,1.0,0.0
1.0,0,0,0,-1.270809244739045,1,0,0,0,0,0,0,0,1,-0.6636700213357416,-0.9828394789782812,0.0,0.0,0.0,0.0,0.0,1.0,0.0
1.0,0,1,0,1.547131881154982,1,1,1,0,1,1,0,1,1,0.3376483986815217,1.3616409427694576,0.0,0.0,0.0,1.0,1.0,0.0,0.0
0.0,0,1,0,0.97537571068373,1,1,0,1,1,1,0,0,0,0.8633405691905849,1.2730390645656728,1.0,0.0,0.0,0.0,0.0,1.0,0.0
0.0,0,0,0,0.2811003608257813,0,0,1,1,0,1,0,0,1,-0.8138677843383311,-0.2775827617096008,0.0,0.0,1.0,0.0,0.0,0.0,0.0
0.0,0,1,0,-0.33149553610770277,1,0,0,1,0,0,1,1,1,0.1590799471117766,-0.2848550544236163,0.0,0.0,0.0,0.0,0.0,0.0,0.0
1.0,1,0,0,-1.0666106124278838,1,0,1,0,0,0,1,0,1,0.6831032535874778,-0.7787704944406485,1.0,0.0,0.0,0.0,0.0,0.0,0.0
1.0,0,0,0,-0.6173736213433287,1,0,1,0,0,0,1,1,0,0.9734855953924838,-0.27969550729929943,1.0,0.0,0.0,0.0,0.0,1.0,0.0
0.0,0,0,0,-0.7807325271922578,1,0,0,1,0,0,0,0,1,0.33264180658143566,-0.5729890740039967,1.0,0.0,1.0,0.0,0.0,0.0,1.0
1.0,0,0,0,-0.9440914330411869,1,0,0,0,0,0,0,0,1,-1.49476430995007,-0.9295538112633545,0.0,1.0,1.0,0.0,0.0,1.0,0.0
1.0,0,0,0,0.19942090790131678,1,1,1,1,1,1,0,0,0,0.09232538577729235,0.0839858466832539,0.0,0.0,1.0,0.0,0.0,1.0,0.0
0.0,0,1,0,0.6486578989858718,1,1,1,0,0,1,0,0,1,-0.13630898679331613,0.3250389987542436,0.0,0.0,1.0,0.0,0.0,0.0,0.0
0.0,0,1,1,0.4444592666747104,1,0,0,0,0,0,0,0,0,-1.4914265818833459,-0.6389512152571155,0.0,1.0,1.0,0.0,0.0,0.0,1.0
1.0,0,0,0,-0.9440914330411869,1,0,0,0,0,1,1,1,1,1.0419090207603305,-0.6347257240777182,1.0,0.0,0.0,0.0,0.0,0.0,0.0
0.0,0,1,1,-0.37233526256993504,1,0,0,0,0,0,0,0,0,-1.489757717849984,-0.818134280690824,0.0,1.0,1.0,0.0,0.0,0.0,1.0
0.0,0,0,1,-1.1482900653523482,1,0,0,0,0,0,0,0,1,-1.489757717849984,-0.9647365851886525,0.0,1.0,0.0,0.0,0.0,0.0,0.0
0.0,0,0,0,-1.270809244739045,1,0,0,0,0,0,0,0,0,-1.506446358183605,-0.9940703897445741,0.0,1.0,0.0,0.0,0.0,0.0,1.0
0.0,0,0,1,-1.270809244739045,1,0,1,0,0,0,0,0,0,-0.4500554250653919,-0.979992832289003,0.0,0.0,0.0,0.0,0.0,0.0,1.0
0.0,0,1,1,-0.6173736213433287,1,0,1,0,0,1,1,0,0,0.9067310340579995,-0.3024686808135253,1.0,0.0,0.0,0.0,0.0,1.0,0.0
0.0,0,0,0,-0.7398928007300255,1,0,0,0,0,1,1,1,1,0.16575540324522509,-0.5929378402562042,0.0,0.0,0.0,0.0,0.0,1.0,0.0
0.0,0,1,0,1.3429332488438204,1,0,1,1,1,0,0,1,0,0.21081473214600174,0.948165511151795,0.0,0.0,0.0,1.0,0.0,0.0,0.0
0.0,0,0,0,-1.1482900653523482,0,0,1,0,0,0,0,0,1,-1.1860244637780806,-0.9538170264039992,0.0,0.0,0.0,0.0,0.0,0.0,1.0
0.0,0,0,0,0.7303373519103363,1,1,1,1,0,1,1,1,1,1.5008466299349095,1.466321926882212,1.0,0.0,0.0,1.0,0.0,1.0,0.0
0.0,0,0,0,-1.270809244739045,1,0,0,0,0,0,0,0,0,-1.461387029282828,-0.9934699252085545,0.0,1.0,0.0,0.0,0.0,0.0,1.0
1.0,0,0,0,-0.8624119801167224,1,0,0,0,0,0,0,0,1,-1.4764068055830868,-0.8972176840273346,0.0,1.0,0.0,0.0,1.0,0.0,0.0
1.0,0,1,1,-0.49485444195663186,1,0,0,0,0,0,1,1,1,0.8516585209570503,-0.21257691582866134,1.0,0.0,0.0,0.0,0.0,1.0,0.0
0.0,0,0,1,-1.229969518276813,1,0,0,0,0,0,0,0,0,-1.4747379415497248,-0.9857528439493394,0.0,1.0,1.0,0.0,0.0,0.0,0.0
0.0,0,0,0,0.1585811814390845,1,0,1,1,1,1,0,1,1,0.36268135918195327,0.1893340136138082,0.0,0.0,1.0,0.0,0.0,0.0,1.0
1.0,0,0,0,-0.7807325271922578,0,0,0,0,0,0,0,0,1,-1.319533586447049,-0.8551629270787008,0.0,0.0,0.0,0.0,0.0,0.0,0.0
1.0,0,0,0,-0.9032517065789546,1,0,1,0,0,0,0,0,1,-0.4350356487651331,-0.7694744138459741,0.0,0.0,0.0,0.0,0.0,0.0,1.0
1.0,0,1,1,0.6078181725236395,1,0,0,0,0,0,0,0,0,-1.489757717849984,-0.5795274656184326,0.0,1.0,1.0,0.0,0.0,0.0,1.0
1.0,0,1,1,-0.2906558096454705,1,1,0,0,0,0,1,0,0,-0.14465330696012665,-0.3779937757884382,0.0,0.0,0.0,0.0,0.0,1.0,0.0
1.0,0,1,1,1.5062921546927495,1,0,0,0,0,0,0,0,0,-1.4847511257498973,-0.3905145733358104,0.0,1.0,0.0,1.0,0.0,0.0,0.0
0.0,0,0,0,1.3837729753060528,0,0,1,1,1,1,1,1,1,-0.07289215352555618,0.8370573325609043,0.0,0.0,0.0,1.0,0.0,0.0,0.0
0.0,0,0,0,1.1795743429948913,1,1,1,1,1,1,1,1,0,0.8333010165900673,1.3584829440985393,0.0,0.0,0.0,1.0,0.0,1.0,0.0
0.0,0,1,1,-0.49485444195663186,1,1,0,0,1,1,0,1,1,1.0285581084934334,-0.15046219549152,1.0,0.0,0.0,0.0,0.0,0.0,0.0
1.0,0,0,0,-0.2906558096454705,1,0,0,0,0,0,0,0,0,-1.49476430995007,-0.7755680169152104,0.0,1.0,1.0,0.0,1.0,0.0,0.0
1.0,0,0,0,-0.82157225365449,1,0,1,0,1,0,0,0,0,0.5679516352854924,-0.6208705608947469,1.0,0.0,0.0,0.0,0.0,0.0,0.0
1.0,0,1,1,1.4654524282305172,1,0,1,1,1,1,0,0,0,-0.0678855614254699,0.9435397102817181,0.0,0.0,0.0,1.0,1.0,0.0,0.0
1.0,0,1,1,0.6486578989858718,1,0,0,1,1,0,0,0,1,-0.2965199339960784,0.1764573852302761,0.0,0.0,1.0,0.0,1.0,0.0,0.0
0.0,0,0,0,-0.7398928007300255,1,0,0,1,0,1,0,0,1,0.5128791221845428,-0.5080277069775772,1.0,0.0,0.0,0.0,1.0,0.0,0.0
0.0,0,0,0,-1.270809244739045,1,0,0,0,0,0,0,0,0,-1.461387029282828,-0.9934699252085545,0.0,1.0,0.0,0.0,0.0,0.0,1.0
0.0,0,1,1,1.6288113340794463,1,1,1,1,1,0,1,1,1,0.6313684685532521,1.6478623716054792,0.0,0.0,0.0,1.0,1.0,0.0,0.0
0.0,0,0,0,-0.7807325271922578,1,0,0,1,1,0,0,0,1,0.48617729765074913,-0.508316819531957,1.0,0.0,0.0,0.0,0.0,1.0,0.0
1.0,0,0,0,-0.33149553610770277,1,0,1,0,0,1,0,0,0,-0.32489062256323403,-0.40296865260140263,0.0,0.0,0.0,0.0,0.0,1.0,0.0
0.0,0,1,0,0.19942090790131678,1,1,0,0,1,0,0,0,1,0.47616411345057663,0.26027778657316397,1.0,0.0,0.0,0.0,1.0,0.0,0.0
0.0,0,0,0,-1.270809244739045,1,0,0,0,0,0,1,0,1,-0.323221758529872,-0.9783026358172441,0.0,0.0,0.0,0.0,1.0,0.0,0.0
1.0,0,1,1,-0.37233526256993504,1,0,0,0,0,0,0,0,1,-1.4914265818833459,-0.8047016666257922,0.0,1.0,1.0,0.0,1.0,0.0,0.0
0.0,0,1,1,-0.9440914330411869,1,0,0,1,0,1,1,0,1,0.03057741654289417,-0.7388729619362333,0.0,0.0,1.0,0.0,0.0,0.0,1.0
0.0,0,0,0,1.0570551636081944,1,0,1,1,1,1,0,0,1,0.007213320075825072,0.6854066780750588,0.0,0.0,0.0,1.0,1.0,0.0,0.0
1.0,0,0,1,1.3837729753060528,1,1,1,1,0,1,0,0,0,0.03391514460961866,0.9449185547718371,0.0,0.0,0.0,1.0,0.0,0.0,0.0
1.0,0,1,1,-0.20897635672100598,1,0,1,1,0,0,0,0,1,0.5329054905848883,-0.019894518048141425,1.0,0.0,1.0,0.0,1.0,0.0,0.0
0.0,0,0,1,0.8528565312970331,1,1,0,1,1,1,1,1,1,0.6647457492204942,0.9764318231992376,0.0,0.0,1.0,0.0,0.0,1.0,0.0
1.0,0,0,0,-0.6990530742677933,1,0,0,0,1,1,1,1,1,1.2238152003967995,-0.3115868459901196,1.0,0.0,0.0,0.0,0.0,1.0,0.0
0.0,0,1,1,-0.20897635672100598,1,0,0,0,0,0,0,0,0,-1.49476430995007,-0.7580878270888614,0.0,1.0,0.0,1.0,0.0,0.0,1.0
1.0,1,1,0,0.8528565312970331,1,1,0,1,1,0,1,1,1,1.3072584020649047,1.4371215588898505,1.0,0.0,0.0,0.0,0.0,1.0,0.0
1.0,0,1,0,1.6288113340794463,1,1,1,1,1,0,1,0,1,1.1103324461281767,2.1615709018838984,1.0,0.0,0.0,1.0,1.0,0.0,0.0
1.0,0,0,0,-0.5356941684188642,1,0,0,0,0,1,0,1,1,0.768215319288945,-0.23508321621576728,1.0,0.0,1.0,0.0,1.0,0.0,0.0
1.0,0,1,1,-0.33149553610770277,1,0,0,0,0,0,0,0,1,-1.4647247573495523,-0.793871065550179,0.0,1.0,1.0,0.0,1.0,0.0,0.0
0.0,0,0,0,-1.1482900653523482,1,1,1,0,0,0,0,0,1,0.5162168502512673,-0.8605003896210975,1.0,0.0,0.0,0.0,0.0,1.0,0.0
1.0,0,0,0,-0.82157225365449,1,0,0,0,0,0,0,0,0,-1.489757717849984,-0.8846968864799624,0.0,1.0,0.0,0.0,1.0,0.0,0.0
0.0,1,0,0,-0.6990530742677933,1,1,0,0,0,0,0,0,1,0.3259663504479871,-0.4931717695679064,1.0,0.0,0.0,0.0,0.0,0.0,1.0
1.0,0,0,0,1.3429332488438204,1,1,0,0,0,0,0,0,0,-1.3312156346805837,-0.2906817843657326,0.0,1.0,1.0,0.0,1.0,0.0,0.0
0.0,0,0,0,-0.2906558096454705,1,1,1,1,1,1,1,0,1,0.4561377450502311,-0.1852891385806583,0.0,0.0,0.0,0.0,0.0,0.0,0.0
1.0,0,0,0,-0.9440914330411869,1,0,0,0,0,0,0,0,0,-0.6586634292356551,-0.8110621428221483,0.0,0.0,0.0,0.0,0.0,0.0,1.0
0.0,0,1,0,0.07690172851461995,1,1,0,0,1,0,1,1,1,1.193775647796282,0.5160312000630045,1.0,0.0,0.0,0.0,0.0,1.0,0.0
0.0,1,1,0,0.19942090790131678,1,1,0,0,0,0,0,0,1,0.39438977581583334,0.2729542601113561,1.0,0.0,0.0,0.0,0.0,1.0,0.0
0.0,0,1,1,-0.8624119801167224,1,0,0,0,0,0,0,0,1,-1.5164595423837774,-0.9225706311037187,0.0,1.0,0.0,0.0,0.0,0.0,1.0
0.0,0,1,0,1.6288113340794463,1,1,0,0,0,0,0,0,1,-1.352910867114291,-0.21262139468318128,0.0,1.0,0.0,1.0,1.0,0.0,0.0
0.0,0,1,1,-1.107450338890116,1,0,0,1,0,1,1,1,1,1.1503851829288674,-0.7959170928580978,1.0,0.0,0.0,0.0,0.0,0.0,1.0
1.0,0,0,0,-1.229969518276813,1,0,0,0,0,0,0,0,0,-1.5147906783504155,-0.9901784899740765,0.0,1.0,1.0,0.0,1.0,0.0,0.0
0.0,0,0,0,-0.0047777244098446,1,1,0,0,0,0,1,0,0,0.6463882448535112,0.23456900866061992,1.0,0.0,1.0,0.0,0.0,1.0,0.0
0.0,0,1,0,1.5879716076172141,1,1,1,1,1,1,1,1,1,1.684421673604741,2.5902803411746516,1.0,0.0,0.0,1.0,1.0,0.0,0.0
0.0,0,0,0,1.424612701768285,1,1,1,1,1,0,1,0,1,1.2772188494643872,2.060159113578362,1.0,0.0,0.0,0.0,1.0,0.0,0.0
1.0,0,1,1,-0.20897635672100598,1,1,0,0,0,0,0,0,1,0.36935681531540177,-0.1447689021129636,1.0,0.0,0.0,0.0,0.0,0.0,0.0
0.0,0,1,1,1.6288113340794463,1,1,1,1,0,0,1,0,1,1.0152071962265363,2.040988727280254,1.0,0.0,0.0,1.0,0.0,1.0,0.0
0.0,0,1,0,0.36277981375024587,1,1,1,1,1,1,1,1,1,1.6326868885705155,1.0410151199622373,1.0,0.0,0.0,0.0,0.0,0.0,0.0
0.0,0,0,0,-1.229969518276813,1,0,0,0,0,0,0,0,1,0.1674242672785871,-0.9426305944922263,1.0,0.0,0.0,0.0,0.0,1.0,0.0
1.0,0,0,0,-1.270809244739045,1,0,0,1,0,0,0,0,1,0.3226286223812626,-0.9696959774676295,1.0,0.0,0.0,0.0,0.0,1.0,0.0
1.0,0,1,0,-0.20897635672100598,1,0,0,1,0,1,0,0,1,-0.3632744953305626,-0.38457664625739413,0.0,0.0,0.0,0.0,0.0,1.0,0.0
1.0,0,1,0,-0.20897635672100598,1,0,0,0,0,0,0,0,0,-1.506446358183605,-0.7712313285995132,0.0,1.0,0.0,1.0,0.0,0.0,0.0
0.0,0,0,0,-1.0666106124278838,1,0,0,0,1,1,0,1,1,0.8199501043231703,-0.7861317448637039,1.0,0.0,0.0,0.0,0.0,1.0,0.0
1.0,0,1,0,1.138734616532659,1,1,0,1,1,0,1,0,1,1.036902428660244,1.5516101304242589,1.0,0.0,0.0,0.0,0.0,1.0,0.0
1.0,0,1,0,0.7303373519103363,1,1,0,1,0,0,1,1,1,1.1203456303283492,1.1583280987586642,1.0,0.0,1.0,0.0,0.0,1.0,0.0
1.0,0,0,0,-1.0257708859656514,1,0,0,0,0,0,0,0,0,0.14906676291160403,-0.7854200831913842,1.0,0.0,0.0,0.0,0.0,0.0,0.0
1.0,0,0,0,0.9345359842214976,1,1,0,0,1,0,1,1,1,0.437780240683248,0.9202105510859927,0.0,0.0,0.0,1.0,0.0,0.0,0.0
0.0,0,1,1,0.8936962577592654,1,0,0,0,0,0,0,0,1,-1.479744533649811,-0.5169012384543117,0.0,1.0,0.0,1.0,0.0,0.0,0.0
1.0,0,1,0,0.97537571068373,1,0,0,0,0,0,1,1,0,0.8349698806234293,1.200249419143738,1.0,0.0,0.0,0.0,0.0,0.0,1.0
0.0,0,1,1,1.424612701768285,0,0,1,1,1,1,1,0,0,-0.3499235830636656,0.6091254425733064,0.0,0.0,0.0,1.0,1.0,0.0,0.0
1.0,1,1,0,-0.6173736213433287,1,0,0,1,0,0,0,0,1,0.3927209117824713,-0.4541638141538907,1.0,0.0,0.0,0.0,0.0,1.0,0.0
1.0,0,1,1,-0.2906558096454705,1,1,0,0,0,0,0,0,0,-1.3078515382135143,-0.7222823492002837,0.0,1.0,0.0,1.0,1.0,0.0,0.0
1.0,0,0,0,-0.5765338948810964,1,1,0,0,1,0,1,0,1,0.8316321525567048,-0.2764263114920815,1.0,0.0,1.0,0.0,1.0,0.0,0.0
1.0,0,0,0,-1.270809244739045,1,0,0,0,0,0,0,0,0,-1.489757717849984,-0.9938479954719742,0.0,1.0,0.0,0.0,0.0,0.0,0.0
0.0,0,1,1,1.6288113340794463,1,1,1,1,1,1,0,1,1,0.49452161781755966,1.5154933005540414,0.0,0.0,0.0,1.0,0.0,0.0,0.0
1.0,0,1,1,0.7303373519103363,1,0,0,0,0,0,0,0,1,-0.6636700213357416,-0.010509479744427314,0.0,0.0,1.0,0.0,0.0,0.0,0.0
0.0,0,1,0,-0.5765338948810964,1,0,0,0,0,0,0,0,0,-1.4880888538166215,-0.8379718498067315,0.0,1.0,0.0,1.0,0.0,0.0,1.0
1.0,0,1,1,-0.4131749890321673,1,0,1,0,0,0,0,0,0,0.3443238548149702,-0.30269107508612514,1.0,0.0,0.0,0.0,0.0,0.0,0.0
1.0,0,1,0,0.11774145497685222,1,1,0,0,0,1,1,0,1,0.895048985824465,0.4367254024538939,1.0,0.0,0.0,0.0,1.0,0.0,0.0
1.0,0,1,1,-1.270809244739045,1,0,0,0,0,0,0,0,1,-1.4847511257498973,-0.9937812771901945,0.0,1.0,1.0,0.0,0.0,1.0,0.0
1.0,0,0,0,-0.9440914330411869,1,0,0,0,0,1,1,0,0,0.7198182623214439,-0.6600564317268424,1.0,0.0,0.0,0.0,0.0,1.0,0.0
0.0,0,0,0,-1.229969518276813,0,0,0,0,0,0,1,1,1,-0.6486502450354825,-0.9647365851886525,0.0,0.0,0.0,0.0,0.0,1.0,0.0
0.0,0,1,1,1.6288113340794463,1,0,1,1,1,1,1,1,1,1.4958400378348229,2.491003537886073,1.0,0.0,0.0,1.0,1.0,0.0,0.0
1.0,0,0,1,-0.8624119801167224,1,1,0,0,1,0,0,0,1,0.4444556968166965,-0.6238951230021049,1.0,0.0,0.0,0.0,0.0,0.0,1.0
0.0,0,1,0,1.0162154371459622,0,0,1,1,1,0,1,1,1,-0.1980569560277141,0.5261723788935582,0.0,0.0,0.0,0.0,0.0,0.0,0.0
0.0,1,0,0,-1.0666106124278838,1,0,0,0,0,0,0,0,0,-1.508115222216967,-0.9552625891758983,0.0,1.0,0.0,0.0,0.0,0.0,0.0
1.0,0,1,1,-0.7807325271922578,1,0,0,0,1,0,1,1,1,1.0669419812607621,-0.4855436460177312,1.0,0.0,0.0,0.0,0.0,0.0,1.0
0.0,0,0,0,1.6288113340794463,1,0,1,1,1,1,0,1,1,0.277569293480486,1.3391346423823514,0.0,0.0,0.0,1.0,1.0,0.0,0.0
1.0,0,0,0,-0.9032517065789546,1,0,1,1,1,1,1,1,1,1.515866406235168,-0.538718116596358,1.0,0.0,0.0,0.0,0.0,1.0,0.0
1.0,0,1,1,1.6288113340794463,1,1,0,0,1,0,0,1,1,0.8716848893573954,1.8936080428283262,1.0,0.0,0.0,1.0,1.0,0.0,0.0
1.0,0,1,1,0.7711770783725685,1,1,1,1,0,1,1,1,0,1.514197542201806,1.5264795776204745,1.0,0.0,1.0,0.0,1.0,0.0,0.0
0.0,1,1,0,-0.24981608318323825,1,0,0,0,1,0,0,1,0,-0.13297125872659188,-0.29226078370119163,0.0,0.0,1.0,0.0,0.0,0.0,1.0
1.0,0,0,0,0.4852989931369427,1,1,1,1,1,0,1,1,1,1.562594599169307,1.1834364121351884,1.0,0.0,0.0,0.0,0.0,1.0,0.0
0.0,0,0,0,1.0162154371459622,1,0,0,0,1,0,1,1,1,1.020213788326623,1.427847717722436,1.0,0.0,0.0,1.0,0.0,1.0,0.0
1.0,0,0,0,1.4654524282305172,1,1,0,0,0,0,0,0,0,-1.3395599548473942,-0.26557347098920825,0.0,1.0,0.0,1.0,0.0,0.0,1.0
1.0,0,0,0,-0.5765338948810964,0,0,0,0,0,0,0,0,0,-1.319533586447049,-0.790690827452001,0.0,0.0,0.0,0.0,0.0,0.0,1.0
1.0,0,0,0,-1.270809244739045,1,0,0,0,0,0,0,0,1,-0.6286238766351373,-0.9823724510058215,0.0,0.0,0.0,0.0,0.0,0.0,1.0
0.0,0,0,1,1.2204140694571237,1,1,0,0,1,0,1,1,1,1.1837624635961095,1.8499520471169728,1.0,0.0,1.0,0.0,0.0,1.0,0.0
1.0,0,0,0,0.8936962577592654,0,0,1,0,0,1,1,0,0,-0.6503191090688446,0.09165844908794912,0.0,0.0,0.0,1.0,1.0,0.0,0.0
0.0,0,0,0,0.36277981375024587,1,0,0,0,0,0,0,0,1,-1.4997709020501564,-0.6438438892543125,0.0,1.0,1.0,0.0,0.0,0.0,1.0
1.0,0,0,0,0.5669784460614072,0,0,1,0,1,1,0,0,0,-0.8822912097061774,-0.22200643298689549,0.0,0.0,0.0,1.0,0.0,0.0,1.0
0.0,0,0,1,-1.270809244739045,1,0,0,0,0,0,0,1,1,0.4978593458842837,-0.9673608376053309,1.0,0.0,0.0,0.0,0.0,1.0,0.0
0.0,0,0,0,-0.5356941684188642,1,0,0,0,0,0,0,0,0,-1.49476430995007,-0.8392839760150707,0.0,1.0,0.0,0.0,0.0,0.0,1.0
0.0,0,1,1,0.2811003608257813,1,0,0,0,1,1,0,0,1,0.5612761791520439,0.3793254406958698,1.0,0.0,0.0,0.0,0.0,0.0,0.0
0.0,0,1,0,1.5879716076172141,1,1,0,0,0,0,0,0,0,-1.3328844987139459,-0.185733927125858,0.0,1.0,0.0,1.0,0.0,0.0,0.0
0.0,0,1,1,-0.37233526256993504,1,1,0,0,0,0,0,1,0,0.6981230298877363,-0.17172308795206676,1.0,0.0,0.0,0.0,0.0,1.0,0.0
1.0,1,0,0,1.3429332488438204,1,0,0,1,1,0,1,1,1,1.1487163188955047,1.8866471020959499,1.0,0.0,0.0,0.0,0.0,0.0,0.0
0.0,1,0,0,-1.1482900653523482,1,1,0,0,0,0,0,0,1,0.3259663504479871,-0.8717980186691704,1.0,0.0,0.0,0.0,0.0,1.0,0.0
1.0,0,0,0,1.3837729753060528,1,1,1,1,1,1,0,0,0,0.135715850644707,0.9754532883997983,0.0,0.0,0.0,1.0,0.0,0.0,0.0
0.0,0,0,0,-1.1891297918145805,1,0,0,0,0,0,0,0,0,-0.6653388853691036,-0.9369150616864097,0.0,0.0,0.0,0.0,0.0,0.0,1.0
1.0,0,1,0,-1.270809244739045,1,0,0,0,0,0,0,0,1,0.14906676291160403,-0.9720088779026679,1.0,0.0,0.0,0.0,0.0,1.0,0.0
0.0,0,1,1,0.7711770783725685,1,0,1,1,1,1,1,1,0,0.6947853018210123,0.9640667016426852,0.0,0.0,0.0,1.0,1.0,0.0,0.0
1.0,0,1,1,-1.0666106124278838,1,0,0,1,0,0,0,1,1,0.6296996045198902,-0.7903572360431012,1.0,0.0,0.0,0.0,1.0,0.0,0.0
1.0,0,0,0,-0.4540147154943996,1,1,0,1,0,0,0,0,1,0.5896468677191995,-0.17863954982992253,1.0,0.0,0.0,0.0,0.0,1.0,0.0
1.0,0,0,0,-0.9032517065789546,1,0,0,0,0,0,0,0,1,-0.6302927406684995,-0.8087492423871097,0.0,0.0,0.0,0.0,1.0,0.0,0.0
1.0,0,1,1,-0.04561745087207687,1,1,1,1,0,1,0,1,1,0.3526681749817807,0.04004073841752122,0.0,0.0,1.0,0.0,0.0,0.0,0.0
1.0,0,1,1,0.4444592666747104,1,1,1,0,0,1,0,1,1,0.24085428474651985,0.4087037241063114,0.0,0.0,1.0,0.0,1.0,0.0,0.0
1.0,0,1,1,-0.1681366302587737,1,0,0,1,1,0,1,1,0,1.1904379197295574,0.24219713221079522,1.0,0.0,1.0,0.0,0.0,0.0,0.0
0.0,0,1,1,-1.229969518276813,1,0,0,1,0,0,0,0,1,0.29592679784746906,-0.9380937513311891,1.0,0.0,0.0,0.0,0.0,0.0,0.0
0.0,0,1,1,0.4852989931369427,1,0,1,0,0,1,0,0,0,-0.2815001576958194,0.0734221187347605,0.0,0.0,0.0,0.0,0.0,0.0,0.0
1.0,1,1,0,-1.229969518276813,1,1,0,0,0,0,1,0,1,0.739844630721789,-0.9332233167612521,1.0,0.0,0.0,0.0,0.0,0.0,1.0
1.0,1,0,0,-0.9849311595034191,1,0,0,1,0,0,0,0,1,0.32763521448134914,-0.7329795137123369,1.0,0.0,0.0,0.0,0.0,1.0,0.0
1.0,0,1,1,1.6288113340794463,0,0,1,1,1,1,1,1,1,0.01889536830935962,0.9893751698645497,0.0,0.0,0.0,1.0,1.0,0.0,0.0
1.0,1,1,0,-1.1891297918145805,0,0,0,0,0,0,1,0,1,-0.942370314907213,-0.9610893191180149,0.0,0.0,0.0,0.0,0.0,0.0,1.0
0.0,0,1,0,0.24026063436354905,1,0,0,0,0,0,0,0,1,-1.4830822617165353,-0.6403745386017546,0.0,1.0,1.0,0.0,1.0,0.0,0.0
0.0,0,0,1,-1.270809244739045,1,0,1,0,0,0,0,0,1,0.29759566188083103,-0.9700295688765292,1.0,0.0,0.0,0.0,0.0,0.0,1.0
1.0,0,1,1,-1.270809244739045,1,0,0,0,0,0,0,0,1,-1.4864199897832595,-0.9938035166174544,0.0,1.0,0.0,0.0,0.0,0.0,0.0
1.0,0,1,0,-0.9849311595034191,1,0,1,0,0,0,0,0,1,0.32763521448134914,-0.7314894720859179,1.0,0.0,0.0,0.0,0.0,1.0,0.0
0.0,0,0,0,-0.5765338948810964,1,1,0,0,0,1,0,1,1,0.8483207928903258,-0.2854332795323759,1.0,0.0,0.0,0.0,0.0,1.0,0.0
1.0,0,0,0,-0.8624119801167224,1,0,0,0,1,0,1,1,1,0.1557422190450521,-0.6859653644847262,0.0,0.0,0.0,0.0,0.0,1.0,0.0
0.0,0,0,0,-1.270809244739045,1,0,0,0,0,0,0,0,0,-1.4680624854162763,-0.9935588829175946,0.0,1.0,0.0,0.0,0.0,1.0,0.0
0.0,0,0,0,0.689497625448104,1,1,0,0,0,0,0,1,1,0.6614080211537702,0.7348894037285281,1.0,0.0,0.0,0.0,0.0,1.0,0.0
0.0,0,0,0,-1.0666106124278838,0,0,0,0,1,0,1,1,1,-0.5585315872339288,-0.8670610206627934,0.0,0.0,0.0,0.0,0.0,1.0,0.0
0.0,0,0,0,-0.6990530742677933,1,0,0,0,0,0,0,0,0,-1.4997709020501564,-0.8705303713153513,0.0,1.0,0.0,0.0,0.0,0.0,0.0
1.0,0,0,0,-1.270809244739045,1,0,0,0,0,1,0,0,1,0.3743634074154883,-0.9690065552225697,1.0,0.0,0.0,0.0,0.0,1.0,0.0
1.0,0,0,0,0.8528565312970331,1,0,0,0,0,0,0,0,0,-1.508115222216967,-0.53551563907092,0.0,1.0,0.0,1.0,1.0,0.0,0.0
0.0,0,0,0,-1.0666106124278838,1,0,1,1,0,0,0,0,0,-0.3182151664297857,-0.8591437845582383,0.0,0.0,0.0,0.0,0.0,0.0,1.0
0.0,1,1,0,-1.270809244739045,1,0,1,0,0,0,0,0,1,-0.5051279381663416,-0.9807267333885824,0.0,0.0,0.0,0.0,0.0,1.0,0.0
0.0,0,0,0,-1.0666106124278838,0,0,1,1,1,1,1,1,1,-0.04285260092503833,-0.8476237612375656,0.0,0.0,0.0,1.0,0.0,0.0,1.0
0.0,0,1,1,-0.4131749890321673,1,0,0,0,0,0,0,0,0,-1.523134998517226,-0.8008097668552947,0.0,1.0,0.0,0.0,0.0,0.0,0.0
1.0,0,0,1,-1.107450338890116,1,0,0,0,0,0,0,0,0,-1.479744533649811,-0.9485018032888626,0.0,1.0,0.0,0.0,1.0,0.0,0.0
0.0,0,1,0,-1.229969518276813,1,0,0,0,1,0,1,1,0,0.14406017081151754,-0.9370262588227096,0.0,0.0,0.0,0.0,1.0,0.0,0.0
0.0,0,0,0,-1.0666106124278838,1,0,0,0,0,0,0,0,0,-1.4680624854162763,-0.9526160973319601,0.0,1.0,0.0,0.0,0.0,0.0,1.0
1.0,0,0,1,1.3837729753060528,1,1,0,0,0,0,0,0,1,-1.3145269943469626,-0.25827893884793285,0.0,1.0,0.0,1.0,1.0,0.0,0.0
0.0,0,0,0,1.6288113340794463,1,1,1,1,1,1,1,1,1,0.8900423937243784,1.9760718391083545,0.0,0.0,0.0,1.0,0.0,0.0,0.0
1.0,0,0,0,0.8936962577592654,1,1,1,1,0,1,1,1,1,1.4457741168339597,1.5595051271015539,1.0,0.0,0.0,1.0,1.0,0.0,0.0
1.0,0,0,0,-0.8624119801167224,1,0,1,0,0,0,0,0,1,0.29425793381410703,-0.6506046751413483,1.0,0.0,0.0,0.0,0.0,1.0,0.0
1.0,0,1,0,-0.2906558096454705,0,0,0,0,1,0,1,0,1,-0.8872978018062636,-0.5711432015414177,0.0,0.0,1.0,0.0,1.0,0.0,0.0
1.0,0,1,1,-0.2906558096454705,1,1,0,0,0,0,0,0,1,-1.3111892662802385,-0.7595333898607605,0.0,1.0,0.0,0.0,0.0,0.0,0.0
0.0,0,0,0,1.3429332488438204,1,1,1,1,1,0,1,1,1,1.547574822869048,2.1583461849312005,1.0,0.0,0.0,0.0,1.0,0.0,0.0
1.0,0,0,0,-1.270809244739045,1,0,0,0,0,0,0,0,1,-1.489757717849984,-0.9938479954719742,0.0,1.0,0.0,0.0,0.0,0.0,1.0
0.0,0,1,0,0.4444592666747104,0,0,1,0,0,1,0,0,0,-1.0241446525419562,-0.33320356928682615,0.0,0.0,0.0,0.0,0.0,0.0,0.0
1.0,0,0,0,-0.5356941684188642,1,1,0,0,1,1,0,0,0,-0.1713551314939205,-0.49366103696762614,0.0,0.0,0.0,0.0,0.0,1.0,0.0
1.0,0,0,0,-1.270809244739045,1,0,0,0,0,0,0,1,1,-0.323221758529872,-0.9783026358172441,0.0,0.0,0.0,0.0,0.0,1.0,0.0
1.0,0,1,0,0.6078181725236395,1,1,1,0,1,1,1,1,1,1.5408993667355997,1.3438494009614685,1.0,0.0,1.0,0.0,1.0,0.0,0.0
1.0,0,1,1,-1.0257708859656514,1,0,1,0,0,0,1,1,0,0.1674242672785871,-0.7731883981983918,0.0,0.0,0.0,0.0,1.0,0.0,0.0
1.0,0,0,0,-0.6173736213433287,1,1,0,0,1,1,0,1,1,1.03356470059352,-0.27331279167568345,1.0,0.0,0.0,0.0,0.0,0.0,0.0
1.0,0,1,1,1.5879716076172141,1,1,1,0,1,1,1,1,0,0.6931164377876503,1.7997798992184446,0.0,0.0,1.0,0.0,0.0,1.0,0.0
1.0,0,0,0,1.424612701768285,1,0,1,0,1,0,0,1,0,0.02890855250953216,0.9372014735126221,0.0,0.0,0.0,1.0,0.0,0.0,0.0
0.0,0,1,0,0.689497625448104,1,1,0,0,0,0,0,0,1,-0.41834700843151207,0.1464563978565549,0.0,0.0,0.0,0.0,1.0,0.0,0.0
0.0,1,0,0,-0.82157225365449,1,1,0,1,0,0,1,0,1,0.8883735296910165,-0.5159449430821322,1.0,0.0,0.0,0.0,0.0,1.0,0.0
0.0,0,0,1,-0.9032517065789546,1,1,1,0,1,1,0,1,0,0.29592679784746906,-0.6943941074162611,0.0,0.0,1.0,0.0,1.0,0.0,0.0
1.0,0,0,0,-1.270809244739045,0,0,0,0,0,0,0,1,1,-0.9824230517079037,-0.9870872095849386,0.0,0.0,0.0,0.0,0.0,0.0,0.0
0.0,1,0,0,-0.7398928007300255,0,0,1,0,1,1,0,0,0,-0.8338941527386762,-0.6948166565342008,0.0,0.0,0.0,1.0,0.0,0.0,1.0
0.0,1,0,0,-0.7398928007300255,1,1,0,1,0,0,0,0,1,0.47616411345057663,-0.5126757472749143,1.0,0.0,0.0,0.0,0.0,1.0,0.0
0.0,0,0,0,-1.229969518276813,1,0,0,0,1,0,0,0,1,0.3710256793487638,-0.9312662471623734,1.0,0.0,0.0,0.0,0.0,1.0,0.0
0.0,0,1,1,-0.37233526256993504,1,0,0,0,0,0,0,0,1,-1.5031086301168806,-0.801921738218294,0.0,1.0,0.0,1.0,0.0,0.0,1.0
1.0,1,1,0,-0.12729690379654143,1,1,0,1,1,0,0,1,1,1.0419090207603305,0.21826750847905005,1.0,0.0,0.0,0.0,0.0,1.0,0.0
1.0,0,1,1,1.138734616532659,1,0,0,1,0,1,1,1,0,0.40940955211609237,1.0183309041570514,0.0,0.0,0.0,1.0,0.0,0.0,0.0
0.0,0,0,0,-0.9032517065789546,1,0,0,0,0,0,0,0,0,-0.6486502450354825,-0.8120851564761076,0.0,0.0,0.0,0.0,0.0,0.0,1.0
1.0,1,1,0,1.4654524282305172,1,1,0,0,1,0,0,0,1,0.5228923063847153,1.4832906098815817,1.0,0.0,0.0,0.0,1.0,0.0,0.0
1.0,0,0,1,-1.270809244739045,1,0,0,0,0,0,0,0,0,-1.506446358183605,-0.9940703897445741,0.0,1.0,0.0,0.0,0.0,0.0,1.0
1.0,0,0,0,0.8936962577592654,1,1,0,1,0,0,0,0,1,0.5062036660510942,0.9134942440534768,1.0,0.0,0.0,0.0,0.0,0.0,0.0
0.0,0,0,0,0.5669784460614072,1,1,0,1,1,0,0,1,1,0.9834987795926567,0.958062056282489,1.0,0.0,1.0,0.0,0.0,1.0,0.0
1.0,0,1,0,0.7303373519103363,1,0,0,0,0,0,0,0,0,-1.4730690775163628,-0.5278875155207448,0.0,1.0,0.0,1.0,0.0,0.0,1.0
0.0,0,0,0,1.138734616532659,1,0,0,1,1,1,1,0,1,0.18244404357884614,0.8763321611020398,0.0,0.0,1.0,0.0,1.0,0.0,0.0
0.0,1,0,0,-1.107450338890116,1,0,0,0,1,0,0,0,1,0.36268135918195327,-0.8472456909741457,1.0,0.0,0.0,0.0,1.0,0.0,0.0
1.0,0,1,1,0.6078181725236395,1,1,0,1,0,0,1,0,0,0.751526678955324,0.7841497351093973,1.0,0.0,0.0,0.0,0.0,1.0,0.0
0.0,0,0,0,-0.9032517065789546,1,1,0,0,0,0,0,0,1,0.33597953464815966,-0.6470908456342704,1.0,0.0,0.0,0.0,0.0,1.0,0.0
1.0,0,0,1,-1.270809244739045,1,0,0,0,0,0,0,0,1,-1.4563804371827418,-0.9934032069267745,0.0,1.0,0.0,0.0,0.0,0.0,1.0
0.0,0,1,0,1.0570551636081944,1,1,1,1,0,1,1,1,1,1.482489125567926,1.8410562762129783,1.0,0.0,0.0,1.0,1.0,0.0,0.0
1.0,1,0,0,-1.229969518276813,1,1,0,0,0,0,1,1,1,0.9734855953924838,-0.9152538595351833,1.0,0.0,0.0,0.0,0.0,1.0,0.0
1.0,0,0,0,1.5062921546927495,0,0,1,1,0,1,1,1,1,-0.15466649116029943,0.8549823109324531,0.0,0.0,0.0,1.0,0.0,0.0,0.0
1.0,0,0,0,-0.6173736213433287,1,0,0,0,0,0,0,0,1,-1.5031086301168806,-0.8464005927382663,0.0,1.0,1.0,0.0,0.0,0.0,0.0
0.0,0,1,1,0.8120168048348009,1,0,1,0,1,0,1,1,0,1.1887690556961954,1.329905280069457,1.0,0.0,1.0,0.0,0.0,1.0,0.0
0.0,0,0,0,-1.270809244739045,1,0,0,0,0,0,0,0,1,-1.506446358183605,-0.9940703897445741,0.0,1.0,0.0,0.0,0.0,0.0,1.0
1.0,0,1,0,0.40361954021247815,0,0,0,0,0,0,0,0,1,-1.321202450480411,-0.5147662534373529,0.0,0.0,0.0,0.0,1.0,0.0,0.0
1.0,1,0,0,0.689497625448104,1,1,0,0,0,0,1,1,1,1.051922204960503,1.0958575475853631,1.0,0.0,0.0,0.0,0.0,1.0,0.0
0.0,0,0,0,-0.82157225365449,1,0,0,0,0,0,0,0,1,-0.6553257011689311,-0.7700971178092538,0.0,0.0,0.0,0.0,0.0,1.0,0.0
0.0,0,1,1,1.6288113340794463,1,1,0,0,0,0,0,0,0,-1.3428976829141184,-0.24257790320238265,0.0,1.0,0.0,1.0,0.0,0.0,0.0
1.0,0,1,1,1.547131881154982,0,0,1,0,1,1,1,1,0,-0.1730239955272825,0.8407935563405822,0.0,0.0,0.0,1.0,0.0,0.0,0.0
1.0,0,1,0,0.40361954021247815,1,1,1,0,1,0,0,1,1,0.9918430997594673,0.7828820877555781,1.0,0.0,0.0,0.0,0.0,1.0,0.0
1.0,0,0,0,1.3429332488438204,1,1,1,0,1,1,1,1,1,1.512528678168444,2.172423742386772,1.0,0.0,1.0,0.0,1.0,0.0,0.0
1.0,0,0,0,1.3837729753060528,1,0,1,0,1,1,1,1,1,1.367337507265941,2.0415891918162736,1.0,0.0,0.0,1.0,0.0,0.0,0.0
1.0,0,1,1,1.3020935223815882,1,1,0,1,1,1,1,1,1,1.4858268536346504,1.9956202956698819,1.0,0.0,0.0,1.0,1.0,0.0,0.0
0.0,0,1,0,-1.270809244739045,1,0,0,0,0,0,0,0,1,-1.4697313494496385,-0.9935811223448545,0.0,1.0,0.0,0.0,0.0,0.0,1.0
0.0,0,0,0,-1.270809244739045,1,0,0,0,0,1,0,0,1,-0.463406337332289,-0.9801707477070828,0.0,0.0,0.0,0.0,0.0,1.0,0.0
0.0,0,0,0,-0.2906558096454705,1,0,1,1,1,1,1,0,0,0.32095975834790064,-0.17376911525998553,0.0,0.0,1.0,0.0,0.0,0.0,1.0
1.0,0,0,0,-1.270809244739045,1,0,0,0,0,0,0,0,1,-0.6302927406684995,-0.9823946904330814,0.0,0.0,0.0,0.0,0.0,0.0,1.0
0.0,0,0,0,-0.04561745087207687,1,1,1,0,1,1,0,0,0,0.01889536830935962,-0.11572421011142171,0.0,0.0,0.0,0.0,1.0,0.0,0.0
1.0,0,1,1,1.138734616532659,1,0,0,0,0,0,0,0,0,-1.4730690775163628,-0.4667735694103029,0.0,1.0,0.0,1.0,0.0,0.0,1.0
1.0,0,1,0,1.0570551636081944,0,0,0,0,0,0,1,1,1,-0.656994565202293,0.19342606822964556,0.0,0.0,1.0,0.0,1.0,0.0,0.0
0.0,0,0,0,0.4444592666747104,1,1,0,1,1,0,1,1,1,1.3322913625653365,1.1143607510656717,1.0,0.0,0.0,1.0,0.0,1.0,0.0
1.0,0,1,0,1.261253795919356,1,0,1,1,1,1,1,1,1,1.515866406235168,1.9798525417425523,1.0,0.0,0.0,1.0,1.0,0.0,0.0
0.0,0,1,0,0.8528565312970331,1,0,1,1,1,1,1,1,0,1.529217318502065,1.5927975497097533,1.0,0.0,1.0,0.0,0.0,1.0,0.0
0.0,1,0,0,-1.270809244739045,1,0,0,0,0,0,1,1,1,0.8883735296910165,-0.962156811626494,1.0,0.0,0.0,0.0,0.0,1.0,0.0
1.0,1,1,0,0.19942090790131678,1,0,0,0,0,0,0,0,1,0.2525363329800544,0.14276465293139712,1.0,0.0,0.0,0.0,0.0,0.0,0.0
1.0,0,0,0,-0.4131749890321673,1,0,0,0,0,0,0,0,0,-1.4814133976831734,-0.7949830369131783,0.0,1.0,1.0,0.0,1.0,0.0,0.0
0.0,0,1,0,1.6288113340794463,1,1,1,1,1,1,0,0,1,0.9868365076593808,2.043924331678572,1.0,0.0,0.0,1.0,0.0,0.0,0.0
1.0,0,1,1,-0.12729690379654143,1,0,0,0,0,0,0,0,1,0.20247041197919122,-0.1243975867428163,1.0,0.0,0.0,0.0,0.0,1.0,0.0
1.0,1,1,0,-0.0047777244098446,1,1,0,0,1,1,1,1,1,1.3423045467655095,0.4879650428609021,1.0,0.0,0.0,0.0,0.0,1.0,0.0
0.0,1,1,0,1.3429332488438204,1,1,0,1,1,0,1,1,1,1.387363875666286,2.1017690819817965,1.0,0.0,1.0,0.0,0.0,1.0,0.0
1.0,0,1,0,0.9345359842214976,1,0,1,1,1,0,0,0,0,-0.20306354812780036,0.36211212399664044,0.0,0.0,0.0,1.0,0.0,1.0,0.0
1.0,0,1,1,1.138734616532659,1,0,0,0,0,0,0,0,0,-1.5031086301168806,-0.48603291341745086,0.0,1.0,0.0,1.0,1.0,0.0,0.0
1.0,1,1,0,-0.20897635672100598,0,0,1,0,0,0,0,0,0,-1.1326208147104933,-0.644666748062932,0.0,0.0,0.0,0.0,1.0,0.0,0.0
0.0,0,0,0,-1.270809244739045,1,0,0,0,0,0,0,0,0,0.20247041197919122,-0.9712972162303484,1.0,0.0,0.0,0.0,0.0,0.0,1.0
1.0,0,0,0,-0.6990530742677933,0,0,0,0,0,1,0,0,1,-1.1676669594110973,-0.8078374258694503,0.0,0.0,0.0,0.0,0.0,1.0,0.0
0.0,0,1,1,0.97537571068373,1,1,1,0,1,1,1,1,1,1.499177765901547,1.6450602037707207,1.0,0.0,0.0,0.0,0.0,0.0,1.0
1.0,0,1,0,1.6288113340794463,1,1,1,1,1,1,1,1,1,0.7481889508885995,1.7683111096455641,0.0,0.0,0.0,1.0,0.0,0.0,0.0
0.0,0,0,0,-1.270809244739045,1,1,0,0,0,0,0,0,1,-1.2995072180467038,-0.991312700764336,0.0,1.0,0.0,0.0,0.0,0.0,1.0
1.0,1,0,0,-0.9440914330411869,1,0,0,0,0,0,0,1,1,0.4961904818509217,-0.683163196649968,1.0,0.0,0.0,0.0,0.0,1.0,0.0
0.0,0,1,1,0.97537571068373,1,1,0,0,0,0,0,0,1,-1.3428976829141184,-0.38635580043819306,0.0,1.0,0.0,1.0,0.0,0.0,1.0
0.0,0,1,0,1.424612701768285,1,1,1,0,1,1,1,1,1,1.5542502790024966,2.338329869746268,1.0,0.0,1.0,0.0,0.0,1.0,0.0
0.0,0,0,0,0.3219400872880136,1,0,0,1,0,0,0,0,0,0.3376483986815217,0.31901211396678725,1.0,0.0,0.0,0.0,1.0,0.0,0.0
0.0,0,0,1,-0.5765338948810964,1,1,1,0,0,0,0,0,0,-0.23477196476168047,-0.561224416983464,0.0,0.0,0.0,0.0,0.0,0.0,1.0
1.0,0,1,1,-0.7807325271922578,1,0,0,0,0,0,0,0,0,-1.4914265818833459,-0.9055574692498294,0.0,1.0,1.0,0.0,0.0,0.0,1.0
1.0,0,0,0,0.8936962577592654,1,0,1,1,0,1,1,0,1,0.1740997234120356,0.7244813517708547,0.0,0.0,0.0,0.0,0.0,0.0,1.0
0.0,0,0,0,-1.270809244739045,1,0,0,0,0,0,0,0,1,0.18244404357884614,-0.9715640893574682,1.0,0.0,0.0,0.0,0.0,0.0,1.0
1.0,0,0,1,-0.6990530742677933,1,1,0,1,0,0,1,0,1,0.878360345490844,-0.36669614674036527,1.0,0.0,0.0,0.0,0.0,1.0,0.0
1.0,0,0,0,-1.229969518276813,1,0,0,0,0,0,0,0,1,0.1707619953453111,-0.9375377656496894,1.0,0.0,0.0,0.0,0.0,1.0,0.0
0.0,0,0,1,-1.270809244739045,1,0,0,0,1,0,0,1,0,-0.18303717972745503,-0.9764345239274053,0.0,0.0,0.0,0.0,0.0,1.0,0.0
0.0,0,0,0,-0.82157225365449,1,1,1,0,0,0,0,0,1,0.47616411345057663,-0.5902913484122659,1.0,0.0,0.0,0.0,0.0,1.0,0.0
0.0,0,1,0,-0.2906558096454705,1,0,1,1,0,1,0,1,1,0.21248359617936377,-0.18537809628969826,0.0,0.0,0.0,0.0,0.0,0.0,1.0
1.0,1,0,0,-1.1482900653523482,0,0,0,1,0,0,1,1,1,-0.45839974523220245,-0.9105391009560663,0.0,0.0,0.0,0.0,1.0,0.0,0.0
0.0,0,1,0,1.6288113340794463,1,1,1,1,1,0,1,1,1,1.4975089018681849,2.6289769446070275,1.0,0.0,0.0,1.0,0.0,1.0,0.0
1.0,0,1,1,-0.4131749890321673,1,0,0,0,0,1,0,0,1,-0.4533931531321162,-0.4543862084264906,0.0,0.0,0.0,0.0,0.0,1.0,0.0
0.0,0,0,1,-1.1482900653523482,1,1,0,1,0,0,1,0,0,0.8316321525567048,-0.8401290742509501,1.0,0.0,0.0,0.0,0.0,0.0,1.0
0.0,0,0,0,-0.7807325271922578,1,0,0,0,0,0,0,0,0,-1.509784086250329,-0.8995305844623732,0.0,1.0,0.0,0.0,1.0,0.0,0.0
0.0,0,1,0,0.19942090790131678,1,0,0,0,0,0,0,0,1,-1.496433173983432,-0.6836302246224277,0.0,1.0,1.0,0.0,0.0,0.0,0.0
0.0,1,0,0,-0.9440914330411869,1,1,0,0,0,0,0,1,1,0.6597391571204082,-0.6636147400884402,1.0,0.0,0.0,0.0,0.0,1.0,0.0
0.0,1,0,0,-0.49485444195663186,1,1,0,1,1,0,0,1,1,0.9818299155592943,-0.2099749028392429,1.0,0.0,0.0,0.0,0.0,1.0,0.0
1.0,0,1,1,0.36277981375024587,1,0,1,1,1,0,0,0,1,-0.1463221709934889,0.11423146775683506,0.0,0.0,1.0,0.0,0.0,0.0,0.0
0.0,0,0,0,1.547131881154982,1,1,1,1,1,1,1,1,1,1.5776143754695662,2.46478325314655,1.0,0.0,0.0,1.0,1.0,0.0,0.0
1.0,0,0,0,-0.1681366302587737,0,0,0,0,0,1,0,0,1,-1.1543160471442004,-0.6421092139280337,0.0,0.0,0.0,0.0,1.0,0.0,0.0
1.0,0,1,0,-0.7398928007300255,1,0,0,0,0,1,0,0,0,-0.5301608986667732,-0.707248496372533,0.0,0.0,0.0,0.0,0.0,0.0,0.0
1.0,0,0,0,0.5669784460614072,1,1,0,0,0,0,0,0,0,0.2708938373470374,0.4425298929687504,1.0,0.0,0.0,0.0,0.0,0.0,0.0
1.0,0,1,1,1.0978948900704268,1,0,0,0,0,0,0,0,0,-1.496433173983432,-0.47424601696965824,0.0,1.0,0.0,1.0,0.0,0.0,1.0
0.0,0,1,1,-0.8624119801167224,0,0,1,0,0,0,0,0,1,-1.1710046874778215,-0.8486690143187848,0.0,0.0,0.0,0.0,0.0,1.0,0.0
1.0,1,1,1,0.7303373519103363,1,1,1,1,1,0,0,1,1,0.3493304469150567,0.6974159687954514,0.0,0.0,0.0,1.0,0.0,0.0,0.0
0.0,0,1,1,0.11774145497685222,1,1,0,0,0,0,0,0,1,-1.3111892662802385,-0.5803058455725322,0.0,1.0,0.0,1.0,1.0,0.0,0.0
0.0,0,0,0,-1.270809244739045,0,0,0,0,0,1,0,0,0,-1.1392962708439416,-0.9891777157473771,0.0,0.0,0.0,0.0,0.0,0.0,1.0
1.0,0,0,0,-0.24981608318323825,1,0,0,0,0,1,1,0,0,-0.1746928595606445,-0.3324696681872466,0.0,0.0,1.0,0.0,1.0,0.0,0.0
1.0,1,1,0,0.689497625448104,1,1,0,1,0,0,0,1,0,0.8466519288569638,1.0197987063562106,1.0,0.0,0.0,0.0,1.0,0.0,0.0
0.0,0,1,0,-1.1891297918145805,1,1,0,1,0,0,0,1,1,0.895048985824465,-0.8947046287469561,1.0,0.0,0.0,0.0,1.0,0.0,0.0
1.0,0,1,0,1.6288113340794463,1,1,0,1,1,1,1,1,1,1.4524495729674083,2.4846430616897175,1.0,0.0,0.0,1.0,0.0,1.0,0.0
0.0,0,0,0,-0.08645717733430915,1,1,0,1,1,0,1,0,1,0.1423913067781555,-0.09597559870455398,0.0,0.0,1.0,0.0,1.0,0.0,0.0
0.0,0,0,0,-1.270809244739045,1,0,0,0,0,0,0,0,1,-1.479744533649811,-0.9937145589084144,0.0,1.0,0.0,0.0,0.0,0.0,1.0
1.0,0,1,0,0.1585811814390845,1,1,0,0,0,0,1,1,1,1.0252203804267095,0.542518357929648,1.0,0.0,0.0,0.0,0.0,1.0,0.0
1.0,0,0,1,-1.270809244739045,0,0,0,1,0,1,0,0,0,-1.037495564808853,-0.9878211106845182,0.0,0.0,0.0,0.0,0.0,0.0,1.0
1.0,0,0,0,-1.270809244739045,1,1,0,0,0,0,0,0,1,-0.4750883855658235,-0.9803264236979029,0.0,0.0,0.0,0.0,0.0,1.0,0.0
0.0,1,0,0,1.3020935223815882,1,1,1,0,1,1,1,1,1,1.4774825334678399,2.16025877567556,1.0,0.0,0.0,0.0,0.0,0.0,0.0
0.0,0,0,0,-0.9032517065789546,1,1,0,0,0,0,0,1,0,0.7264937184548924,-0.6332134430240391,1.0,0.0,0.0,0.0,0.0,1.0,0.0
1.0,0,1,1,1.547131881154982,1,1,1,1,1,1,1,1,0,1.671070761337844,2.4853992022165574,1.0,0.0,0.0,1.0,1.0,0.0,0.0
1.0,1,0,0,-0.24981608318323825,1,0,0,0,0,0,0,0,0,-1.5147906783504155,-0.7785036213135286,0.0,1.0,1.0,0.0,1.0,0.0,0.0
0.0,0,1,1,1.3837729753060528,1,0,0,0,0,1,0,0,1,-0.5101345302664279,0.44361962490448964,0.0,0.0,1.0,0.0,1.0,0.0,0.0
1.0,0,1,1,1.2204140694571237,1,0,1,1,1,1,1,1,0,1.4507807089340463,2.0332049277392583,1.0,0.0,0.0,1.0,0.0,0.0,1.0
0.0,0,1,1,0.8120168048348009,1,1,0,1,1,0,1,0,1,1.035233564626882,1.2105685133923714,1.0,0.0,1.0,0.0,1.0,0.0,0.0
0.0,0,0,0,-0.4540147154943996,1,1,0,1,0,0,1,1,1,1.1737492793959363,-0.11650259006552123,1.0,0.0,0.0,0.0,1.0,0.0,0.0
1.0,0,1,0,-0.37233526256993504,1,0,1,0,0,0,0,1,1,-0.15800421922702346,-0.3773933112524186,0.0,0.0,0.0,0.0,0.0,0.0,0.0
0.0,0,0,0,-1.0666106124278838,1,1,0,1,1,1,1,1,1,1.50919095010172,-0.7050023142192744,1.0,0.0,0.0,0.0,1.0,0.0,0.0
1.0,0,0,1,-0.2906558096454705,0,0,1,0,0,0,1,0,1,-0.8021857361047963,-0.5710764832596379,0.0,0.0,1.0,0.0,1.0,0.0,0.0
0.0,0,0,0,-1.1482900653523482,1,0,0,1,0,0,1,1,1,0.13237812257798298,-0.8865649983698012,0.0,0.0,0.0,0.0,0.0,0.0,0.0
0.0,0,0,0,-0.4540147154943996,1,1,0,0,0,0,1,1,1,1.090306077727831,-0.0600366842524164,1.0,0.0,0.0,0.0,0.0,1.0,0.0
1.0,0,1,0,1.0162154371459622,0,0,0,1,1,1,1,1,1,-0.23977855686176672,0.4498911433918057,0.0,0.0,0.0,1.0,0.0,0.0,0.0
0.0,1,1,1,1.0162154371459622,1,0,0,1,1,1,1,0,1,1.0218826523599849,1.4735719801689675,1.0,0.0,0.0,0.0,1.0,0.0,0.0
1.0,0,0,0,-0.24981608318323825,1,0,0,1,0,0,0,0,0,0.36101249514859124,-0.10513824273566832,1.0,0.0,1.0,0.0,0.0,0.0,0.0
1.0,0,1,1,1.547131881154982,1,1,0,1,0,0,1,1,0,1.1220144943617112,2.0482610199942695,1.0,0.0,0.0,1.0,0.0,0.0,0.0
0.0,0,0,0,0.36277981375024587,1,1,0,0,0,0,0,0,1,-1.3295467706472215,-0.5747682281847956,0.0,1.0,1.0,0.0,0.0,0.0,1.0
1.0,0,1,0,1.6288113340794463,1,1,1,0,1,1,1,1,1,1.5759455114362042,2.587144581930994,1.0,0.0,0.0,1.0,1.0,0.0,0.0
1.0,1,1,0,-0.658213347805561,1,1,0,0,0,0,1,0,1,0.6797655255207533,-0.3839984211486344,1.0,0.0,0.0,0.0,1.0,0.0,0.0
1.0,0,0,0,1.0978948900704268,0,0,0,0,0,1,1,1,1,-0.43336678473177087,0.334179403358098,0.0,0.0,0.0,0.0,0.0,1.0,0.0
1.0,0,0,0,1.5062921546927495,1,1,0,1,1,1,1,0,1,1.1003192619280042,1.9966877881783618,1.0,0.0,0.0,1.0,1.0,0.0,0.0
1.0,0,0,1,0.5261387195991749,1,1,0,0,1,0,1,1,0,1.1687426872958504,1.0585397886431065,1.0,0.0,0.0,1.0,0.0,0.0,0.0
1.0,1,1,1,1.5879716076172141,1,0,0,0,0,0,0,0,0,-1.4981020380167944,-0.3851993502206737,0.0,1.0,0.0,1.0,1.0,0.0,0.0
0.0,0,0,0,-1.270809244739045,1,0,0,0,0,0,0,0,1,0.18077517954548367,-0.9715863287847283,1.0,0.0,0.0,0.0,0.0,1.0,0.0
0.0,1,1,0,-0.04561745087207687,1,1,0,0,1,0,1,0,1,0.8683471612906714,0.2584319141105851,1.0,0.0,1.0,0.0,0.0,1.0,0.0
0.0,0,1,1,0.03606200205238767,1,1,1,0,1,0,1,1,1,1.3022518099648188,0.53931588040421,1.0,0.0,1.0,0.0,0.0,0.0,1.0
0.0,0,1,1,0.1585811814390845,1,0,1,0,0,0,0,0,0,-0.45506201716547845,-0.19547479626573197,0.0,0.0,0.0,0.0,1.0,0.0,0.0
0.0,0,1,1,0.19942090790131678,1,0,1,1,0,0,1,1,0,0.3476615828816942,0.17983777817379415,0.0,0.0,1.0,0.0,0.0,0.0,0.0
1.0,0,0,0,0.40361954021247815,1,1,0,0,0,1,1,1,1,1.1887690556961954,0.8755537811479404,1.0,0.0,0.0,0.0,0.0,1.0,0.0
1.0,0,1,1,-0.24981608318323825,1,0,0,0,0,0,0,0,1,-1.5197972704505016,-0.7733663136164718,0.0,1.0,0.0,1.0,1.0,0.0,0.0
0.0,0,0,0,-1.270809244739045,1,0,0,1,0,1,1,0,0,0.9017244419579135,-0.9619788962084143,1.0,0.0,0.0,0.0,0.0,1.0,0.0
0.0,0,0,0,-0.24981608318323825,1,1,0,0,1,0,1,1,1,1.195444511829644,0.1536619722887903,1.0,0.0,0.0,0.0,0.0,0.0,0.0
1.0,0,1,1,-0.7398928007300255,1,0,1,1,0,0,0,1,1,-0.10960716225952255,-0.6400187077655949,0.0,0.0,0.0,1.0,0.0,0.0,0.0
0.0,0,1,0,0.97537571068373,1,0,0,0,1,1,1,1,1,1.1353654066286083,1.5189626512065995,1.0,0.0,0.0,0.0,0.0,1.0,0.0
1.0,0,0,0,0.2811003608257813,1,0,0,0,1,1,0,0,0,0.574627091418941,0.42934191260357857,1.0,0.0,1.0,0.0,0.0,1.0,0.0
1.0,0,0,0,1.4654524282305172,1,1,1,1,1,0,1,0,0,1.2238152003967995,2.1600141419756995,1.0,0.0,1.0,0.0,0.0,0.0,0.0
1.0,1,1,0,1.2204140694571237,1,1,0,1,0,0,0,1,1,0.8383076086901533,1.5011933488258706,1.0,0.0,0.0,0.0,0.0,0.0,0.0
1.0,1,1,0,-0.6990530742677933,1,1,1,0,1,0,1,0,1,1.0619353891606755,-0.38350915374891476,1.0,0.0,0.0,0.0,0.0,1.0,0.0
0.0,1,0,0,0.97537571068373,1,1,1,1,0,0,0,1,1,1.07361743739421,1.318874524148504,1.0,0.0,0.0,0.0,0.0,1.0,0.0
0.0,0,1,1,1.6288113340794463,1,1,1,1,1,1,1,1,1,1.8045798840068124,2.8546404130141068,1.0,0.0,0.0,1.0,0.0,0.0,0.0
0.0,0,0,0,1.3020935223815882,1,1,1,1,1,1,1,1,1,1.6827528095713786,2.2593354241187984,1.0,0.0,0.0,1.0,0.0,0.0,0.0
0.0,0,1,1,1.547131881154982,0,0,0,1,1,1,1,1,1,-0.20973900426124886,0.8267159988850107,0.0,0.0,1.0,0.0,0.0,0.0,0.0
0.0,0,0,0,0.2811003608257813,0,0,0,1,1,1,0,0,0,-0.7871659598045373,-0.2924164596920116,0.0,0.0,0.0,0.0,0.0,0.0,0.0
1.0,0,0,0,-1.270809244739045,1,0,0,0,0,0,0,0,0,0.17576858744539764,-0.9716530470665082,1.0,0.0,0.0,0.0,0.0,1.0,0.0
0.0,0,1,0,1.0978948900704268,1,1,0,1,0,1,1,1,1,0.5145479862179048,1.08471559452811,0.0,0.0,1.0,0.0,0.0,1.0,0.0
0.0,0,1,0,-1.1891297918145805,1,1,0,0,0,0,0,0,1,0.3493304469150567,-0.9063580886311888,1.0,0.0,0.0,0.0,1.0,0.0,0.0
0.0,0,1,1,-1.1482900653523482,1,1,0,0,0,0,0,0,0,-0.4617374732989267,-0.8962169098006352,0.0,0.0,0.0,0.0,0.0,0.0,1.0
0.0,0,1,1,-0.9032517065789546,1,0,0,1,0,1,0,1,1,0.02723968847617015,-0.7283759522695198,0.0,0.0,0.0,0.0,0.0,1.0,0.0
0.0,0,1,1,1.424612701768285,1,0,1,1,1,0,0,0,0,0.6714212053539428,1.4872937067883791,1.0,0.0,1.0,0.0,0.0,0.0,0.0
0.0,0,1,1,0.6486578989858718,1,0,1,0,1,1,1,0,0,0.1674242672785871,0.342118878889913,0.0,0.0,1.0,0.0,0.0,0.0,0.0
0.0,1,1,0,1.547131881154982,1,1,1,1,1,1,1,1,1,1.6343557526038779,2.428621944421812,1.0,0.0,0.0,1.0,0.0,1.0,0.0
1.0,0,1,0,0.6078181725236395,1,0,0,0,0,0,0,0,0,-1.49476430995007,-0.5833526471071502,0.0,1.0,1.0,0.0,0.0,0.0,0.0
0.0,0,1,0,-0.9849311595034191,1,0,0,1,1,0,1,1,0,1.2171397442633516,-0.6278537410543824,1.0,0.0,0.0,0.0,0.0,1.0,0.0
0.0,0,0,0,0.4444592666747104,0,0,0,0,1,0,1,1,1,-0.5218165784999627,-0.07929602825956447,0.0,0.0,0.0,0.0,0.0,0.0,0.0
0.0,0,0,0,-0.82157225365449,0,0,1,0,1,1,0,1,0,-0.49511475396616883,-0.7571982499984619,0.0,0.0,0.0,1.0,0.0,0.0,1.0
1.0,1,1,0,1.3429332488438204,1,1,0,1,1,0,1,1,1,1.2838943055978358,2.018437948038628,1.0,0.0,1.0,0.0,0.0,0.0,0.0
0.0,0,1,0,0.4852989931369427,1,0,1,1,1,0,0,0,1,-0.10626943419279829,0.20803737193945643,0.0,0.0,1.0,0.0,0.0,0.0,1.0
1.0,0,0,0,0.4444592666747104,1,0,1,0,0,0,0,0,1,0.3509993109484187,0.4199346348726044,1.0,0.0,0.0,0.0,0.0,1.0,0.0
0.0,1,0,0,0.19942090790131678,1,1,0,0,0,0,1,1,1,1.0636042531940375,0.5897104225753387,1.0,0.0,0.0,0.0,0.0,1.0,0.0
0.0,0,0,0,-0.82157225365449,1,0,0,0,0,0,0,0,0,-1.509784086250329,-0.9015988511975518,0.0,1.0,0.0,0.0,0.0,0.0,0.0
0.0,0,1,1,1.6288113340794463,1,1,1,0,1,1,1,1,0,0.6680834772872187,1.618773200749417,0.0,0.0,0.0,1.0,1.0,0.0,0.0
1.0,0,0,1,-0.4540147154943996,1,0,0,0,0,0,0,0,0,-0.6352993327685857,-0.5646270493542419,0.0,0.0,0.0,0.0,0.0,0.0,1.0
1.0,1,1,0,-0.7807325271922578,1,0,0,1,0,1,0,1,1,0.8132746481897217,-0.48265252047393303,1.0,0.0,0.0,0.0,0.0,0.0,0.0
0.0,0,1,0,1.3837729753060528,1,1,0,1,1,1,0,0,1,0.8633405691905849,1.7242103253890113,1.0,0.0,1.0,0.0,0.0,0.0,0.0
1.0,0,1,0,1.547131881154982,1,1,1,0,0,1,1,1,1,0.40940955211609237,1.3500764405942647,0.0,0.0,0.0,1.0,1.0,0.0,0.0
0.0,0,1,0,1.138734616532659,0,0,1,1,1,0,0,1,0,-0.48843929783272055,0.29223584354576404,0.0,0.0,1.0,0.0,0.0,1.0,0.0
1.0,0,0,0,-1.270809244739045,1,0,0,0,0,0,0,0,1,-0.6803586616693627,-0.983061873250881,0.0,0.0,0.0,0.0,0.0,0.0,1.0
0.0,1,1,0,1.5879716076172141,1,1,1,0,0,0,0,0,1,0.5345743546182503,1.5218537767503977,1.0,0.0,0.0,1.0,1.0,0.0,0.0
0.0,0,0,0,-0.20897635672100598,1,0,0,1,1,1,1,1,0,0.45113115295014505,-0.07807285976026523,0.0,0.0,1.0,0.0,0.0,0.0,1.0
0.0,0,1,1,0.7303373519103363,1,0,0,0,1,1,1,1,0,1.2805565775311112,1.2894517618835424,1.0,0.0,1.0,0.0,0.0,0.0,1.0
0.0,0,0,0,-0.37233526256993504,1,0,0,0,0,0,0,0,1,-1.508115222216967,-0.7936264318503191,0.0,1.0,0.0,0.0,0.0,0.0,1.0
0.0,0,1,0,0.03606200205238767,0,0,1,0,1,1,1,1,0,-0.1713551314939205,-0.10593886211702781,0.0,0.0,0.0,1.0,0.0,0.0,0.0
1.0,0,0,0,-0.33149553610770277,1,1,0,1,0,0,1,1,1,1.1670738232624884,0.06688372712032445,1.0,0.0,0.0,0.0,0.0,0.0,0.0
1.0,0,1,1,-0.1681366302587737,1,0,0,0,0,0,0,0,1,-1.4814133976831734,-0.785731435173024,0.0,1.0,0.0,1.0,1.0,0.0,0.0
0.0,0,0,0,1.0162154371459622,1,1,0,1,0,1,0,1,0,1.0018562839596399,1.429760308466795,1.0,0.0,1.0,0.0,0.0,1.0,0.0
0.0,0,1,0,1.6288113340794463,1,1,0,0,0,0,0,0,0,-1.3295467706472215,-0.1701885674711278,0.0,1.0,0.0,1.0,1.0,0.0,0.0
1.0,0,0,0,0.11774145497685222,1,0,0,0,0,0,0,0,0,-1.4663936213829143,-0.6736669612099538,0.0,1.0,0.0,0.0,0.0,0.0,0.0
1.0,0,1,1,1.6288113340794463,1,1,0,1,1,0,1,1,1,1.2922386257646463,2.276504261963507,1.0,0.0,0.0,1.0,0.0,1.0,0.0
0.0,0,0,1,-0.6173736213433287,1,0,0,0,0,0,1,1,1,0.0005378639423765561,-0.5165676470454119,0.0,0.0,0.0,0.0,0.0,0.0,1.0
0.0,0,0,0,1.0162154371459622,1,1,1,1,1,0,1,1,1,1.6109916561368083,1.8727919389129786,1.0,0.0,0.0,1.0,0.0,0.0,0.0
0.0,0,1,1,-0.37233526256993504,1,0,1,1,1,1,0,0,1,0.05227264897660173,-0.320549335175894,0.0,0.0,1.0,0.0,0.0,0.0,1.0
1.0,1,0,0,-0.82157225365449,1,1,0,0,0,0,0,0,1,0.28758247768065853,-0.6344588509505984,1.0,0.0,0.0,0.0,1.0,0.0,0.0
0.0,0,1,0,-0.9032517065789546,1,0,0,0,1,0,1,1,1,0.1040074340108269,-0.7122523675060298,0.0,0.0,0.0,0.0,1.0,0.0,0.0
1.0,1,0,0,0.11774145497685222,1,1,1,0,0,0,0,1,0,0.878360345490844,0.4118839622044894,1.0,0.0,0.0,0.0,1.0,0.0,0.0
1.0,1,1,0,0.8936962577592654,1,1,0,1,1,1,1,1,1,1.527548454468703,1.7005475747843861,1.0,0.0,0.0,1.0,0.0,1.0,0.0
0.0,0,1,1,1.6288113340794463,1,1,1,0,1,1,1,1,1,0.6513948369535977,1.6599828594621715,0.0,0.0,0.0,1.0,0.0,0.0,0.0
0.0,0,0,1,-0.5765338948810964,1,1,1,0,0,0,0,1,0,0.0038755920091005772,-0.4838312101187122,0.0,0.0,0.0,0.0,0.0,1.0,0.0
0.0,1,1,1,-0.7398928007300255,1,1,0,0,0,0,1,1,1,1.038571292693606,-0.40394718740084207,1.0,0.0,0.0,0.0,0.0,1.0,0.0
0.0,0,1,1,0.7711770783725685,1,1,1,0,0,1,1,0,1,1.016876060259899,1.2211989596226451,1.0,0.0,1.0,0.0,0.0,0.0,1.0
0.0,0,1,0,-0.33149553610770277,1,1,1,1,1,0,0,0,0,0.05394151300996374,-0.3091405089915211,0.0,0.0,0.0,0.0,0.0,0.0,1.0
0.0,0,1,0,0.8528565312970331,1,1,0,0,0,1,0,1,1,0.8833669375909304,1.1600182952304232,1.0,0.0,1.0,0.0,0.0,1.0,0.0
1.0,0,1,1,-0.24981608318323825,1,0,0,0,0,0,0,1,0,0.47616411345057663,-0.09795490773069276,1.0,0.0,1.0,0.0,0.0,0.0,0.0
1.0,0,0,1,-1.0666106124278838,1,0,0,0,0,0,0,0,1,-1.4847511257498973,-0.9590210523828361,0.0,1.0,0.0,0.0,0.0,0.0,1.0
0.0,0,0,0,-1.270809244739045,1,0,0,0,0,0,0,0,1,0.18077517954548367,-0.9715863287847283,1.0,0.0,0.0,0.0,0.0,1.0,0.0
1.0,0,1,0,0.11774145497685222,0,0,1,0,1,0,1,1,0,-0.38496972776426996,-0.14392380387708406,0.0,0.0,1.0,0.0,1.0,0.0,0.0
1.0,0,1,0,1.6288113340794463,1,1,0,1,1,1,1,1,1,0.6931164377876503,1.7671546594280447,0.0,0.0,0.0,1.0,1.0,0.0,0.0
1.0,0,1,1,1.424612701768285,0,0,1,0,0,0,1,1,0,-0.4600686092655647,0.4568743235514414,0.0,0.0,0.0,1.0,1.0,0.0,0.0
1.0,0,0,0,0.6486578989858718,1,0,0,0,0,0,0,0,0,-1.496433173983432,-0.5953396984002828,0.0,1.0,0.0,1.0,1.0,0.0,0.0
0.0,0,0,0,0.24026063436354905,1,1,0,0,0,0,0,0,1,-1.349573139047567,-0.5960513600726023,0.0,1.0,1.0,0.0,0.0,1.0,0.0
0.0,0,1,1,-0.7807325271922578,1,0,0,0,0,0,1,1,0,0.7899105517226521,-0.4588785727330078,1.0,0.0,0.0,0.0,0.0,1.0,0.0
0.0,0,1,1,0.6486578989858718,1,0,0,0,0,0,0,0,0,-1.4914265818833459,-0.5864884063508082,0.0,1.0,0.0,1.0,0.0,0.0,1.0
0.0,0,0,0,0.1585811814390845,0,0,0,1,0,1,0,0,1,-0.9957739639748004,-0.4391299613261401,0.0,0.0,0.0,0.0,0.0,0.0,0.0
0.0,1,1,1,1.3429332488438204,1,1,0,1,1,0,1,1,1,1.4274166124669767,2.131881266491817,1.0,0.0,1.0,0.0,0.0,1.0,0.0
1.0,1,0,0,-0.49485444195663186,1,1,0,0,0,0,1,0,1,0.6564014290536837,-0.2265210367206726,1.0,0.0,0.0,0.0,0.0,1.0,0.0
1.0,0,0,0,0.4852989931369427,1,0,0,0,0,0,0,0,0,0.13905357871143104,0.3133410600154908,1.0,0.0,0.0,0.0,1.0,0.0,0.0
1.0,0,1,0,-0.37233526256993504,1,1,0,1,1,0,0,0,0,0.6530637009869596,-0.12737766999565447,1.0,0.0,0.0,0.0,0.0,1.0,0.0
0.0,1,0,0,-0.9849311595034191,1,0,0,0,0,0,0,0,0,-1.5031086301168806,-0.9296872478269143,0.0,1.0,0.0,0.0,0.0,1.0,0.0
1.0,0,0,0,-1.229969518276813,0,0,0,1,1,1,0,0,1,-0.8105300562716068,-0.9684505695410701,0.0,0.0,0.0,0.0,1.0,0.0,0.0
0.0,1,1,0,1.6288113340794463,1,1,1,1,1,1,0,1,0,0.4594754731169556,1.5246337051578958,0.0,0.0,0.0,1.0,0.0,0.0,0.0
1.0,0,0,1,-0.9440914330411869,1,0,0,1,0,0,0,0,1,-0.4867704337993583,-0.787466110499303,0.0,0.0,0.0,0.0,0.0,1.0,0.0
1.0,0,0,0,1.0162154371459622,1,0,1,0,1,0,1,1,1,0.3226286223812626,0.9175418198147944,0.0,0.0,0.0,1.0,0.0,0.0,0.0
1.0,0,0,0,-1.107450338890116,1,0,0,1,0,1,0,1,1,0.03057741654289417,-0.8515823792898429,0.0,0.0,0.0,0.0,0.0,0.0,0.0
0.0,0,1,1,1.3020935223815882,1,1,0,0,0,0,0,0,0,-1.3278779066138595,-0.2931058819370711,0.0,1.0,1.0,0.0,0.0,0.0,1.0
0.0,0,0,0,0.11774145497685222,1,0,0,0,1,0,0,1,1,-0.08624306579245297,-0.07044473621008995,0.0,0.0,0.0,0.0,0.0,1.0,0.0
0.0,1,0,0,-0.0047777244098446,1,0,0,1,0,1,0,0,0,-0.3349038067634068,-0.1887584892332162,0.0,0.0,0.0,0.0,0.0,0.0,0.0
1.0,0,1,1,0.24026063436354905,1,1,0,0,1,0,1,1,1,1.2171397442633516,0.7571288309885141,1.0,0.0,0.0,0.0,1.0,0.0,0.0
1.0,0,1,1,-1.0257708859656514,1,0,0,0,0,0,0,0,0,-1.4830822617165353,-0.9385607793036489,0.0,1.0,0.0,0.0,0.0,0.0,1.0
0.0,0,0,1,-1.270809244739045,1,0,1,0,0,1,0,0,0,-0.33991039886349306,-0.9785250300898439,0.0,0.0,0.0,0.0,0.0,1.0,0.0
0.0,0,1,0,1.6288113340794463,1,1,1,1,1,0,1,0,0,1.2004511039297305,2.2593354241187984,1.0,0.0,0.0,1.0,0.0,0.0,0.0
0.0,1,1,0,0.03606200205238767,1,1,0,1,0,0,0,0,1,0.5312366265515258,0.17881476451983472,1.0,0.0,0.0,0.0,0.0,0.0,0.0
1.0,0,0,0,-1.270809244739045,1,0,0,0,0,0,0,0,0,-1.478075669616449,-0.9936923194811544,0.0,1.0,0.0,0.0,0.0,0.0,1.0
0.0,0,0,1,-0.7398928007300255,1,0,0,0,1,0,1,0,1,-0.16301081132710996,-0.6358821742952375,0.0,0.0,0.0,0.0,1.0,0.0,0.0
0.0,0,0,0,-1.270809244739045,1,0,0,0,0,0,0,0,1,-1.5047774941502425,-0.9940481503173143,0.0,1.0,0.0,0.0,0.0,0.0,1.0
0.0,0,0,0,0.5261387195991749,1,1,0,0,1,1,0,0,1,0.7531955429886861,0.7504570028105183,1.0,0.0,0.0,0.0,0.0,1.0,0.0
1.0,0,1,1,-1.1482900653523482,1,0,0,0,0,0,0,0,0,-1.506446358183605,-0.9721645538934878,0.0,1.0,0.0,1.0,1.0,0.0,0.0
0.0,1,0,0,0.4444592666747104,1,0,1,1,0,1,1,1,1,1.4507807089340463,1.0435726540971355,1.0,0.0,0.0,0.0,1.0,0.0,0.0
1.0,0,1,1,-0.12729690379654143,1,0,1,0,0,0,1,1,0,1.000187419926278,0.17554556871261678,1.0,0.0,0.0,0.0,1.0,0.0,0.0
1.0,0,0,0,-0.9032517065789546,1,0,0,0,0,0,0,0,0,-1.4914265818833459,-0.914386521872044,0.0,1.0,0.0,0.0,1.0,0.0,0.0
1.0,0,0,1,0.689497625448104,1,1,1,1,1,0,1,1,1,1.4858268536346504,1.3503655531486445,1.0,0.0,1.0,0.0,1.0,0.0,0.0
0.0,0,0,0,0.5669784460614072,1,0,0,0,1,0,0,0,1,0.3376483986815217,0.5754771891289475,1.0,0.0,0.0,0.0,1.0,0.0,0.0
1.0,1,0,0,1.3429332488438204,1,1,1,0,1,1,1,1,1,1.5242107264019786,2.220238510995742,1.0,0.0,0.0,1.0,0.0,1.0,0.0
0.0,0,0,0,1.1795743429948913,1,1,0,0,1,1,1,1,1,1.3990459238998207,1.8565126781586687,1.0,0.0,0.0,1.0,0.0,1.0,0.0
1.0,0,0,0,-1.1482900653523482,1,0,0,0,0,0,0,0,0,-1.511452950283691,-0.9612227556815747,0.0,1.0,0.0,0.0,0.0,0.0,1.0
0.0,0,1,0,1.6288113340794463,1,1,1,1,0,0,0,0,1,0.6463882448535112,1.6892054668817933,1.0,0.0,0.0,1.0,0.0,0.0,0.0
0.0,0,0,0,1.138734616532659,1,0,0,1,1,0,1,1,1,1.1670738232624884,1.6397449806555842,1.0,0.0,0.0,1.0,0.0,1.0,0.0
1.0,0,1,0,-0.6173736213433287,1,1,0,1,1,0,1,1,1,1.2638679371974901,-0.22772196579271187,1.0,0.0,0.0,0.0,0.0,1.0,0.0
1.0,0,0,1,-1.0257708859656514,1,0,0,0,0,0,0,0,0,-1.509784086250329,-0.9419411722471667,0.0,1.0,1.0,0.0,0.0,0.0,1.0
1.0,0,0,1,-0.82157225365449,1,0,0,0,0,0,0,0,0,-1.513121814317053,-0.9083373976573277,0.0,1.0,0.0,1.0,0.0,0.0,0.0
0.0,1,0,0,-1.1891297918145805,0,0,0,0,0,0,0,0,0,-1.3145269943469626,-0.9681836964139503,0.0,0.0,0.0,0.0,0.0,1.0,0.0
0.0,1,0,0,-1.229969518276813,1,0,0,1,0,0,1,0,1,0.6380439246867007,-0.9299541209540343,1.0,0.0,0.0,0.0,0.0,0.0,0.0
1.0,0,0,0,-0.9032517065789546,1,1,0,0,0,0,0,0,1,0.3159531662478146,-0.6416866648100938,1.0,0.0,0.0,0.0,0.0,0.0,1.0
0.0,0,0,0,-1.229969518276813,1,0,0,0,0,0,0,0,0,0.1891194997122942,-0.9408292008841674,1.0,0.0,0.0,0.0,0.0,1.0,0.0
1.0,0,0,0,0.2811003608257813,1,1,0,0,0,0,0,0,0,0.3526681749817807,0.3394501476187146,1.0,0.0,0.0,0.0,0.0,1.0,0.0
0.0,0,0,0,-1.1891297918145805,0,0,0,1,0,0,1,1,1,-0.47008179346573725,-0.933668105306452,0.0,0.0,0.0,0.0,0.0,1.0,0.0
0.0,0,0,0,0.8528565312970331,1,1,1,0,1,0,1,1,1,1.4107279721333557,1.5705581224497671,1.0,0.0,1.0,0.0,1.0,0.0,0.0
1.0,0,0,0,-1.270809244739045,1,0,0,0,0,0,0,0,0,-1.4997709020501564,-0.9939814320355342,0.0,1.0,0.0,0.0,0.0,0.0,1.0
0.0,0,1,1,0.8936962577592654,1,1,1,1,1,1,1,1,0,0.8883735296910165,1.2056091211133948,0.0,0.0,0.0,1.0,1.0,0.0,0.0
0.0,0,1,0,1.6288113340794463,1,0,1,1,1,1,1,1,0,0.6814343895541153,1.7350854053191445,0.0,0.0,0.0,1.0,0.0,0.0,1.0
0.0,0,1,1,1.0570551636081944,0,0,0,0,1,1,1,1,1,-0.30653311819625095,0.40583483798977327,0.0,0.0,0.0,1.0,1.0,0.0,0.0
0.0,0,0,0,-0.20897635672100598,1,0,1,1,0,0,0,0,1,-0.2664803813955603,-0.26755278001534705,0.0,0.0,0.0,0.0,0.0,0.0,1.0
0.0,0,1,0,0.8528565312970331,1,1,0,1,0,0,1,1,1,1.1253522224284358,1.2876726077027436,1.0,0.0,0.0,0.0,1.0,0.0,0.0
0.0,0,0,0,-1.270809244739045,0,0,0,1,0,0,0,0,0,-1.1593226392442868,-0.9894445888744972,0.0,0.0,0.0,0.0,0.0,0.0,0.0
0.0,0,1,1,1.6288113340794463,1,1,1,1,1,1,1,1,1,1.6994414499049997,2.653573751156572,1.0,0.0,0.0,1.0,0.0,0.0,0.0
1.0,0,0,0,-0.08645717733430915,1,1,1,1,0,0,0,1,1,0.9885053716927428,0.1891338587684682,1.0,0.0,0.0,0.0,1.0,0.0,0.0
1.0,0,1,1,1.547131881154982,1,1,0,0,0,0,0,0,0,-1.319533586447049,-0.20652779161394505,0.0,1.0,0.0,1.0,1.0,0.0,0.0
0.0,0,0,0,-0.9440914330411869,1,1,0,0,0,0,0,0,1,0.33597953464815966,-0.6884784197651047,1.0,0.0,0.0,0.0,0.0,1.0,0.0
1.0,0,0,0,-0.6990530742677933,1,1,0,1,0,1,0,1,0,1.035233564626882,-0.35733334786391113,1.0,0.0,0.0,0.0,0.0,1.0,0.0
1.0,0,0,0,-0.82157225365449,1,0,0,0,0,0,1,0,1,0.5596073151186819,-0.5971188525810817,1.0,0.0,0.0,0.0,0.0,1.0,0.0
0.0,0,0,0,-1.270809244739045,1,0,0,0,0,1,0,0,1,-0.4934458899328068,-0.9805710573977626,0.0,0.0,0.0,0.0,0.0,1.0,0.0
0.0,0,0,0,-1.0257708859656514,1,1,0,0,0,1,1,1,1,0.33264180658143566,-0.7709866948996533,0.0,0.0,0.0,0.0,0.0,1.0,0.0
0.0,0,0,0,-0.9032517065789546,1,1,0,1,1,0,0,1,1,1.0068628760597258,-0.5786823673825531,1.0,0.0,0.0,0.0,0.0,1.0,0.0
1.0,0,1,1,-0.04561745087207687,1,1,0,0,0,0,0,0,0,-1.2995072180467038,-0.6666837810503183,0.0,1.0,0.0,1.0,0.0,0.0,1.0
1.0,0,1,0,1.424612701768285,1,0,1,1,0,1,0,1,1,0.15073562694496603,1.075130401379056,0.0,0.0,0.0,1.0,1.0,0.0,0.0
1.0,0,0,1,-0.0047777244098446,1,0,0,0,0,0,0,0,0,-1.4747379415497248,-0.692837347508062,0.0,1.0,0.0,1.0,0.0,0.0,1.0
0.0,0,1,1,1.424612701768285,0,0,1,1,0,0,0,0,0,-0.9523834991073858,0.08004946805823619,0.0,0.0,0.0,1.0,0.0,0.0,0.0
0.0,1,1,0,1.5879716076172141,1,0,0,1,1,0,0,1,0,0.8266255604566187,1.8595594796932868,1.0,0.0,0.0,1.0,1.0,0.0,0.0
0.0,0,0,0,1.5879716076172141,1,1,1,1,1,1,1,1,1,1.8012421559400884,2.7679733649819407,1.0,0.0,0.0,1.0,0.0,1.0,0.0
1.0,0,0,0,0.5261387195991749,1,0,1,1,1,1,1,1,0,1.5859586956363767,1.2353432353599962,1.0,0.0,1.0,0.0,1.0,0.0,0.0
1.0,0,0,1,-1.270809244739045,0,0,0,0,0,0,0,0,0,-1.351242003080929,-0.9920021230093956,0.0,0.0,0.0,0.0,0.0,0.0,1.0
1.0,1,0,0,-1.1891297918145805,1,1,0,1,1,0,1,1,1,1.3456422748322334,-0.8717980186691704,1.0,0.0,0.0,0.0,0.0,1.0,0.0
1.0,0,0,0,-1.270809244739045,1,1,0,0,1,0,0,0,0,-0.3449169909635793,-0.9785917483716239,0.0,0.0,0.0,0.0,0.0,1.0,0.0
1.0,1,0,0,-1.1482900653523482,0,0,0,0,0,0,0,0,1,-1.3178647224136868,-0.9571751799202572,0.0,0.0,0.0,0.0,0.0,0.0,0.0
0.0,0,1,0,0.8528565312970331,1,1,0,1,1,1,1,1,1,1.4774825334678399,1.5406238533578258,1.0,0.0,1.0,0.0,0.0,0.0,0.0
1.0,1,0,0,-1.1482900653523482,1,0,0,0,0,0,0,0,0,0.1557422190450521,-0.8863870829517213,1.0,0.0,0.0,0.0,0.0,1.0,0.0
1.0,0,0,0,-1.0257708859656514,0,0,1,0,1,0,0,0,0,-0.9807541876745416,-0.8849859990343422,0.0,0.0,1.0,0.0,0.0,0.0,1.0
1.0,1,0,0,0.7711770783725685,1,1,0,0,1,0,1,1,1,1.1053258540280901,1.1826135533265691,1.0,0.0,0.0,0.0,0.0,1.0,0.0
1.0,0,0,0,-1.107450338890116,1,0,0,0,1,0,1,1,0,1.0619353891606755,-0.7836854078651053,1.0,0.0,0.0,0.0,0.0,0.0,0.0
0.0,1,0,0,-1.270809244739045,1,0,0,0,1,0,0,1,1,0.6780966614873912,-0.9649589794612523,1.0,0.0,0.0,0.0,0.0,1.0,0.0
0.0,0,1,1,0.3219400872880136,1,1,0,0,0,0,0,0,1,-1.2844874417464447,-0.5235063483505276,0.0,1.0,0.0,0.0,0.0,1.0,0.0
1.0,0,1,0,-0.04561745087207687,1,1,0,0,0,0,1,0,1,-0.18804377182754156,-0.1653181329011908,0.0,0.0,0.0,0.0,1.0,0.0,0.0
0.0,0,1,1,0.97537571068373,1,0,0,0,0,0,0,0,0,-1.489757717849984,-0.517902012681011,0.0,1.0,0.0,1.0,0.0,0.0,1.0
0.0,0,0,0,-1.107450338890116,1,1,0,0,1,0,1,1,1,1.195444511829644,-0.7741446935705713,1.0,0.0,0.0,0.0,0.0,1.0,0.0
0.0,0,0,0,1.1795743429948913,0,0,1,1,1,1,0,0,0,-0.7003850300697078,0.1966285457550837,0.0,0.0,1.0,0.0,1.0,0.0,0.0
0.0,0,0,0,0.36277981375024587,1,0,0,0,0,0,0,0,1,-1.496433173983432,-0.6422871293461134,0.0,1.0,0.0,1.0,0.0,0.0,1.0
0.0,0,0,0,-1.270809244739045,1,0,0,0,0,0,0,1,1,-0.308201982229613,-0.9781024809719042,0.0,0.0,0.0,0.0,0.0,1.0,0.0
0.0,0,0,0,-0.7398928007300255,1,0,1,0,0,1,0,0,0,-0.2998576620628024,-0.6490923940876692,0.0,0.0,1.0,0.0,0.0,0.0,1.0
0.0,0,0,0,1.4654524282305172,1,0,1,1,1,1,1,1,1,0.592984595785924,1.5087769935215258,0.0,0.0,0.0,1.0,1.0,0.0,0.0
1.0,0,1,0,-0.6173736213433287,1,0,0,0,0,0,0,0,1,0.19078836374565666,-0.4627704725035054,1.0,0.0,0.0,0.0,0.0,0.0,0.0
0.0,0,0,1,0.4852989931369427,1,1,0,1,0,0,1,1,1,0.4294359205164375,0.5411395134395288,0.0,0.0,1.0,0.0,0.0,0.0,1.0
1.0,0,1,1,0.36277981375024587,1,0,0,0,0,0,0,0,0,-1.508115222216967,-0.6477357890248101,0.0,1.0,1.0,0.0,0.0,0.0,0.0
0.0,0,1,1,-0.20897635672100598,1,0,0,0,0,0,0,0,1,-1.4730690775163628,-0.7433208473882306,0.0,1.0,1.0,0.0,0.0,0.0,1.0
0.0,1,0,0,-1.1482900653523482,1,1,0,0,0,0,0,0,1,0.3409861267482462,-0.859655291385218,1.0,0.0,0.0,0.0,0.0,1.0,0.0
0.0,1,1,0,0.40361954021247815,1,1,1,0,1,0,1,1,1,1.352317730965682,1.042883231852076,1.0,0.0,1.0,0.0,0.0,0.0,0.0
1.0,0,1,1,-0.6173736213433287,1,0,0,0,0,0,0,0,1,0.14406017081151754,-0.4914148548143675,1.0,0.0,0.0,0.0,0.0,1.0,0.0
1.0,0,0,1,-0.658213347805561,1,1,1,1,0,0,0,1,1,0.14739789887824156,-0.5207486593702892,0.0,0.0,0.0,0.0,0.0,1.0,0.0
0.0,0,0,0,-1.0257708859656514,1,1,1,0,0,0,0,0,1,0.4995282099176462,-0.7338023725209564,1.0,0.0,0.0,0.0,0.0,0.0,1.0
1.0,0,0,0,-0.7807325271922578,1,0,0,1,0,1,1,1,0,0.2892513417140205,-0.5884232365224271,0.0,0.0,0.0,0.0,0.0,0.0,1.0
0.0,0,1,1,-1.107450338890116,0,0,0,0,0,0,0,0,0,-1.3228713145137732,-0.9469450433806635,0.0,0.0,0.0,0.0,0.0,0.0,1.0
1.0,0,1,0,0.8120168048348009,1,0,1,1,0,0,1,1,1,0.35767476708186724,0.7165418762390394,0.0,0.0,1.0,0.0,0.0,0.0,1.0
0.0,0,0,0,-0.37233526256993504,1,0,0,0,0,0,0,0,1,-1.4814133976831734,-0.7934485164322393,0.0,1.0,0.0,0.0,0.0,0.0,0.0
0.0,0,1,1,0.7711770783725685,1,0,1,1,0,0,0,0,1,0.48283956958402513,0.7846390025091172,1.0,0.0,0.0,0.0,0.0,0.0,0.0
1.0,0,1,1,-0.6173736213433287,1,1,1,0,0,1,0,0,1,-0.08624306579245297,-0.5149886477099528,0.0,0.0,1.0,0.0,0.0,0.0,1.0
0.0,0,0,0,0.1585811814390845,1,0,0,1,0,0,1,1,1,1.0051940120263638,0.5831942703881627,1.0,0.0,0.0,0.0,1.0,0.0,0.0
1.0,0,1,0,0.19942090790131678,1,0,0,0,0,0,0,0,0,-1.479744533649811,-0.6924592772446422,0.0,1.0,0.0,0.0,0.0,0.0,0.0
1.0,0,0,0,-0.4131749890321673,1,1,1,0,0,0,1,1,1,1.2037888319964545,-0.07093400360980961,1.0,0.0,0.0,0.0,0.0,1.0,0.0
1.0,0,1,0,0.8936962577592654,1,1,1,1,1,0,1,1,0,1.4975089018681849,1.7188728628466148,1.0,0.0,0.0,0.0,0.0,1.0,0.0
1.0,0,1,1,1.5879716076172141,1,0,0,0,0,0,0,0,0,-1.4981020380167944,-0.3817299995681159,0.0,1.0,0.0,1.0,0.0,0.0,1.0
0.0,0,0,0,-0.82157225365449,1,1,1,0,0,0,0,0,1,0.5045348020177323,-0.5574437143492663,1.0,0.0,0.0,0.0,0.0,1.0,0.0
0.0,0,0,0,0.4444592666747104,1,0,0,0,0,0,0,0,1,-1.5031086301168806,-0.6561645319563448,0.0,1.0,0.0,1.0,0.0,0.0,0.0
1.0,0,1,0,1.261253795919356,1,0,1,0,1,0,1,1,0,1.1687426872958504,1.812923400729096,1.0,0.0,0.0,1.0,1.0,0.0,0.0
1.0,1,1,0,1.547131881154982,1,1,0,1,1,0,1,1,1,1.3389668186987849,2.248171231634285,1.0,0.0,1.0,0.0,0.0,1.0,0.0
0.0,1,1,0,0.8120168048348009,1,1,0,1,1,0,1,1,1,1.3957081958330966,1.4977684770278328,1.0,0.0,1.0,0.0,0.0,1.0,0.0
1.0,0,0,0,-0.8624119801167224,1,0,0,0,0,0,0,0,0,-1.506446358183605,-0.9035114419419106,0.0,1.0,0.0,1.0,1.0,0.0,0.0
1.0,1,1,0,0.7711770783725685,0,0,0,1,0,0,0,0,1,-1.1760112795779079,-0.3536638423660134,0.0,0.0,0.0,0.0,1.0,0.0,0.0
1.0,1,1,0,0.689497625448104,1,1,1,1,1,0,0,0,1,0.7849039596225661,0.847309708527758,1.0,0.0,0.0,0.0,0.0,1.0,0.0
0.0,0,0,0,0.07690172851461995,1,0,1,0,1,1,1,1,1,0.5095413941178187,0.21030579351997516,0.0,0.0,1.0,0.0,0.0,0.0,0.0
0.0,0,0,0,-1.270809244739045,1,0,0,0,0,0,0,0,1,-0.6903718458695352,-0.983195309814441,0.0,0.0,0.0,0.0,0.0,0.0,1.0
1.0,0,1,0,1.6288113340794463,1,1,1,0,1,1,1,1,1,1.542568230768962,2.6626696769059066,1.0,0.0,0.0,1.0,1.0,0.0,0.0
0.0,0,1,1,1.5062921546927495,1,0,0,0,0,0,0,0,0,-1.4981020380167944,-0.36362710577848717,0.0,1.0,0.0,1.0,1.0,0.0,0.0
0.0,0,0,0,-1.270809244739045,1,0,0,0,0,0,0,0,0,-1.479744533649811,-0.9937145589084144,0.0,1.0,0.0,0.0,0.0,0.0,1.0
1.0,0,1,0,1.1795743429948913,1,1,1,0,1,0,0,1,1,0.1740997234120356,0.8772217381924393,0.0,0.0,0.0,1.0,0.0,0.0,1.0
1.0,0,1,1,1.4654524282305172,1,1,1,1,1,1,1,1,1,1.669401897304482,2.488757355732815,1.0,0.0,0.0,1.0,0.0,0.0,0.0
0.0,0,0,0,1.4654524282305172,1,0,0,0,0,0,0,0,0,-1.5047774941502425,-0.36153659961604845,0.0,1.0,0.0,1.0,1.0,0.0,0.0
1.0,0,1,1,1.4654524282305172,1,1,0,0,0,0,0,0,1,-1.3579174592143775,-0.2625044300273302,0.0,1.0,0.0,1.0,0.0,0.0,0.0
1.0,0,0,0,1.261253795919356,1,0,1,1,1,1,1,1,1,0.7348380386217029,1.3588387749346993,0.0,0.0,0.0,1.0,0.0,0.0,0.0
0.0,1,1,0,0.4444592666747104,1,1,1,1,0,0,1,0,1,0.9951808278261913,0.8461310188829788,1.0,0.0,0.0,0.0,0.0,1.0,0.0
0.0,0,0,0,-1.270809244739045,1,0,0,0,0,0,0,0,1,0.18578177164557017,-0.9715196105029482,1.0,0.0,0.0,0.0,0.0,1.0,0.0
0.0,1,0,0,-0.4131749890321673,1,0,1,1,0,0,0,0,0,0.5679516352854924,-0.19285054384905356,1.0,0.0,0.0,0.0,0.0,1.0,0.0
0.0,0,1,1,0.40361954021247815,1,1,0,0,0,0,0,0,0,-1.3929636039149815,-0.55163922383441,0.0,1.0,0.0,1.0,0.0,1.0,0.0
1.0,0,0,0,1.6288113340794463,1,1,0,1,1,0,1,1,1,1.3005829459314568,2.393105579087615,1.0,0.0,0.0,1.0,0.0,1.0,0.0
1.0,0,1,1,1.547131881154982,1,1,1,1,0,0,1,0,1,1.0969815338612796,1.9635510415609825,1.0,0.0,0.0,0.0,1.0,0.0,0.0
1.0,0,0,0,1.0570551636081944,1,1,0,0,0,0,0,0,1,-1.3428976829141184,-0.32953406378892847,0.0,1.0,0.0,1.0,1.0,0.0,0.0
1.0,0,0,1,-1.270809244739045,1,0,0,1,0,0,0,0,1,-0.4934458899328068,-0.9805710573977626,0.0,0.0,0.0,0.0,0.0,1.0,0.0
1.0,0,0,0,-0.9032517065789546,1,1,0,0,0,0,1,0,1,0.7131428061879954,-0.63176788025214,1.0,0.0,0.0,0.0,0.0,0.0,0.0
1.0,0,0,0,-0.7398928007300255,1,1,0,0,0,1,1,0,1,0.8433142007902398,-0.47862718413987543,1.0,0.0,0.0,0.0,0.0,1.0,0.0
0.0,0,0,0,0.07690172851461995,1,1,1,1,1,0,1,1,1,1.5058532220349954,0.5928017029644767,1.0,0.0,0.0,0.0,0.0,0.0,1.0
1.0,0,1,1,-1.1482900653523482,1,0,0,0,0,0,0,0,0,-0.6486502450354825,-0.933668105306452,0.0,0.0,0.0,0.0,0.0,0.0,1.0
0.0,0,1,1,-0.658213347805561,1,1,1,0,1,1,1,1,1,1.6109916561368083,-0.16542933003749072,1.0,0.0,0.0,0.0,0.0,1.0,0.0
1.0,0,0,0,-0.5356941684188642,1,0,0,1,0,0,0,0,1,0.30593998204764156,-0.36916472316622373,1.0,0.0,0.0,0.0,1.0,0.0,0.0
0.0,0,1,0,-1.270809244739045,1,0,0,0,0,0,0,0,1,0.15741108307841456,-0.971897680766368,1.0,0.0,0.0,0.0,0.0,0.0,1.0
0.0,0,0,0,-0.82157225365449,1,0,0,0,1,1,0,1,1,0.8249566964232568,-0.5154334362551525,1.0,0.0,0.0,0.0,0.0,1.0,0.0
1.0,1,0,0,-1.270809244739045,0,0,0,0,0,0,0,0,1,-1.321202450480411,-0.9916018133187158,0.0,0.0,0.0,0.0,0.0,1.0,0.0
0.0,0,1,0,1.5879716076172141,1,0,0,0,0,0,0,0,0,-1.5214661344838636,-0.3923159669438693,0.0,1.0,0.0,1.0,1.0,0.0,0.0
0.0,1,0,0,-0.7807325271922578,1,0,0,1,1,0,0,0,1,-0.3298972146633205,-0.6774921426986715,0.0,0.0,0.0,0.0,0.0,1.0,0.0
1.0,0,1,1,-0.5356941684188642,1,1,0,0,1,1,1,1,0,1.2889008976979217,-0.10754010087974678,1.0,0.0,0.0,0.0,0.0,1.0,0.0
1.0,0,1,1,-0.20897635672100598,0,0,0,1,1,0,0,1,1,-0.6286238766351373,-0.4483815630662943,0.0,0.0,1.0,0.0,1.0,0.0,0.0
1.0,0,1,0,-0.33149553610770277,1,1,0,0,0,0,1,1,1,0.9451149068253282,-0.002859116766991961,1.0,0.0,0.0,0.0,0.0,1.0,0.0
0.0,0,0,0,1.6288113340794463,1,1,0,1,1,1,1,1,1,1.4474429808673217,2.469520251152927,1.0,0.0,0.0,1.0,1.0,0.0,0.0
1.0,0,0,0,0.3219400872880136,1,0,0,0,0,1,0,0,1,-0.4533931531321162,-0.07186805955472898,0.0,0.0,0.0,0.0,0.0,1.0,0.0
1.0,0,1,0,0.24026063436354905,1,1,0,0,1,1,0,1,0,0.14406017081151754,0.18457477618017104,0.0,0.0,1.0,0.0,1.0,0.0,0.0
0.0,0,0,1,-0.37233526256993504,1,0,0,0,0,1,0,0,1,-0.5084656662330657,-0.5048919477339192,0.0,0.0,1.0,0.0,0.0,1.0,0.0
1.0,0,0,0,-0.9849311595034191,1,0,0,0,0,0,0,0,0,0.20080154794582922,-0.7566200248897021,1.0,0.0,0.0,0.0,0.0,0.0,0.0
1.0,0,0,0,0.8528565312970331,1,1,0,0,0,0,1,0,0,0.6931164377876503,1.0064550500002187,1.0,0.0,0.0,0.0,0.0,0.0,0.0
0.0,0,1,0,1.138734616532659,0,0,0,1,1,1,1,1,0,-0.12963353065986785,0.6000072773967121,0.0,0.0,0.0,1.0,1.0,0.0,0.0
0.0,1,0,0,-0.9849311595034191,1,1,0,0,0,0,0,0,1,0.36935681531540177,-0.7331129502758968,1.0,0.0,0.0,0.0,0.0,1.0,0.0
1.0,0,0,0,-1.1482900653523482,1,1,1,0,0,0,1,0,0,0.8666782972573094,-0.8391060605969908,1.0,0.0,0.0,0.0,0.0,1.0,0.0
1.0,0,0,0,-1.107450338890116,1,1,0,0,0,0,0,0,1,0.3743634074154883,-0.843642903758028,1.0,0.0,0.0,0.0,0.0,0.0,0.0
1.0,1,0,0,-0.5356941684188642,1,1,0,0,1,0,0,0,1,0.5062036660510942,-0.3481484644055368,1.0,0.0,0.0,0.0,0.0,1.0,0.0
1.0,0,0,0,0.11774145497685222,1,0,0,0,0,0,0,0,0,-1.5164595423837774,-0.7012438510123367,0.0,1.0,0.0,1.0,0.0,0.0,1.0
0.0,0,1,1,1.424612701768285,0,0,1,0,0,1,0,0,0,-0.9674032754076446,0.12953219371170535,0.0,0.0,0.0,1.0,1.0,0.0,0.0
1.0,0,0,0,-0.49485444195663186,1,0,0,0,0,0,0,0,0,0.19579495584574272,-0.33845207412018286,1.0,0.0,0.0,0.0,1.0,0.0,0.0
1.0,1,1,0,-0.5356941684188642,1,0,1,0,1,0,1,0,0,0.057279241076688234,-0.43074569724912537,0.0,0.0,0.0,0.0,0.0,0.0,0.0
0.0,0,1,0,0.7303373519103363,1,1,1,1,0,1,1,1,0,1.4641316212009428,1.4928090847488555,1.0,0.0,1.0,0.0,0.0,1.0,0.0
0.0,0,0,0,-1.0257708859656514,1,0,0,1,0,0,1,1,1,0.9801610515259322,-0.7210147018464644,1.0,0.0,1.0,0.0,0.0,0.0,1.0
1.0,0,0,0,-0.24981608318323825,1,0,0,0,0,0,0,0,0,-0.6419747889020341,-0.4542750112901906,0.0,0.0,0.0,0.0,0.0,1.0,0.0
0.0,0,0,0,1.1795743429948913,1,1,1,1,1,1,1,1,1,1.799573291906726,2.2734129815743693,1.0,0.0,1.0,0.0,0.0,1.0,0.0
0.0,0,0,0,-1.107450338890116,1,0,0,0,0,1,0,0,1,0.36601908724867777,-0.8250952214231995,1.0,0.0,0.0,0.0,0.0,0.0,1.0
0.0,0,0,0,-0.12729690379654143,1,1,0,1,0,0,0,0,1,-0.3148774383630615,-0.282119604870638,0.0,0.0,1.0,0.0,0.0,1.0,0.0
1.0,0,1,1,-1.0666106124278838,1,0,0,0,0,0,0,0,0,-1.509784086250329,-0.9522825059230603,0.0,1.0,1.0,0.0,0.0,0.0,1.0
1.0,0,0,0,-1.1891297918145805,1,0,0,0,0,0,0,0,0,-1.5047774941502425,-0.9754782285552258,0.0,1.0,1.0,0.0,0.0,0.0,1.0
1.0,0,0,0,0.11774145497685222,1,1,0,0,0,0,0,0,1,-1.30451381014679,-0.6019003294419787,0.0,1.0,0.0,0.0,0.0,1.0,0.0
0.0,1,1,0,1.6288113340794463,1,1,1,0,0,0,0,0,0,0.46114433715031755,1.489050621541918,1.0,0.0,0.0,1.0,0.0,0.0,0.0
0.0,0,1,1,-0.7398928007300255,1,0,0,0,0,0,0,0,1,-1.508115222216967,-0.8817835215089042,0.0,1.0,1.0,0.0,0.0,0.0,1.0
1.0,0,0,1,-1.270809244739045,1,1,0,0,0,0,1,1,1,0.9551280910255007,-0.9612672345360945,1.0,0.0,0.0,0.0,0.0,1.0,0.0
0.0,0,0,0,-0.7398928007300255,1,0,0,1,0,0,0,0,0,-0.4750883855658235,-0.662302613880101,0.0,0.0,0.0,0.0,0.0,1.0,0.0
0.0,0,1,1,-0.9849311595034191,1,0,0,0,0,0,0,0,0,-1.4563804371827418,-0.9406068066115675,0.0,1.0,0.0,0.0,1.0,0.0,0.0
0.0,0,0,0,-1.229969518276813,1,0,0,0,0,0,0,0,0,-1.508115222216967,-0.9905120813829763,0.0,1.0,0.0,0.0,0.0,0.0,1.0
1.0,0,0,0,-0.20897635672100598,1,0,1,0,1,1,1,1,0,0.5679516352854924,-0.01864911012158212,0.0,0.0,1.0,0.0,0.0,1.0,0.0
1.0,1,1,1,1.4654524282305172,1,1,0,1,1,0,0,0,1,0.6664146132538568,1.5252341696939156,1.0,0.0,0.0,0.0,0.0,1.0,0.0
1.0,1,0,0,-0.6990530742677933,1,1,0,0,0,0,0,0,1,0.3176220302811766,-0.49842027440126313,1.0,0.0,0.0,0.0,1.0,0.0,0.0
0.0,0,1,1,-1.0257708859656514,1,1,0,0,0,0,0,0,0,-0.5301608986667732,-0.8471789726923658,0.0,0.0,0.0,0.0,0.0,1.0,0.0
0.0,0,1,1,-0.5765338948810964,1,0,0,0,0,0,0,0,1,-1.4830822617165353,-0.8239832500602002,0.0,1.0,0.0,0.0,0.0,0.0,1.0
1.0,0,1,1,0.07690172851461995,0,0,0,0,1,1,1,0,1,-0.6620011573023794,-0.3611140504981088,0.0,0.0,0.0,0.0,0.0,1.0,0.0
1.0,1,1,0,0.2811003608257813,1,1,0,1,1,0,1,1,1,1.367337507265941,0.9030639526685433,1.0,0.0,0.0,0.0,0.0,1.0,0.0
0.0,0,1,1,-0.0047777244098446,1,1,0,1,1,0,0,0,0,-0.07456101755891818,-0.09292879716993592,0.0,0.0,0.0,0.0,0.0,0.0,0.0
1.0,0,0,0,0.5669784460614072,1,0,0,0,0,0,0,0,1,-0.6503191090688446,-0.0842109416840213,0.0,0.0,0.0,0.0,1.0,0.0,0.0
0.0,0,1,0,0.5261387195991749,1,0,0,0,0,1,1,1,1,1.018544924293261,0.9035087412137431,1.0,0.0,0.0,1.0,1.0,0.0,0.0
1.0,0,0,1,1.138734616532659,1,0,0,0,0,0,0,0,0,-1.4930954459167078,-0.47351211587007863,0.0,1.0,0.0,1.0,0.0,0.0,1.0
0.0,0,1,0,-1.1482900653523482,1,0,1,1,0,0,0,0,0,-0.33323494273004456,-0.898218458254034,0.0,0.0,0.0,0.0,0.0,0.0,1.0
1.0,1,1,0,1.5062921546927495,1,1,0,1,1,0,0,1,1,1.0235515163933468,1.8358744896614017,1.0,0.0,0.0,0.0,0.0,0.0,0.0
1.0,0,0,0,-1.229969518276813,0,0,0,0,0,0,0,0,0,-1.3479042750142047,-0.9856638862402995,0.0,0.0,0.0,0.0,0.0,0.0,1.0
1.0,0,1,1,0.1585811814390845,0,0,1,0,1,1,1,1,0,-0.13297125872659188,-0.008863762127188217,0.0,0.0,1.0,0.0,1.0,0.0,0.0
0.0,0,0,0,0.19942090790131678,1,0,0,0,0,0,0,0,0,-1.496433173983432,-0.6539405892303463,0.0,1.0,0.0,1.0,0.0,0.0,1.0
0.0,0,0,0,0.4852989931369427,0,0,0,0,1,0,1,1,1,-0.5218165784999627,0.004680049074143259,0.0,0.0,1.0,0.0,0.0,1.0,0.0
1.0,0,0,0,1.2204140694571237,1,0,1,1,0,0,1,1,1,0.32095975834790064,1.0868728189723287,0.0,0.0,1.0,0.0,1.0,0.0,0.0
1.0,1,1,1,-1.270809244739045,1,0,0,0,0,1,0,0,1,-0.5151411223665141,-0.9808601699521424,0.0,0.0,0.0,0.0,1.0,0.0,0.0
1.0,0,1,1,1.6288113340794463,1,1,0,0,0,0,0,0,1,-1.321202450480411,-0.2062386790595653,0.0,1.0,0.0,1.0,1.0,0.0,0.0
0.0,0,0,0,0.6078181725236395,1,0,0,0,0,0,0,0,1,-1.4730690775163628,-0.5821294786078509,0.0,1.0,0.0,1.0,0.0,0.0,1.0
0.0,1,0,0,0.7711770783725685,1,0,0,0,0,0,0,0,0,-1.5047774941502425,-0.5722551729044171,0.0,1.0,0.0,1.0,1.0,0.0,0.0
0.0,0,0,0,-0.9849311595034191,1,0,0,0,0,0,0,0,1,-1.4847511257498973,-0.940073060357328,0.0,1.0,1.0,0.0,0.0,0.0,0.0
1.0,0,1,0,1.6288113340794463,1,1,1,1,1,1,0,1,0,0.47282638538385213,1.5606170984645533,0.0,0.0,0.0,1.0,0.0,0.0,0.0
1.0,0,1,1,-0.49485444195663186,1,0,0,0,0,0,0,0,0,-1.489757717849984,-0.8248505877233396,0.0,1.0,0.0,1.0,0.0,0.0,1.0
0.0,0,0,0,-0.5765338948810964,1,0,0,0,0,0,0,0,1,0.21415246021272577,-0.4477810985302747,1.0,0.0,0.0,0.0,0.0,1.0,0.0
1.0,0,0,0,0.4852989931369427,1,1,0,1,1,1,1,1,1,0.6864409816542018,0.6447974838983243,0.0,0.0,1.0,0.0,0.0,0.0,0.0
0.0,0,0,0,0.11774145497685222,1,1,0,0,0,1,0,0,0,0.5128791221845428,0.258609829528665,1.0,0.0,0.0,0.0,1.0,0.0,0.0
0.0,0,0,0,-1.1482900653523482,1,0,0,1,0,0,0,0,1,0.39939636791591987,-0.8543845471246013,1.0,0.0,0.0,0.0,0.0,0.0,0.0
0.0,0,1,0,-0.4540147154943996,0,0,1,0,0,0,0,0,0,-1.207719696211788,-0.7228383348817833,0.0,0.0,0.0,0.0,0.0,1.0,0.0
1.0,0,0,0,-0.9032517065789546,1,0,0,0,0,0,0,0,0,-1.4997709020501564,-0.9101387912653865,0.0,1.0,0.0,0.0,1.0,0.0,0.0
0.0,0,1,1,-0.20897635672100598,1,1,0,0,0,0,0,0,0,-1.3412288188807564,-0.6638593737883,0.0,1.0,0.0,1.0,0.0,1.0,0.0
0.0,0,0,0,-0.5765338948810964,1,1,0,0,0,1,1,1,1,1.1737492793959363,-0.2123990004105814,1.0,0.0,0.0,0.0,0.0,0.0,0.0
0.0,0,0,0,-1.270809244739045,1,0,0,0,0,0,1,0,1,-0.3349038067634068,-0.9784583118080639,0.0,0.0,0.0,0.0,0.0,1.0,0.0
0.0,1,1,0,-0.82157225365449,1,0,1,0,1,1,1,1,1,0.48450843361738716,-0.5829523374164705,0.0,0.0,1.0,0.0,0.0,1.0,0.0
0.0,0,1,1,0.5261387195991749,1,1,0,0,0,0,0,0,1,-1.33622222678067,-0.4817851828107935,0.0,1.0,0.0,1.0,1.0,0.0,0.0
1.0,0,1,0,1.6288113340794463,0,0,1,1,1,0,0,0,0,-0.7537886791372952,0.31469766507835,0.0,0.0,0.0,1.0,0.0,0.0,0.0
1.0,0,1,0,0.4852989931369427,1,0,1,1,0,1,0,0,1,-0.16134194729374773,0.1554411264695892,0.0,0.0,1.0,0.0,0.0,0.0,0.0
1.0,0,1,0,-1.1482900653523482,1,1,0,1,0,0,1,1,1,1.1854313276294715,-0.8158658591103053,1.0,0.0,0.0,0.0,0.0,1.0,0.0
1.0,1,1,0,0.4852989931369427,1,0,0,0,0,0,0,0,1,-1.513121814317053,-0.6259189108827636,0.0,1.0,0.0,1.0,1.0,0.0,0.0
0.0,0,1,0,0.9345359842214976,1,1,0,1,1,0,1,0,1,0.9935119637928294,1.2536907628494849,1.0,0.0,0.0,0.0,1.0,0.0,0.0
0.0,0,1,1,-0.658213347805561,1,0,0,0,0,0,0,0,0,-1.478075669616449,-0.8598109673760378,0.0,1.0,0.0,0.0,0.0,1.0,0.0
1.0,0,0,1,-1.107450338890116,1,0,0,0,0,1,0,0,1,-0.5351674907668594,-0.898151739972254,0.0,0.0,0.0,0.0,0.0,0.0,0.0
1.0,0,0,0,-0.08645717733430915,1,0,0,0,0,0,1,1,1,0.8533273849904124,0.22278211221282726,1.0,0.0,0.0,0.0,0.0,1.0,0.0
1.0,0,1,1,1.5062921546927495,1,1,0,1,1,0,1,0,0,1.036902428660244,1.893363409128466,1.0,0.0,1.0,0.0,1.0,0.0,0.0
0.0,0,1,1,-0.9849311595034191,1,0,0,0,0,0,0,0,1,-1.4997709020501564,-0.938271666749269,0.0,1.0,1.0,0.0,0.0,0.0,1.0
0.0,0,1,0,-0.6173736213433287,1,1,0,1,0,0,1,1,1,0.35767476708186724,-0.4145109153493355,0.0,0.0,0.0,0.0,0.0,0.0,0.0
0.0,0,1,1,1.5062921546927495,0,0,1,1,1,1,0,0,0,-0.6152729643682404,0.3855969591831859,0.0,0.0,0.0,1.0,0.0,0.0,0.0
0.0,1,1,0,1.5879716076172141,1,0,0,1,1,0,1,1,1,1.1520540469622294,2.205827362131271,1.0,0.0,0.0,1.0,0.0,1.0,0.0
0.0,0,1,0,-0.8624119801167224,1,1,1,0,0,1,1,0,1,1.051922204960503,-0.45921216414190763,1.0,0.0,0.0,0.0,1.0,0.0,0.0
1.0,0,0,0,0.97537571068373,1,1,0,0,0,0,0,0,1,-1.2928317619132552,-0.36046910710756913,0.0,1.0,0.0,1.0,0.0,0.0,0.0
0.0,1,1,0,1.6288113340794463,1,1,1,1,0,0,1,1,1,1.4073902440666313,2.4120535711131224,1.0,0.0,1.0,0.0,0.0,0.0,0.0
0.0,0,1,1,-1.270809244739045,1,0,0,0,0,0,0,0,0,-1.479744533649811,-0.9937145589084144,0.0,1.0,0.0,1.0,0.0,0.0,1.0
1.0,0,0,1,-0.9032517065789546,1,1,0,0,0,0,0,0,0,-1.3312156346805837,-0.9031778505330108,0.0,1.0,0.0,0.0,1.0,0.0,0.0
1.0,0,1,1,0.8936962577592654,0,0,0,0,1,1,0,1,0,-0.6236172845350509,0.07542366718815924,0.0,0.0,0.0,1.0,1.0,0.0,0.0
1.0,0,1,1,-1.270809244739045,1,0,0,0,0,0,0,0,0,-1.4997709020501564,-0.9939814320355342,0.0,1.0,0.0,0.0,0.0,1.0,0.0
0.0,0,0,0,-1.0257708859656514,0,0,0,1,0,0,0,1,1,-0.8205432404717794,-0.8723095254961502,0.0,0.0,0.0,0.0,1.0,0.0,0.0
1.0,0,0,0,0.11774145497685222,1,0,1,0,0,1,0,1,1,0.8182812402898082,0.4433749912046299,1.0,0.0,1.0,0.0,0.0,1.0,0.0
1.0,0,0,0,-0.9440914330411869,1,0,1,0,1,1,1,0,1,0.1607488111451386,-0.7122078886515099,0.0,0.0,0.0,0.0,0.0,0.0,1.0
0.0,0,1,1,0.8120168048348009,1,0,0,0,0,0,0,0,0,-1.496433173983432,-0.5266198681669255,0.0,1.0,0.0,1.0,0.0,0.0,1.0
0.0,0,0,0,-1.270809244739045,1,0,0,0,0,0,0,0,0,0.1624176751785006,-0.971830962484588,1.0,0.0,0.0,0.0,0.0,0.0,1.0
1.0,1,1,0,1.6288113340794463,0,0,1,1,1,1,1,1,1,0.008882184109187083,1.0192427206747108,0.0,0.0,0.0,1.0,1.0,0.0,0.0
0.0,0,0,0,-1.1891297918145805,1,0,1,1,0,1,0,1,0,0.21415246021272577,-0.907870369684868,0.0,0.0,0.0,1.0,0.0,0.0,1.0
1.0,0,0,0,-1.1891297918145805,1,0,0,0,0,1,0,1,0,-0.13464012275995413,-0.9151871412534033,0.0,0.0,0.0,0.0,0.0,0.0,1.0
0.0,0,0,0,0.11774145497685222,1,0,0,0,0,0,0,0,0,-1.4663936213829143,-0.6912138693180829,0.0,1.0,1.0,0.0,0.0,0.0,1.0
0.0,0,0,0,-0.6990530742677933,1,1,1,0,0,0,0,1,1,-0.0011310000909854545,-0.5604015581748445,0.0,0.0,0.0,0.0,0.0,0.0,0.0
0.0,1,0,0,-0.20897635672100598,1,1,0,0,1,0,0,1,0,0.7882416876892901,0.09486092661338705,1.0,0.0,0.0,0.0,1.0,0.0,0.0
0.0,1,0,0,-0.9440914330411869,1,1,0,0,0,0,0,0,1,0.32930407851471116,-0.7257072209983214,1.0,0.0,0.0,0.0,0.0,1.0,0.0
0.0,1,1,1,0.07690172851461995,1,1,0,1,0,0,0,0,1,0.4978593458842837,0.20630269661317766,1.0,0.0,0.0,0.0,0.0,0.0,1.0
1.0,0,0,0,1.3429332488438204,1,0,0,0,0,0,0,0,1,-1.506446358183605,-0.4607244451955866,0.0,1.0,0.0,1.0,1.0,0.0,0.0
0.0,0,1,0,-0.6990530742677933,1,0,0,0,0,0,0,0,0,-1.4764068055830868,-0.8556299550511605,0.0,1.0,0.0,0.0,1.0,0.0,0.0
0.0,0,0,0,-0.82157225365449,1,0,0,0,0,0,0,0,0,-0.6970473020029837,-0.7621576422774388,0.0,0.0,0.0,0.0,0.0,0.0,0.0
1.0,0,0,0,-1.270809244739045,1,0,0,0,0,0,0,0,0,-1.509784086250329,-0.9941148685990943,0.0,1.0,0.0,0.0,0.0,1.0,0.0
0.0,1,0,0,-0.7398928007300255,0,0,0,0,0,0,1,1,1,-0.6119352363015161,-0.7035567514473753,0.0,0.0,0.0,0.0,0.0,1.0,0.0
0.0,0,1,0,1.424612701768285,1,1,1,1,1,0,0,1,0,0.3476615828816942,1.249843341933507,0.0,0.0,1.0,0.0,0.0,0.0,1.0
0.0,0,1,0,1.3020935223815882,1,1,1,0,1,1,1,1,1,0.6780966614873912,1.4366322914901306,0.0,0.0,0.0,1.0,1.0,0.0,0.0
0.0,0,0,0,-1.0666106124278838,1,0,0,0,0,1,0,0,1,-0.463406337332289,-0.8746446653584486,0.0,0.0,0.0,0.0,0.0,0.0,0.0
1.0,1,1,0,-0.9032517065789546,1,0,1,0,0,0,0,0,0,0.35433703901514274,-0.6823180984140885,1.0,0.0,0.0,0.0,0.0,1.0,0.0
0.0,1,1,0,0.7303373519103363,1,1,0,0,0,1,1,1,1,1.2004511039297305,1.3055753466470323,1.0,0.0,1.0,0.0,0.0,1.0,0.0
0.0,0,1,1,-1.270809244739045,1,1,1,0,1,0,1,1,1,1.2605302091307662,-0.9571974193475172,1.0,0.0,0.0,0.0,0.0,1.0,0.0
0.0,1,1,0,0.7303373519103363,1,1,0,1,1,0,1,0,1,1.0135383321931744,1.1716717551146558,1.0,0.0,0.0,0.0,0.0,1.0,0.0
0.0,0,1,1,-0.7398928007300255,1,1,0,0,0,0,1,0,1,0.6714212053539428,-0.4672850762372825,1.0,0.0,0.0,0.0,0.0,1.0,0.0
1.0,0,0,0,-1.270809244739045,1,1,0,0,0,0,0,0,1,0.3476615828816942,-0.9693623860587296,1.0,0.0,0.0,0.0,0.0,1.0,0.0
1.0,1,1,0,0.6486578989858718,1,1,0,0,1,0,0,1,1,0.8800292095242059,0.9412935281284595,1.0,0.0,0.0,0.0,1.0,0.0,0.0
0.0,0,0,0,-1.270809244739045,1,0,1,0,0,0,0,0,0,-0.5051279381663416,-0.9807267333885824,0.0,0.0,0.0,0.0,0.0,0.0,0.0
0.0,0,1,0,0.5669784460614072,1,1,0,1,0,1,1,1,1,1.2838943055978358,1.0408816833986771,1.0,0.0,1.0,0.0,0.0,1.0,0.0
1.0,0,1,1,-0.7807325271922578,1,1,0,0,0,0,0,0,0,-1.3412288188807564,-0.8499366616726041,0.0,1.0,1.0,0.0,0.0,0.0,0.0
0.0,0,0,0,-1.0257708859656514,1,0,1,1,1,0,0,0,0,-0.10960716225952255,-0.8075483133150704,0.0,0.0,0.0,0.0,0.0,1.0,0.0
1.0,0,0,1,-0.82157225365449,1,0,0,0,0,0,0,0,0,-1.4563804371827418,-0.8978848668451341,0.0,1.0,0.0,0.0,1.0,0.0,0.0
0.0,0,0,0,-1.1891297918145805,1,0,0,0,0,0,0,0,0,-1.506446358183605,-0.9756116651187856,0.0,1.0,0.0,0.0,0.0,1.0,0.0
0.0,0,0,0,-1.270809244739045,1,0,0,0,1,0,1,0,1,0.6931164377876503,-0.9647588246159126,1.0,0.0,0.0,0.0,0.0,1.0,0.0
1.0,0,1,1,1.6288113340794463,1,0,0,1,1,0,1,1,1,0.35767476708186724,1.4347864190275519,0.0,0.0,0.0,1.0,0.0,0.0,0.0
0.0,0,1,1,1.6288113340794463,1,1,1,1,1,1,0,1,0,1.4274166124669767,2.4035581098998082,1.0,0.0,0.0,1.0,1.0,0.0,0.0
0.0,1,1,0,-0.37233526256993504,1,0,1,0,0,0,1,1,1,1.0152071962265363,0.031834389758586414,1.0,0.0,0.0,0.0,0.0,1.0,0.0
0.0,1,0,0,0.8936962577592654,1,1,0,1,0,0,0,0,1,0.49452161781755966,0.9410711338558596,1.0,0.0,0.0,0.0,0.0,1.0,0.0
1.0,0,1,0,0.03606200205238767,1,1,0,1,1,0,0,1,1,0.9567969550588628,0.37252017595431397,1.0,0.0,0.0,0.0,0.0,1.0,0.0
1.0,0,1,0,1.0978948900704268,1,1,0,0,1,0,1,1,1,1.1620672311624018,1.6486629909868387,1.0,0.0,1.0,0.0,0.0,0.0,0.0
1.0,0,0,1,-1.229969518276813,1,1,1,1,0,0,0,0,0,-0.12462693855978135,-0.9428974676193461,0.0,0.0,0.0,0.0,0.0,0.0,0.0
1.0,0,0,0,1.0978948900704268,1,1,0,1,1,1,1,1,1,1.5575880070692207,1.8971441117626635,1.0,0.0,0.0,0.0,0.0,1.0,0.0
1.0,0,0,0,-1.229969518276813,1,0,1,0,0,1,0,0,1,-0.3415792628968551,-0.9639359658072929,0.0,0.0,0.0,0.0,0.0,0.0,1.0
1.0,0,0,0,-0.12729690379654143,1,0,0,0,1,1,1,1,1,1.1387031346953322,0.24579991942691293,1.0,0.0,0.0,0.0,1.0,0.0,0.0
1.0,0,0,0,-0.49485444195663186,1,1,0,0,1,0,1,0,1,0.8015925999561871,-0.2192932228611771,1.0,0.0,0.0,0.0,0.0,1.0,0.0
0.0,0,0,0,1.3020935223815882,1,1,0,0,1,0,1,1,1,1.1804247355293849,1.7790305135848772,1.0,0.0,1.0,0.0,1.0,0.0,0.0
0.0,0,1,1,1.3020935223815882,1,1,1,1,0,1,1,1,0,1.5225418623686164,2.1095528815227915,1.0,0.0,0.0,1.0,0.0,0.0,0.0
1.0,0,1,1,0.4852989931369427,1,1,0,0,0,0,0,0,0,-1.3011760820800657,-0.5088283263589367,0.0,1.0,1.0,0.0,0.0,0.0,1.0
0.0,1,0,0,-0.7807325271922578,1,1,0,0,0,0,0,1,1,0.5779648194856649,-0.5014003576541013,1.0,0.0,0.0,0.0,0.0,1.0,0.0
1.0,0,0,0,-0.4131749890321673,1,1,0,0,0,0,1,1,1,1.0152071962265363,-0.04086629795430839,1.0,0.0,0.0,0.0,0.0,1.0,0.0
1.0,0,1,1,0.07690172851461995,0,0,1,0,0,0,0,0,0,-1.144302862944028,-0.585265237851509,0.0,0.0,1.0,0.0,0.0,0.0,0.0
0.0,0,0,0,-1.270809244739045,1,1,0,0,0,0,0,1,1,0.6931164377876503,-0.9647588246159126,1.0,0.0,0.0,0.0,0.0,0.0,1.0
1.0,0,1,0,1.5879716076172141,1,0,1,0,1,1,1,1,1,0.596322323852648,1.591529902355934,0.0,0.0,0.0,1.0,0.0,1.0,0.0
1.0,0,0,0,-0.7807325271922578,1,0,0,0,0,0,0,0,1,0.18244404357884614,-0.5883342788133871,1.0,0.0,0.0,0.0,0.0,1.0,0.0
1.0,0,0,0,-1.1482900653523482,1,0,0,0,0,0,0,0,0,-1.4997709020501564,-0.9679390627140904,0.0,1.0,0.0,0.0,0.0,0.0,1.0
1.0,0,1,0,1.5879716076172141,1,0,0,0,0,0,0,0,0,-1.46305589331619,-0.3179028433319557,0.0,1.0,1.0,0.0,0.0,1.0,0.0
1.0,0,0,0,0.7303373519103363,1,1,0,0,0,0,0,0,0,-1.3278779066138595,-0.47113249715326017,0.0,1.0,0.0,1.0,0.0,0.0,0.0
1.0,0,0,0,1.261253795919356,1,0,1,1,1,1,1,1,0,1.4858268536346504,2.1328820407185165,1.0,0.0,0.0,1.0,1.0,0.0,0.0
0.0,0,0,0,0.36277981375024587,1,0,0,0,0,0,0,0,0,0.18578177164557017,0.2729097812568361,1.0,0.0,0.0,0.0,0.0,0.0,0.0
1.0,1,0,0,0.7711770783725685,1,1,0,1,0,0,0,0,1,0.4978593458842837,0.7651350248021092,1.0,0.0,1.0,0.0,0.0,0.0,0.0
0.0,0,0,0,-0.6990530742677933,1,0,0,0,0,0,0,0,0,-1.4880888538166215,-0.8682397103075726,0.0,1.0,1.0,0.0,1.0,0.0,0.0
1.0,0,1,1,-1.229969518276813,1,0,0,0,0,0,0,0,0,-1.496433173983432,-0.9867980970305587,0.0,1.0,1.0,0.0,0.0,0.0,1.0
0.0,1,0,0,-0.24981608318323825,1,1,0,0,0,1,0,1,1,0.045597192843153216,-0.2677974137152069,0.0,0.0,0.0,0.0,0.0,1.0,0.0
1.0,0,0,0,0.4444592666747104,1,1,0,1,0,0,0,0,1,0.43944910471661003,0.494325519057258,1.0,0.0,0.0,0.0,0.0,1.0,0.0
0.0,0,1,0,-0.24981608318323825,1,1,1,1,1,1,1,1,1,0.8483207928903258,0.025829744398390156,0.0,0.0,1.0,0.0,1.0,0.0,0.0
1.0,1,1,0,-0.9032517065789546,1,1,0,0,0,0,0,1,0,0.6964541658543744,-0.6239173624293649,1.0,0.0,0.0,0.0,0.0,1.0,0.0
0.0,0,1,1,0.03606200205238767,1,1,0,0,0,0,0,0,1,-1.3412288188807564,-0.6734890457918741,0.0,1.0,0.0,1.0,0.0,0.0,1.0
0.0,0,1,0,0.8936962577592654,1,1,0,0,0,0,1,1,1,0.18244404357884614,0.6499125521681212,0.0,0.0,1.0,0.0,1.0,0.0,0.0
1.0,0,1,1,-1.270809244739045,0,0,0,1,0,0,0,0,0,-1.1509783190774763,-0.9893333917381972,0.0,0.0,0.0,0.0,0.0,1.0,0.0
0.0,1,0,0,0.689497625448104,1,1,1,1,1,1,0,1,0,1.2788877134977492,1.295100576407579,1.0,0.0,1.0,0.0,0.0,0.0,0.0
1.0,0,1,1,-1.1891297918145805,1,0,0,1,1,0,0,0,1,-0.2848378857625436,-0.9279748119278953,0.0,0.0,0.0,0.0,0.0,0.0,1.0
1.0,0,0,0,1.0978948900704268,1,0,0,0,1,0,0,1,1,-0.11127602629288455,0.6187106357223605,0.0,0.0,1.0,0.0,0.0,0.0,0.0
1.0,1,1,0,0.36277981375024587,0,0,0,1,1,0,1,1,1,-0.35826790323047614,-0.01738146276776295,0.0,0.0,0.0,0.0,0.0,1.0,0.0
1.0,0,0,0,-0.08645717733430915,1,0,1,1,0,1,1,0,0,0.19078836374565666,-0.09328462800609567,0.0,0.0,1.0,0.0,0.0,1.0,0.0
1.0,0,0,0,0.8528565312970331,0,0,1,1,0,0,0,1,1,-0.6136041003348784,0.13004370053868508,0.0,0.0,0.0,0.0,0.0,0.0,0.0
1.0,0,0,0,-1.1891297918145805,1,1,0,0,0,0,0,0,1,0.32429748641462514,-0.9006647952526324,1.0,0.0,0.0,0.0,0.0,1.0,0.0
1.0,0,0,0,-1.270809244739045,1,1,0,0,0,0,0,0,1,-0.4851015697659963,-0.9804598602614626,0.0,0.0,0.0,0.0,0.0,1.0,0.0
0.0,0,1,0,1.6288113340794463,1,1,0,1,1,1,1,1,0,1.4841579896012884,2.4619588458845314,1.0,0.0,1.0,0.0,1.0,0.0,0.0
0.0,0,0,0,-1.270809244739045,1,0,0,0,0,0,0,0,1,-1.508115222216967,-0.9940926291718342,0.0,1.0,0.0,0.0,0.0,0.0,1.0
1.0,1,1,0,0.03606200205238767,1,1,0,1,0,0,1,1,1,1.198782239896368,0.45180373413616454,1.0,0.0,0.0,0.0,0.0,0.0,0.0
1.0,0,0,0,-1.270809244739045,1,1,0,0,0,0,1,1,1,1.0268892444600715,-0.9603109391639153,1.0,0.0,0.0,0.0,0.0,1.0,0.0
0.0,0,1,1,1.3429332488438204,1,1,1,1,1,1,1,1,1,0.8600028411238608,1.6472396676421992,0.0,0.0,0.0,1.0,0.0,0.0,1.0
1.0,0,1,0,0.6078181725236395,1,1,0,1,0,0,0,0,1,0.4744952494172146,0.6208678601665791,1.0,0.0,1.0,0.0,0.0,1.0,0.0
0.0,0,1,0,1.5879716076172141,1,1,0,0,0,0,0,0,1,-1.33622222678067,-0.24211087522992286,0.0,1.0,0.0,1.0,0.0,0.0,0.0
0.0,0,0,0,1.3429332488438204,1,0,1,1,0,1,0,0,1,-0.16968626746055826,0.6606541955346945,0.0,0.0,0.0,1.0,0.0,0.0,1.0
1.0,0,0,0,1.1795743429948913,1,1,1,0,1,0,1,1,0,1.3122649941649913,1.8276236621479471,1.0,0.0,1.0,0.0,0.0,1.0,0.0
1.0,0,0,0,-0.08645717733430915,1,1,1,0,0,0,0,1,1,-0.00613759219107196,-0.1628050776208123,0.0,0.0,0.0,0.0,0.0,0.0,1.0
1.0,0,1,1,-0.7807325271922578,1,0,0,1,1,1,0,0,0,-0.09625624999262575,-0.6691301180489168,0.0,0.0,0.0,0.0,0.0,0.0,0.0
0.0,0,0,0,-0.49485444195663186,1,0,0,0,0,0,0,0,1,-0.6786897976360005,-0.5903803061213058,0.0,0.0,0.0,0.0,0.0,1.0,0.0
1.0,1,0,0,-0.8624119801167224,1,0,0,0,0,0,0,1,1,0.46114433715031755,-0.6139318595896311,1.0,0.0,0.0,0.0,0.0,1.0,0.0
0.0,0,1,0,-0.2906558096454705,0,0,0,0,0,0,1,0,1,-1.0241446525419562,-0.6233613767478653,0.0,0.0,0.0,0.0,0.0,0.0,0.0
0.0,0,0,0,0.24026063436354905,1,0,0,0,0,0,0,0,0,-1.5147906783504155,-0.6667282599048382,0.0,1.0,1.0,0.0,0.0,0.0,1.0
1.0,0,1,1,1.4654524282305172,1,1,1,1,1,1,1,1,1,1.6176671122702568,2.491492805285793,1.0,0.0,0.0,1.0,0.0,1.0,0.0
0.0,0,0,0,-1.1891297918145805,1,1,0,0,0,0,0,0,1,0.3476615828816942,-0.8823617466176639,1.0,0.0,0.0,0.0,1.0,0.0,0.0
0.0,0,0,1,-0.5765338948810964,1,1,0,0,0,0,0,0,0,-1.3145269943469626,-0.8005428937281748,0.0,1.0,0.0,1.0,1.0,0.0,0.0
1.0,1,0,0,-0.658213347805561,1,0,0,0,0,0,0,1,1,0.4694886573171281,-0.4609023606136665,1.0,0.0,0.0,0.0,0.0,1.0,0.0
0.0,0,0,0,0.9345359842214976,1,0,0,0,0,0,0,0,0,-0.6553257011689311,0.09257026560560844,0.0,0.0,1.0,0.0,0.0,0.0,0.0
0.0,1,1,0,0.8936962577592654,1,1,0,1,0,0,1,1,1,1.228821792496886,1.3871273264094017,1.0,0.0,1.0,0.0,1.0,0.0,0.0
0.0,0,0,0,-1.270809244739045,1,0,0,0,0,0,0,0,0,-1.5298104546506741,-0.9943817417262141,0.0,1.0,0.0,0.0,0.0,1.0,0.0
1.0,0,1,1,0.24026063436354905,1,1,1,0,1,1,1,1,1,0.6914475737542883,0.46370182772025714,0.0,0.0,0.0,1.0,0.0,0.0,0.0
0.0,0,0,0,1.3020935223815882,1,1,1,1,1,1,1,1,1,0.7248248544215304,1.4177954966009225,0.0,0.0,0.0,1.0,1.0,0.0,0.0
1.0,0,1,0,-0.6173736213433287,1,1,0,1,0,0,0,0,1,0.5278988984848018,-0.4081281997257194,1.0,0.0,0.0,0.0,0.0,0.0,0.0
1.0,0,1,0,-1.270809244739045,1,0,0,0,0,0,0,0,0,-0.6670077494024657,-0.9828839578328012,0.0,0.0,0.0,0.0,1.0,0.0,0.0
0.0,0,0,0,-1.270809244739045,1,0,0,0,0,0,0,0,0,-1.5031086301168806,-0.9940259108900542,0.0,1.0,0.0,0.0,0.0,0.0,1.0
1.0,0,1,1,0.8528565312970331,1,0,0,1,0,1,1,0,1,0.9300951305250691,1.123078606551586,1.0,0.0,0.0,0.0,0.0,1.0,0.0
0.0,0,1,1,1.3020935223815882,0,0,0,1,1,1,0,1,0,-0.49511475396616883,0.4251609002787011,0.0,0.0,0.0,1.0,0.0,1.0,0.0
1.0,0,0,0,-1.1482900653523482,1,1,0,1,0,0,0,0,0,0.4594754731169556,-0.8559635464600603,1.0,0.0,0.0,0.0,0.0,1.0,0.0
0.0,0,1,1,1.4654524282305172,1,1,1,1,1,0,1,0,1,0.277569293480486,1.29367725306294,0.0,0.0,1.0,0.0,1.0,0.0,0.0
1.0,0,1,0,-0.9849311595034191,1,0,0,1,0,0,0,0,1,-0.5051279381663416,-0.8277639526943978,0.0,0.0,0.0,0.0,0.0,0.0,0.0
1.0,0,0,1,0.9345359842214976,1,0,0,0,0,0,0,0,0,-1.5214661344838636,-0.5573102777857064,0.0,1.0,1.0,0.0,0.0,0.0,0.0
1.0,0,1,0,-0.37233526256993504,1,1,1,1,1,0,1,0,1,1.1537229109955913,-0.03028033057855491,1.0,0.0,0.0,0.0,0.0,1.0,0.0
0.0,0,1,0,-0.82157225365449,0,0,0,0,1,0,1,1,1,-0.49511475396616883,-0.7282647551332199,0.0,0.0,0.0,0.0,0.0,0.0,0.0
1.0,0,0,1,-0.20897635672100598,1,1,0,0,0,1,0,0,1,0.49452161781755966,-0.032882343567973246,1.0,0.0,0.0,0.0,0.0,1.0,0.0
1.0,0,0,0,0.03606200205238767,1,0,1,0,0,1,1,0,1,0.8099369201229977,0.3438980330707119,1.0,0.0,0.0,1.0,0.0,1.0,0.0
0.0,1,0,0,-0.1681366302587737,1,1,0,1,1,0,1,1,1,1.384026147599562,0.3994298829388972,1.0,0.0,0.0,0.0,0.0,1.0,0.0
1.0,0,0,1,-0.82157225365449,1,0,1,0,0,0,1,1,1,0.17243085937867314,-0.630255599198461,0.0,0.0,0.0,0.0,0.0,0.0,1.0
1.0,0,0,0,0.3219400872880136,1,1,0,1,1,0,1,1,1,1.3289536344986124,0.7927786328862719,1.0,0.0,0.0,0.0,1.0,0.0,0.0
0.0,0,1,1,0.1585811814390845,1,0,0,0,0,0,0,0,0,-1.5181284064171394,-0.6901241373823436,0.0,1.0,0.0,0.0,0.0,0.0,0.0
0.0,0,1,1,1.6288113340794463,1,1,1,1,1,1,1,1,0,1.7628582831727597,2.8535951599328873,1.0,0.0,0.0,1.0,1.0,0.0,0.0
0.0,0,0,0,-0.9440914330411869,1,0,0,0,0,0,0,0,1,-0.6987161660363457,-0.8223152930157013,0.0,0.0,0.0,0.0,0.0,1.0,0.0
0.0,0,0,0,-0.08645717733430915,1,0,1,0,0,0,0,0,1,-0.5301608986667732,-0.31923720896755486,0.0,0.0,0.0,0.0,0.0,0.0,1.0
1.0,0,1,1,0.40361954021247815,1,0,0,0,0,0,0,0,0,-1.4830822617165353,-0.6225162785119858,0.0,1.0,1.0,0.0,0.0,0.0,1.0
0.0,0,0,0,-0.9440914330411869,0,0,0,1,0,0,0,1,0,-0.7988480080380721,-0.8429090026584484,0.0,0.0,0.0,0.0,0.0,1.0,0.0
1.0,1,1,0,-1.270809244739045,1,0,0,0,0,0,0,0,0,0.20580814004591524,-0.9712527373758285,1.0,0.0,0.0,0.0,0.0,0.0,1.0
0.0,0,0,0,-0.6173736213433287,1,0,0,0,0,0,0,0,0,0.1941260918123807,-0.484320477518432,1.0,0.0,0.0,0.0,0.0,0.0,0.0
0.0,0,1,1,0.3219400872880136,0,0,0,1,0,0,1,1,1,-0.4617374732989267,-0.09693189407673343,0.0,0.0,0.0,0.0,0.0,1.0,0.0
1.0,1,0,0,-1.270809244739045,1,0,0,0,0,1,0,0,0,0.33431067061479763,-0.9695403014768096,1.0,0.0,0.0,0.0,0.0,1.0,0.0
1.0,0,0,0,1.424612701768285,0,0,1,0,1,1,1,0,1,-0.5118033942997898,0.4745324287958704,0.0,0.0,1.0,0.0,0.0,0.0,0.0
0.0,0,1,1,-0.2906558096454705,1,0,0,1,1,0,1,0,1,0.8166123762564462,0.0014553321214452691,1.0,0.0,0.0,0.0,0.0,0.0,0.0
1.0,0,1,0,1.3020935223815882,1,1,1,1,1,0,0,0,0,0.8266255604566187,1.5292595060279728,1.0,0.0,1.0,0.0,0.0,0.0,0.0
1.0,1,0,0,-0.4540147154943996,1,0,0,0,0,0,0,0,0,-1.4747379415497248,-0.811707086212688,0.0,1.0,1.0,0.0,0.0,0.0,0.0
0.0,0,1,1,0.689497625448104,1,1,0,1,0,1,1,1,0,0.48784616168411116,0.7329990524114292,0.0,0.0,0.0,1.0,0.0,0.0,0.0
0.0,0,0,0,-1.270809244739045,0,0,1,0,0,0,0,0,0,-1.160991503277649,-0.989466828301757,0.0,0.0,0.0,0.0,0.0,0.0,1.0
0.0,0,0,0,-1.270809244739045,1,0,0,0,0,0,0,0,0,-0.6853652537694489,-0.983128591532661,0.0,0.0,0.0,0.0,0.0,0.0,0.0
0.0,0,0,0,0.40361954021247815,1,1,1,1,0,0,0,0,1,-0.15132876309357518,0.0743339352524198,0.0,0.0,1.0,0.0,0.0,0.0,0.0
1.0,0,0,0,-1.1482900653523482,0,0,0,0,0,1,0,0,0,-1.1409651348773038,-0.9501030420515816,0.0,0.0,0.0,0.0,0.0,1.0,0.0
0.0,0,1,0,-0.82157225365449,1,0,0,0,0,0,0,0,1,-1.489757717849984,-0.8850971961706422,0.0,1.0,0.0,1.0,0.0,1.0,0.0
1.0,1,0,0,-0.658213347805561,1,1,0,0,0,0,0,0,1,0.3259663504479871,-0.44173197431555855,1.0,0.0,0.0,0.0,0.0,0.0,0.0
1.0,0,1,1,1.4654524282305172,1,0,0,0,0,0,0,0,0,-1.4930954459167078,-0.3899808270815707,0.0,1.0,0.0,1.0,0.0,0.0,0.0
0.0,0,1,0,-0.9440914330411869,1,0,0,0,1,0,0,0,1,0.36935681531540177,-0.7110291990067306,1.0,0.0,0.0,0.0,0.0,0.0,0.0
1.0,0,1,1,0.6078181725236395,1,1,1,1,1,1,1,1,1,1.6276802964704293,1.362530519859857,1.0,0.0,1.0,0.0,0.0,0.0,0.0
1.0,1,0,1,0.97537571068373,1,0,1,0,0,0,1,1,0,1.0051940120263638,1.3387343326916719,1.0,0.0,1.0,0.0,1.0,0.0,0.0
0.0,1,1,0,-0.658213347805561,1,1,0,0,0,0,0,1,1,0.6897787097209258,-0.39111503787183,1.0,0.0,0.0,0.0,1.0,0.0,0.0
1.0,0,0,0,-1.1891297918145805,1,1,0,1,1,0,1,1,1,1.3573243230657681,-0.8589881085674184,1.0,0.0,0.0,0.0,0.0,0.0,0.0
1.0,0,0,1,-1.1891297918145805,1,1,0,0,1,0,0,1,0,0.9067310340579995,-0.8884331102596401,1.0,0.0,0.0,0.0,0.0,1.0,0.0
0.0,0,1,0,-0.4540147154943996,1,0,0,0,0,1,1,0,1,0.7131428061879954,-0.19374012093945303,1.0,0.0,0.0,0.0,0.0,1.0,0.0
1.0,1,1,0,0.19942090790131678,1,1,0,0,0,0,1,0,1,0.7014607579544608,0.40772518930687207,1.0,0.0,0.0,0.0,0.0,1.0,0.0
1.0,0,0,0,0.11774145497685222,1,0,0,0,0,0,0,0,1,-1.4847511257498973,-0.6983527254685384,0.0,1.0,0.0,1.0,0.0,0.0,1.0
0.0,0,0,0,-0.24981608318323825,1,0,0,1,1,0,0,0,1,-0.2881756138292679,-0.31192043739901937,0.0,0.0,1.0,0.0,0.0,0.0,1.0
1.0,0,0,0,-1.1482900653523482,1,0,0,0,0,0,0,0,0,-1.524803862550588,-0.9700962871583092,0.0,1.0,0.0,0.0,0.0,0.0,1.0
0.0,0,0,0,0.6486578989858718,1,1,0,0,0,0,0,0,0,-1.3395599548473942,-0.46726283681002256,0.0,1.0,1.0,0.0,0.0,0.0,0.0
1.0,0,1,0,-0.9849311595034191,1,0,0,0,0,0,0,0,1,-1.506446358183605,-0.9310883317442934,0.0,1.0,0.0,0.0,0.0,0.0,0.0
1.0,0,0,0,0.4852989931369427,1,0,1,1,1,0,1,1,1,1.3806884195328375,1.0035861638836807,1.0,0.0,1.0,0.0,0.0,1.0,0.0
1.0,0,0,0,-0.658213347805561,1,0,1,0,0,0,1,1,1,0.9868365076593808,-0.34303339613574,1.0,0.0,0.0,0.0,0.0,1.0,0.0
0.0,0,1,1,0.7303373519103363,1,0,0,0,0,0,0,0,1,0.1690931313119491,0.5796582014538247,1.0,0.0,0.0,0.0,0.0,0.0,0.0
0.0,0,0,0,0.11774145497685222,1,1,0,0,1,0,1,1,1,1.1871001916628334,0.5662700662433132,1.0,0.0,0.0,0.0,0.0,1.0,0.0
1.0,0,1,1,-1.270809244739045,1,0,0,0,0,0,0,0,1,0.17743745147875964,-0.9716308076392481,1.0,0.0,0.0,0.0,0.0,1.0,0.0
1.0,0,1,1,-1.270809244739045,1,0,0,0,0,0,0,0,0,-1.5181284064171394,-0.9942260657353942,0.0,1.0,0.0,0.0,0.0,0.0,1.0
1.0,0,0,0,-0.9440914330411869,0,0,0,0,0,0,0,0,1,-1.337891090814032,-0.9182117033607615,0.0,0.0,0.0,0.0,0.0,0.0,1.0
0.0,0,1,0,1.5062921546927495,1,0,0,1,0,0,0,1,1,-0.1079382982261603,0.8347444321258658,0.0,0.0,0.0,1.0,1.0,0.0,0.0
0.0,0,0,0,-1.270809244739045,1,0,0,0,0,0,1,1,0,0.8650094332239469,-0.9624681636081339,1.0,0.0,0.0,0.0,0.0,1.0,0.0
0.0,0,1,1,-1.0257708859656514,1,0,0,0,0,0,0,0,0,-1.4697313494496385,-0.9320668665437329,0.0,1.0,0.0,0.0,0.0,0.0,1.0
1.0,0,1,1,1.5062921546927495,1,0,1,1,1,0,0,0,1,-0.16467967536047198,0.8074788943051229,0.0,0.0,0.0,1.0,0.0,0.0,0.0
0.0,1,0,0,-0.9849311595034191,1,1,0,1,1,0,1,1,1,1.3623309151658545,-0.6337916681327987,1.0,0.0,0.0,0.0,0.0,1.0,0.0
1.0,0,0,0,-1.0257708859656514,1,0,0,0,0,0,0,0,0,-1.4663936213829143,-0.9400063420755479,0.0,1.0,0.0,0.0,0.0,0.0,1.0
0.0,0,1,1,-0.9032517065789546,1,0,0,0,0,0,0,0,1,-1.4981020380167944,-0.9152538595351833,0.0,1.0,0.0,0.0,0.0,0.0,0.0
1.0,0,0,0,-0.33149553610770277,1,0,0,0,1,0,0,0,1,-0.5001213460662551,-0.48334194271899256,0.0,0.0,0.0,0.0,0.0,0.0,1.0
0.0,0,1,0,0.8120168048348009,1,1,0,1,1,0,1,1,1,1.3473111388655954,1.4991028426634319,1.0,0.0,0.0,0.0,0.0,1.0,0.0
1.0,0,0,0,0.1585811814390845,1,0,0,0,0,0,0,0,1,-1.539823638850847,-0.6963066981606199,0.0,1.0,0.0,1.0,1.0,0.0,0.0
0.0,0,1,1,0.5261387195991749,1,1,0,0,0,0,0,0,1,-1.33622222678067,-0.4962408105297845,0.0,1.0,0.0,1.0,0.0,0.0,0.0
1.0,0,1,1,1.6288113340794463,0,0,1,0,1,1,1,0,0,-0.5268231706000489,0.5660031931161934,0.0,0.0,0.0,1.0,0.0,0.0,1.0
1.0,0,0,0,-1.270809244739045,1,0,0,0,0,0,0,0,0,-0.6753520695692762,-0.9829951549691012,0.0,0.0,0.0,0.0,0.0,0.0,1.0
1.0,0,1,0,0.40361954021247815,1,0,0,0,0,0,0,0,0,-1.4830822617165353,-0.6311451762888605,0.0,1.0,0.0,1.0,0.0,1.0,0.0
0.0,1,1,1,-0.4131749890321673,1,1,0,0,0,0,1,0,0,0.6897787097209258,-0.13026879553945267,1.0,0.0,0.0,0.0,0.0,0.0,0.0
1.0,1,0,0,-0.33149553610770277,1,1,0,1,1,0,1,1,1,1.2772188494643872,0.10773755499691894,1.0,0.0,0.0,0.0,1.0,0.0,0.0
0.0,0,0,0,-0.6990530742677933,1,0,0,0,0,0,1,0,0,-0.2848378857625436,-0.5882675605316071,0.0,0.0,1.0,0.0,0.0,0.0,1.0
1.0,0,0,0,0.689497625448104,0,0,0,0,1,0,0,0,1,-1.1509783190774763,-0.3564437707735117,0.0,0.0,0.0,0.0,0.0,0.0,0.0
1.0,1,0,0,1.3837729753060528,1,1,0,1,1,1,1,1,0,1.542568230768962,2.302924701548371,1.0,0.0,1.0,0.0,1.0,0.0,0.0
0.0,1,1,0,-0.4131749890321673,1,1,0,0,0,0,0,0,0,-1.30451381014679,-0.758666052197621,0.0,1.0,1.0,0.0,0.0,0.0,0.0
1.0,0,1,1,-1.270809244739045,1,0,0,0,0,0,0,0,0,-1.4930954459167078,-0.9938924743264944,0.0,1.0,0.0,0.0,0.0,0.0,0.0
0.0,0,1,1,1.5879716076172141,0,0,1,1,0,1,1,1,0,-0.20139468409443834,0.8409937111859219,0.0,0.0,0.0,1.0,0.0,0.0,1.0
1.0,0,0,0,1.261253795919356,1,1,1,0,1,1,0,1,1,0.24085428474651985,0.9895308458553693,0.0,0.0,0.0,1.0,0.0,0.0,0.0
0.0,0,0,0,-0.82157225365449,1,0,0,0,0,0,0,0,0,-1.4814133976831734,-0.8930366717024572,0.0,1.0,0.0,0.0,0.0,0.0,1.0
1.0,0,1,0,1.261253795919356,1,0,0,0,0,0,0,0,0,-1.5164595423837774,-0.4522734628367919,0.0,1.0,0.0,1.0,0.0,0.0,1.0
0.0,0,0,0,-0.9032517065789546,1,1,1,0,0,0,1,1,1,1.1353654066286083,-0.5698755541875986,1.0,0.0,0.0,0.0,0.0,1.0,0.0
0.0,0,0,0,-1.270809244739045,1,0,0,1,0,0,0,0,0,0.3710256793487638,-0.9690510340770897,1.0,0.0,0.0,0.0,0.0,1.0,0.0
0.0,0,1,0,-1.1891297918145805,1,0,0,0,0,0,0,0,0,-1.46305589331619,-0.9707412305488488,0.0,1.0,0.0,0.0,0.0,0.0,1.0
1.0,0,0,0,-0.5765338948810964,1,1,0,0,0,0,0,0,0,-1.366261779381188,-0.8139532683659465,0.0,1.0,1.0,0.0,0.0,0.0,1.0
0.0,0,1,0,-0.24981608318323825,1,0,0,1,0,1,1,1,1,0.27923815751384795,-0.13120285148437205,0.0,0.0,0.0,0.0,0.0,1.0,0.0
1.0,0,0,0,1.5062921546927495,1,0,0,1,1,1,1,1,1,1.3139338581983533,2.2272884094371577,1.0,0.0,1.0,0.0,0.0,0.0,0.0
1.0,1,0,0,0.689497625448104,1,1,1,1,1,1,0,1,0,0.5562695870519574,0.8034757973983254,0.0,0.0,0.0,1.0,1.0,0.0,0.0
1.0,0,0,0,0.689497625448104,1,0,0,0,0,0,0,0,1,-1.49476430995007,-0.5479252394819923,0.0,1.0,0.0,1.0,1.0,0.0,0.0
0.0,0,0,0,0.1585811814390845,1,0,1,1,1,1,1,1,0,0.7064673500545469,0.33317862913139856,0.0,0.0,1.0,0.0,0.0,0.0,0.0
1.0,0,1,1,1.4654524282305172,1,0,1,1,0,1,0,1,0,1.0152071962265363,1.9699337571845978,1.0,0.0,0.0,1.0,0.0,0.0,0.0
0.0,0,0,0,-1.229969518276813,1,1,0,0,0,0,1,1,1,1.016876060259899,-0.9151871412534033,1.0,0.0,0.0,0.0,0.0,1.0,0.0
1.0,0,1,0,1.138734616532659,1,1,0,0,0,0,0,0,0,-1.352910867114291,-0.33295893558696626,0.0,1.0,1.0,0.0,0.0,0.0,0.0
0.0,0,0,0,-1.270809244739045,0,0,0,0,0,0,0,0,0,-1.3445665469474806,-0.9919131653003556,0.0,0.0,0.0,0.0,0.0,0.0,1.0
0.0,0,0,0,-1.1891297918145805,1,1,0,0,0,0,0,0,0,-1.337891090814032,-0.9643585149252327,0.0,1.0,0.0,0.0,0.0,0.0,1.0
1.0,0,1,1,-0.9849311595034191,1,0,0,0,0,0,0,0,0,-1.5014397660835184,-0.9448322977909649,0.0,1.0,0.0,1.0,0.0,0.0,1.0
0.0,0,1,0,-0.12729690379654143,1,0,0,0,0,0,0,0,0,-1.496433173983432,-0.7478799299765276,0.0,1.0,0.0,0.0,0.0,0.0,1.0
1.0,0,0,1,0.4852989931369427,1,0,0,0,0,0,0,0,0,-1.506446358183605,-0.6380616381667161,0.0,1.0,0.0,1.0,0.0,0.0,0.0
0.0,0,1,1,1.6288113340794463,1,1,0,1,0,1,1,1,1,0.47616411345057663,1.5459390764729624,0.0,0.0,0.0,1.0,0.0,1.0,0.0
0.0,0,1,1,-0.82157225365449,0,0,1,0,0,1,0,0,0,-1.0525153411091122,-0.8049463003256521,0.0,0.0,1.0,0.0,1.0,0.0,0.0
1.0,0,1,0,1.5879716076172141,1,1,0,0,1,0,1,1,1,1.1336965425952463,2.0942299161406606,1.0,0.0,1.0,0.0,1.0,0.0,0.0
1.0,0,0,1,-0.08645717733430915,1,0,0,1,1,0,1,0,0,-0.00613759219107196,-0.14434635299502382,0.0,0.0,1.0,0.0,1.0,0.0,0.0
1.0,0,0,1,0.6486578989858718,1,1,1,0,1,0,1,1,1,0.4694886573171281,0.6351455724674901,0.0,0.0,1.0,0.0,1.0,0.0,0.0
1.0,0,0,1,-1.270809244739045,1,0,0,0,0,0,0,0,0,-1.489757717849984,-0.9938479954719742,0.0,1.0,0.0,0.0,0.0,0.0,1.0
1.0,0,1,0,1.5879716076172141,1,1,1,1,1,1,0,1,1,0.5145479862179048,1.4815559345553024,0.0,0.0,0.0,1.0,0.0,0.0,1.0
0.0,1,0,0,-1.229969518276813,1,0,0,0,0,0,0,0,1,-0.6803586616693627,-0.9630463887168934,0.0,0.0,0.0,0.0,0.0,1.0,0.0
1.0,0,1,1,1.0162154371459622,1,0,1,1,0,1,0,0,0,-0.16968626746055826,0.5581749147206783,0.0,0.0,1.0,0.0,0.0,0.0,1.0
0.0,0,0,0,-1.0666106124278838,1,0,1,0,0,0,0,0,1,-0.5084656662330657,-0.862835529483396,0.0,0.0,0.0,0.0,0.0,1.0,0.0
1.0,0,1,1,1.0162154371459622,1,0,0,0,0,0,0,0,0,-1.4663936213829143,-0.5032017512621602,0.0,1.0,0.0,1.0,0.0,0.0,1.0
0.0,0,1,0,-1.107450338890116,1,0,1,0,1,0,0,1,1,0.8082680560896357,-0.8007652880007746,1.0,0.0,0.0,0.0,0.0,0.0,1.0
0.0,0,0,0,-1.270809244739045,1,0,1,0,0,0,0,0,1,-0.5368363548002214,-0.9811492825065223,0.0,0.0,0.0,0.0,1.0,0.0,0.0
1.0,1,0,0,0.6078181725236395,1,0,1,0,0,0,0,1,0,0.6947853018210123,0.7952027304576106,1.0,0.0,0.0,0.0,0.0,0.0,1.0
0.0,0,0,0,-0.4131749890321673,1,0,0,1,1,0,1,0,0,0.01889536830935962,-0.36146988133426855,0.0,0.0,1.0,0.0,0.0,0.0,0.0
1.0,0,0,0,-1.270809244739045,1,0,0,0,0,0,0,0,0,-1.5147906783504155,-0.9941815868808741,0.0,1.0,0.0,0.0,1.0,0.0,0.0
1.0,0,1,1,-0.6173736213433287,1,0,1,0,1,0,1,0,1,0.8249566964232568,-0.3180362798955156,1.0,0.0,0.0,0.0,0.0,1.0,0.0
1.0,0,1,1,-0.9440914330411869,1,0,0,1,0,1,0,0,0,-0.3298972146633205,-0.8013657525367943,0.0,0.0,0.0,0.0,0.0,0.0,1.0
0.0,0,0,0,-0.33149553610770277,1,0,1,0,0,0,1,1,1,0.9985185558929154,0.012752961169518268,1.0,0.0,0.0,0.0,0.0,1.0,0.0
0.0,1,0,0,-0.5765338948810964,1,0,0,1,0,0,0,0,1,-0.49511475396616883,-0.6176903227965688,0.0,0.0,0.0,0.0,1.0,0.0,0.0
1.0,0,0,0,-0.7807325271922578,1,1,0,0,0,1,1,1,1,1.1453785908287808,-0.42378475651674963,1.0,0.0,0.0,0.0,0.0,0.0,1.0
0.0,0,1,1,0.24026063436354905,1,0,0,0,0,0,0,0,0,-1.5047774941502425,-0.6633478669613204,0.0,1.0,1.0,0.0,1.0,0.0,0.0
0.0,1,1,0,1.138734616532659,1,1,0,1,0,0,0,1,0,0.8266255604566187,1.3522114256112234,1.0,0.0,0.0,0.0,0.0,1.0,0.0
0.0,0,0,0,1.547131881154982,1,1,0,1,1,1,0,0,1,0.8533273849904124,1.8376314044149409,1.0,0.0,1.0,0.0,0.0,0.0,0.0
1.0,0,0,0,-1.270809244739045,1,0,0,0,0,0,0,0,0,-1.4814133976831734,-0.9937367983356743,0.0,1.0,0.0,0.0,0.0,0.0,1.0
0.0,0,1,1,1.6288113340794463,1,1,0,0,0,0,0,0,1,-1.381281555681447,-0.28080747866229877,0.0,1.0,1.0,0.0,0.0,0.0,0.0
1.0,0,0,0,-0.1681366302587737,1,0,0,1,0,1,1,0,1,0.8867046656576545,0.10193306448206269,1.0,0.0,1.0,0.0,0.0,0.0,0.0
0.0,0,0,0,-1.229969518276813,1,1,0,0,0,0,0,0,1,0.3409861267482462,-0.9422525242288065,1.0,0.0,0.0,0.0,0.0,0.0,1.0
0.0,0,1,0,0.19942090790131678,1,1,1,0,1,1,0,0,0,0.11402061821099944,0.09997599488318386,0.0,0.0,1.0,0.0,1.0,0.0,0.0
0.0,0,1,1,-0.7807325271922578,1,0,1,0,0,1,0,0,0,-0.35159244709702786,-0.6909469961909631,0.0,0.0,1.0,0.0,0.0,0.0,0.0
0.0,0,0,0,-1.0666106124278838,0,0,1,1,0,1,0,1,0,-0.45839974523220245,-0.8659490492997941,0.0,0.0,0.0,0.0,1.0,0.0,0.0
0.0,0,0,0,-1.1891297918145805,1,0,1,0,0,0,0,0,1,0.32930407851471116,-0.8988411622173135,1.0,0.0,0.0,0.0,0.0,1.0,0.0
0.0,0,0,0,1.0162154371459622,0,0,1,0,1,1,0,0,1,-0.7871659598045373,0.0016777263940451303,0.0,0.0,1.0,0.0,1.0,0.0,0.0
0.0,1,0,0,1.6288113340794463,1,1,1,1,1,1,0,1,1,1.4257477484336147,2.443789233813123,1.0,0.0,0.0,1.0,0.0,0.0,0.0
0.0,0,0,0,0.11774145497685222,0,0,0,0,0,0,0,0,0,-1.352910867114291,-0.6413753128284541,0.0,0.0,0.0,0.0,0.0,1.0,0.0
0.0,0,1,1,-0.9849311595034191,1,0,0,0,0,0,0,0,1,-0.6419747889020341,-0.8196243223172429,0.0,0.0,0.0,0.0,0.0,1.0,0.0
0.0,0,1,1,0.7303373519103363,1,0,0,0,0,0,0,0,0,-1.4864199897832595,-0.5887123490768068,0.0,1.0,0.0,1.0,0.0,0.0,0.0
0.0,0,1,0,0.11774145497685222,1,0,1,0,0,0,1,0,1,-0.08457420175909096,-0.017359223340503084,0.0,0.0,1.0,0.0,0.0,0.0,0.0
1.0,0,1,0,0.3219400872880136,1,1,0,1,0,0,1,1,1,1.2221463363634375,0.826693759457751,1.0,0.0,0.0,0.0,0.0,1.0,0.0
1.0,1,0,0,-1.229969518276813,0,0,0,0,0,0,0,0,1,-1.3428976829141184,-0.981638549906242,0.0,0.0,0.0,0.0,0.0,0.0,1.0
0.0,0,0,0,-1.0666106124278838,1,0,1,1,1,1,0,1,1,1.1170079022616253,-0.7503707458296461,1.0,0.0,0.0,0.0,0.0,0.0,0.0
1.0,0,1,0,1.3429332488438204,1,1,1,1,1,0,1,0,1,1.1570606390623153,1.8205515242792716,1.0,0.0,0.0,1.0,0.0,1.0,0.0
0.0,0,1,1,-0.49485444195663186,1,1,0,0,0,0,0,0,1,-1.306182674180152,-0.7770802979688894,0.0,1.0,0.0,0.0,0.0,0.0,0.0
1.0,0,0,0,-1.0257708859656514,1,1,0,0,0,0,1,1,1,0.9818299155592943,-0.6908357990546632,1.0,0.0,0.0,0.0,0.0,1.0,0.0
0.0,0,0,0,0.40361954021247815,1,0,1,1,0,1,0,1,1,0.10066970594410288,0.27922577859867215,0.0,0.0,1.0,0.0,0.0,0.0,1.0
0.0,0,1,0,-0.6173736213433287,1,0,0,0,0,0,0,0,0,-1.513121814317053,-0.8662159224269139,0.0,1.0,1.0,0.0,0.0,0.0,1.0
0.0,1,0,0,-0.658213347805561,1,0,0,0,0,1,1,0,0,-0.17636172359400676,-0.5473470143732326,0.0,0.0,0.0,0.0,0.0,1.0,0.0
1.0,0,0,0,-1.270809244739045,0,0,0,0,0,0,0,1,1,-0.9757475955744551,-0.9869982518758987,0.0,0.0,0.0,0.0,0.0,1.0,0.0
1.0,0,1,1,0.1585811814390845,1,0,0,0,0,0,0,0,0,-1.509784086250329,-0.667173048450038,0.0,1.0,0.0,1.0,1.0,0.0,0.0
0.0,0,1,0,1.4654524282305172,1,1,1,1,1,1,1,1,0,1.799573291906726,2.551116709769816,1.0,0.0,0.0,1.0,0.0,0.0,1.0
0.0,0,1,1,-0.9440914330411869,1,1,0,1,0,0,0,0,1,-0.31320857432969945,-0.7798379869491278,0.0,0.0,0.0,0.0,0.0,0.0,1.0
1.0,0,1,1,-0.4540147154943996,1,0,0,0,0,0,0,0,0,-1.4981020380167944,-0.8470455361288058,0.0,1.0,1.0,0.0,0.0,0.0,1.0
1.0,0,0,0,-0.82157225365449,1,1,0,0,1,0,1,1,0,0.33597953464815966,-0.6349036394957981,0.0,0.0,0.0,0.0,0.0,0.0,0.0
1.0,1,1,0,0.5261387195991749,1,1,0,1,1,1,1,0,1,1.1353654066286083,1.0102579920616765,1.0,0.0,1.0,0.0,0.0,0.0,0.0
0.0,0,0,0,-1.229969518276813,1,0,0,0,1,1,1,1,0,0.39105204774910934,-0.9312440077351133,0.0,0.0,0.0,0.0,0.0,1.0,0.0
1.0,0,1,0,-0.658213347805561,1,1,0,0,0,0,0,0,1,0.35767476708186724,-0.4737345101426785,1.0,0.0,0.0,0.0,0.0,1.0,0.0
1.0,0,1,0,1.5879716076172141,1,1,1,1,1,1,1,1,1,1.721136682338707,2.8067366866960963,1.0,0.0,0.0,1.0,0.0,1.0,0.0
1.0,1,0,0,0.6486578989858718,1,1,0,1,0,0,1,1,1,1.1453785908287808,1.107466528615076,1.0,0.0,1.0,0.0,0.0,1.0,0.0
0.0,1,1,0,-0.6990530742677933,1,1,0,0,1,1,0,0,1,0.6130109641862691,-0.44308857937841767,1.0,0.0,0.0,0.0,0.0,1.0,0.0
0.0,0,1,1,-0.37233526256993504,1,1,0,0,0,0,0,0,0,-1.3629240513144636,-0.7244840524990221,0.0,1.0,0.0,1.0,0.0,0.0,1.0
1.0,1,0,0,1.5879716076172141,1,1,0,0,0,0,0,0,1,-1.33622222678067,-0.2169358435716186,0.0,1.0,0.0,1.0,0.0,0.0,1.0
0.0,0,0,0,0.8528565312970331,0,0,1,1,1,1,1,0,1,-0.3699499514640109,0.2778691735358129,0.0,0.0,1.0,0.0,0.0,1.0,0.0
1.0,0,0,0,-1.270809244739045,1,1,0,0,0,0,0,0,1,0.3192908943145386,-0.9697404563221493,1.0,0.0,0.0,0.0,0.0,0.0,1.0
0.0,0,0,0,1.5062921546927495,1,0,1,0,1,1,1,1,1,0.592984595785924,1.468167799344791,0.0,0.0,0.0,1.0,1.0,0.0,0.0
1.0,0,0,0,-0.20897635672100598,1,0,0,0,0,0,0,0,0,-1.479744533649811,-0.7663164151750562,0.0,1.0,0.0,1.0,1.0,0.0,0.0
1.0,0,1,0,1.547131881154982,1,0,1,1,1,1,1,1,1,1.4958400378348229,2.348560006285862,1.0,0.0,1.0,0.0,0.0,0.0,0.0
1.0,0,0,0,-1.0257708859656514,1,1,0,0,1,0,1,0,1,0.8600028411238608,-0.7388062436544532,1.0,0.0,0.0,0.0,0.0,1.0,0.0
0.0,0,1,1,-1.270809244739045,1,0,0,0,0,0,1,0,1,0.5128791221845428,-0.9671606827599909,1.0,0.0,0.0,0.0,0.0,0.0,1.0
0.0,1,1,0,-0.1681366302587737,1,1,0,0,0,0,0,0,0,-1.3011760820800657,-0.6760243404995124,0.0,1.0,0.0,0.0,0.0,0.0,1.0
0.0,0,1,1,0.7303373519103363,1,1,0,0,0,0,1,0,1,0.6580702930870462,0.8280503645206099,1.0,0.0,0.0,0.0,0.0,0.0,0.0
1.0,0,1,0,1.138734616532659,0,0,0,1,1,1,1,1,1,-0.14965989906021293,0.590644478520258,0.0,0.0,0.0,0.0,0.0,0.0,0.0
0.0,0,0,1,0.11774145497685222,1,0,0,0,0,0,0,0,1,-1.4880888538166215,-0.7160997884220075,0.0,1.0,1.0,0.0,1.0,0.0,0.0
1.0,0,0,0,0.11774145497685222,1,1,0,0,1,1,1,0,0,1.0285581084934334,0.5176101993984634,1.0,0.0,0.0,0.0,0.0,1.0,0.0
1.0,0,1,0,1.6288113340794463,1,1,1,1,1,0,1,1,1,1.5008466299349095,2.5022789275068864,1.0,0.0,0.0,1.0,0.0,1.0,0.0
1.0,0,0,0,1.5879716076172141,0,0,1,1,1,1,1,0,0,-0.35826790323047614,0.7268609704876732,0.0,0.0,0.0,1.0,0.0,0.0,0.0
1.0,0,1,1,-0.7807325271922578,1,1,0,0,0,0,0,0,1,0.32429748641462514,-0.6039018778953774,1.0,0.0,0.0,0.0,1.0,0.0,0.0
1.0,0,0,0,0.3219400872880136,1,0,1,0,1,0,0,1,0,0.09232538577729235,0.21195151113721405,0.0,0.0,0.0,0.0,0.0,1.0,0.0
0.0,0,0,0,-1.270809244739045,1,0,0,0,0,0,0,0,0,-1.49476430995007,-0.9939147137537543,0.0,1.0,0.0,0.0,0.0,0.0,1.0
0.0,0,1,1,-1.229969518276813,1,0,0,0,0,0,0,0,0,-1.4814133976831734,-0.9885772512113575,0.0,1.0,1.0,0.0,0.0,0.0,1.0
1.0,0,1,0,-0.33149553610770277,1,0,1,0,0,1,0,1,1,0.8199501043231703,-0.01969436320280163,1.0,0.0,0.0,0.0,0.0,1.0,0.0
1.0,1,1,0,-0.33149553610770277,0,0,1,0,0,0,0,1,0,-0.8539205211390215,-0.5707428918507381,0.0,0.0,0.0,0.0,0.0,0.0,0.0
1.0,1,0,0,-0.0047777244098446,1,0,0,0,0,0,0,0,0,-1.4981020380167944,-0.7413637777893517,0.0,1.0,1.0,0.0,1.0,0.0,0.0
0.0,0,0,0,-1.1482900653523482,0,0,1,0,1,0,0,0,0,-0.9907673718747142,-0.9423859607923665,0.0,0.0,0.0,0.0,0.0,0.0,1.0
1.0,0,0,0,-1.0666106124278838,1,0,0,1,0,0,1,0,1,0.6730900693873048,-0.769919202391174,1.0,0.0,0.0,0.0,0.0,1.0,0.0
1.0,0,0,0,-0.33149553610770277,1,0,0,0,0,0,0,1,1,0.5062036660510942,-0.11274412685858355,1.0,0.0,0.0,0.0,1.0,0.0,0.0
0.0,0,0,0,-0.37233526256993504,1,1,0,0,0,0,0,0,0,-1.3312156346805837,-0.7290653745145794,0.0,1.0,1.0,0.0,1.0,0.0,0.0
1.0,0,0,0,-1.107450338890116,1,1,0,1,1,0,1,1,0,1.355655459032406,-0.7578654328162615,1.0,0.0,0.0,0.0,0.0,1.0,0.0
1.0,0,1,1,1.3837729753060528,0,0,0,1,1,0,1,1,1,-0.2648115173621983,0.6466878352154232,0.0,0.0,0.0,1.0,1.0,0.0,0.0
1.0,0,1,0,1.0978948900704268,1,0,1,1,1,0,1,0,0,0.057279241076688234,0.7577960138063138,0.0,0.0,1.0,0.0,1.0,0.0,0.0
0.0,0,0,0,0.07690172851461995,1,1,0,0,0,1,1,0,0,0.010551048142549094,-0.043134719534826935,0.0,0.0,0.0,0.0,0.0,0.0,1.0
1.0,1,1,0,1.6288113340794463,1,1,0,1,1,1,1,1,1,1.5041843580016334,2.525519128993572,1.0,0.0,0.0,1.0,0.0,0.0,0.0
0.0,0,1,0,-0.49485444195663186,1,0,0,0,0,0,0,0,1,0.1707619953453111,-0.31763597020483586,1.0,0.0,0.0,0.0,0.0,0.0,0.0
1.0,0,0,0,-1.270809244739045,1,0,0,0,0,0,0,0,0,-1.5281415906173121,-0.994359502298954,0.0,1.0,0.0,0.0,0.0,0.0,1.0
0.0,0,0,0,0.36277981375024587,1,1,1,0,0,0,0,0,1,0.5546007230185954,0.4163985659382667,1.0,0.0,0.0,0.0,1.0,0.0,0.0
1.0,0,1,0,0.97537571068373,1,1,1,0,0,0,1,1,1,1.197113375863006,1.450220581545982,1.0,0.0,1.0,0.0,0.0,1.0,0.0
1.0,1,1,0,0.4444592666747104,1,0,0,1,1,0,1,1,1,1.197113375863006,0.911603892736378,1.0,0.0,1.0,0.0,0.0,0.0,0.0
1.0,0,1,1,-1.270809244739045,1,0,0,1,0,0,0,0,0,0.33097294254807313,-0.9695847803313296,1.0,0.0,0.0,0.0,1.0,0.0,0.0
0.0,0,0,0,-0.2906558096454705,1,1,0,1,0,0,1,1,1,1.1871001916628334,0.05927784299740923,1.0,0.0,0.0,0.0,0.0,1.0,0.0
1.0,1,0,0,1.5879716076172141,1,1,0,1,0,1,1,1,0,1.370675235332665,2.2810411051245443,1.0,0.0,1.0,0.0,0.0,0.0,0.0
1.0,0,0,0,-1.270809244739045,1,0,0,0,0,0,0,0,0,-1.5214661344838636,-0.9942705445899142,0.0,1.0,0.0,0.0,0.0,0.0,1.0
0.0,0,0,0,-0.658213347805561,1,0,0,0,0,0,0,0,0,-1.513121814317053,-0.8713087512694507,0.0,1.0,1.0,0.0,1.0,0.0,0.0
0.0,1,1,1,1.5879716076172141,1,1,1,1,0,0,1,0,0,0.15073562694496603,1.2133929206543899,0.0,0.0,1.0,0.0,0.0,1.0,0.0
1.0,0,0,0,-1.270809244739045,1,0,1,0,0,0,0,0,1,-0.466744065399013,-0.9802152265616029,0.0,0.0,0.0,0.0,0.0,0.0,1.0
1.0,1,1,0,-0.4131749890321673,1,0,0,0,0,0,1,1,1,0.8366387446567913,-0.1403654955154863,1.0,0.0,0.0,0.0,0.0,0.0,0.0
1.0,0,0,0,-1.270809244739045,0,0,0,0,0,0,0,0,1,-1.349573139047567,-0.9919798835821355,0.0,0.0,0.0,0.0,0.0,1.0,0.0
1.0,0,1,1,-0.37233526256993504,1,0,1,0,0,1,0,0,0,-0.24979174106193927,-0.36967622999320343,0.0,0.0,1.0,0.0,1.0,0.0,0.0
1.0,0,1,0,0.3219400872880136,1,0,0,1,1,0,0,0,0,0.5379120826849744,0.39064530917120266,1.0,0.0,1.0,0.0,0.0,1.0,0.0
0.0,1,1,0,1.6288113340794463,1,1,1,0,1,1,1,1,1,1.5041843580016334,2.589057172675352,1.0,0.0,0.0,1.0,0.0,0.0,1.0
0.0,0,0,1,-0.5356941684188642,1,0,1,1,1,0,0,0,1,-0.13630898679331613,-0.4255194318430286,0.0,0.0,0.0,0.0,0.0,1.0,0.0
1.0,0,1,1,-0.24981608318323825,1,0,0,0,1,0,0,0,0,-0.4784261136325478,-0.4308568943854253,0.0,0.0,1.0,0.0,0.0,0.0,1.0
1.0,0,0,1,-0.4131749890321673,1,1,0,1,0,0,1,0,1,0.8149435122230837,-0.1356952157908892,1.0,0.0,0.0,0.0,1.0,0.0,0.0
0.0,0,0,0,-1.270809244739045,0,0,0,0,0,0,0,0,0,-1.3161958583803248,-0.9915350950369358,0.0,0.0,0.0,0.0,0.0,0.0,0.0
0.0,0,0,0,1.547131881154982,1,1,0,0,0,0,0,0,0,-1.289494033846531,-0.17706055049446343,0.0,1.0,1.0,0.0,1.0,0.0,0.0
1.0,0,1,0,1.4654524282305172,1,1,0,0,0,0,0,0,0,-1.3228713145137732,-0.27811650796384046,0.0,1.0,0.0,1.0,1.0,0.0,0.0
1.0,0,0,0,0.7711770783725685,1,1,0,0,0,0,0,1,0,0.6246930124198041,0.8428618230757607,1.0,0.0,0.0,0.0,0.0,0.0,0.0
1.0,0,0,0,-0.33149553610770277,1,1,0,1,1,0,0,0,1,0.6730900693873048,-0.09148323439803673,1.0,0.0,0.0,0.0,0.0,0.0,0.0
1.0,1,0,0,-1.1482900653523482,1,0,0,0,0,0,0,0,1,0.1991326839124672,-0.8720648917962903,1.0,0.0,0.0,0.0,0.0,1.0,0.0
0.0,0,1,0,1.138734616532659,1,1,0,1,1,1,1,1,1,1.5392305027022375,1.9509412863045703,1.0,0.0,0.0,1.0,1.0,0.0,0.0
1.0,0,0,0,-0.49485444195663186,0,0,1,1,1,1,1,0,1,-0.323221758529872,-0.4843427169456919,0.0,0.0,0.0,0.0,1.0,0.0,0.0
0.0,0,0,0,0.5669784460614072,1,0,1,1,1,0,1,0,1,1.03356470059352,1.071816726717318,1.0,0.0,1.0,0.0,1.0,0.0,0.0
1.0,0,0,0,-0.9849311595034191,1,0,0,0,1,0,1,1,1,1.0018562839596399,-0.6734890457918741,1.0,0.0,0.0,0.0,0.0,1.0,0.0
1.0,1,1,1,-0.1681366302587737,1,1,0,0,0,0,0,0,1,-0.4567308811988404,-0.3881571940462519,0.0,0.0,1.0,0.0,0.0,1.0,0.0
1.0,0,1,1,0.3219400872880136,1,1,0,0,0,0,0,0,0,-1.3161958583803248,-0.5549084196416278,0.0,1.0,0.0,1.0,1.0,0.0,0.0
0.0,0,1,0,1.6288113340794463,1,1,0,0,0,0,0,0,1,-1.2911628978798932,-0.21282154952852117,0.0,1.0,0.0,1.0,0.0,0.0,1.0
0.0,0,0,0,-1.0666106124278838,1,0,0,0,0,0,0,0,0,-1.506446358183605,-0.9474120713531233,0.0,1.0,0.0,1.0,0.0,0.0,1.0
1.0,0,1,1,-0.7398928007300255,1,0,1,1,0,0,1,0,1,0.025570824442808136,-0.5857322658239688,0.0,0.0,0.0,0.0,0.0,1.0,0.0
0.0,0,0,0,0.36277981375024587,1,1,1,1,1,1,1,1,1,1.6627264411710334,1.0109918931612558,1.0,0.0,0.0,0.0,0.0,0.0,0.0
0.0,0,0,0,0.4444592666747104,1,0,0,1,0,1,0,0,0,-0.308201982229613,0.08440839580119357,0.0,0.0,1.0,0.0,0.0,1.0,0.0
0.0,0,0,1,-0.5356941684188642,1,1,1,1,0,1,1,0,1,0.3743634074154883,-0.3909148830264902,0.0,0.0,0.0,0.0,0.0,0.0,1.0
1.0,0,1,1,-0.6173736213433287,0,0,1,0,1,0,1,0,0,-0.6753520695692762,-0.6504267597232684,0.0,0.0,1.0,0.0,1.0,0.0,0.0
0.0,0,0,0,1.138734616532659,1,1,0,0,1,1,1,1,0,0.5295677625181638,1.1531463122070875,0.0,0.0,1.0,0.0,1.0,0.0,0.0
0.0,0,1,1,-0.37233526256993504,1,0,1,1,0,1,0,0,1,-0.2314342366949562,-0.4321690205937645,0.0,0.0,1.0,0.0,0.0,0.0,1.0
1.0,0,0,0,-1.270809244739045,1,0,0,0,0,0,0,0,0,-1.4714002134830004,-0.9936033617721145,0.0,1.0,0.0,0.0,0.0,0.0,1.0
1.0,0,0,0,0.97537571068373,1,1,0,1,0,1,0,1,1,0.9935119637928294,1.2765973729272706,1.0,0.0,0.0,0.0,0.0,1.0,0.0
1.0,1,1,0,1.3429332488438204,1,0,0,0,0,0,0,0,1,0.20914586811263974,1.0233347752905482,1.0,0.0,1.0,0.0,0.0,0.0,0.0
1.0,0,0,0,-1.1891297918145805,0,0,0,0,0,0,0,0,0,-1.3328844987139459,-0.9729874127021074,0.0,0.0,0.0,0.0,0.0,1.0,0.0
1.0,0,1,0,0.6078181725236395,1,0,0,0,0,0,0,0,0,-1.5031086301168806,-0.5699422724693786,0.0,1.0,0.0,1.0,0.0,0.0,1.0
0.0,0,0,0,-1.229969518276813,1,0,0,0,0,0,0,0,0,-1.4697313494496385,-0.9855526891039996,0.0,1.0,0.0,0.0,0.0,0.0,1.0
1.0,1,1,0,-1.270809244739045,1,1,0,0,0,0,0,0,0,0.32095975834790064,-0.9697182168948894,1.0,0.0,0.0,0.0,0.0,1.0,0.0
0.0,0,1,1,-1.270809244739045,1,0,0,0,0,0,0,0,0,-1.4730690775163628,-0.9936256011993744,0.0,1.0,0.0,0.0,0.0,0.0,1.0
0.0,0,1,0,0.36277981375024587,0,0,0,1,0,1,0,0,0,-0.9757475955744551,-0.38377602687603457,0.0,0.0,1.0,0.0,0.0,0.0,1.0
0.0,0,1,1,1.0162154371459622,1,0,0,1,0,0,1,1,1,1.0118694681598124,1.4594944227133966,1.0,0.0,1.0,0.0,0.0,1.0,0.0
1.0,0,0,0,-0.4131749890321673,1,1,1,0,0,0,1,1,1,1.2238152003967995,0.027853532279048774,1.0,0.0,0.0,0.0,0.0,0.0,0.0
0.0,0,1,0,-1.229969518276813,1,0,0,0,0,0,0,0,1,-0.656994565202293,-0.9628462338715537,0.0,0.0,0.0,0.0,0.0,1.0,0.0
1.0,0,0,0,-1.229969518276813,1,0,1,0,1,0,0,0,1,-0.31988403046314773,-0.9523492242048403,0.0,0.0,0.0,0.0,0.0,0.0,1.0
1.0,0,0,0,-1.270809244739045,0,0,0,0,0,0,0,1,1,-0.9724098675077311,-0.9869537730213785,0.0,0.0,0.0,0.0,0.0,1.0,0.0
1.0,0,0,0,-1.229969518276813,1,0,0,0,0,0,0,0,0,-1.4830822617165353,-0.9863977873398789,0.0,1.0,0.0,0.0,0.0,0.0,1.0
1.0,0,0,1,-1.1891297918145805,1,0,0,0,0,0,0,0,0,0.16575540324522509,-0.9048680470047699,1.0,0.0,0.0,0.0,0.0,1.0,0.0
0.0,0,0,0,0.5261387195991749,1,1,0,1,0,0,1,0,1,0.8216189683565323,0.7838828619822775,1.0,0.0,0.0,0.0,1.0,0.0,0.0
0.0,0,0,0,0.36277981375024587,1,0,1,0,1,1,1,1,1,0.5062036660510942,0.47426555566875056,0.0,0.0,1.0,0.0,0.0,0.0,0.0
1.0,0,0,1,1.0162154371459622,1,1,1,1,1,1,1,1,0,0.8299632885233428,1.2266698587286018,0.0,0.0,0.0,1.0,0.0,0.0,1.0
0.0,0,1,0,0.689497625448104,1,0,0,0,0,0,0,0,0,-1.524803862550588,-0.5941387693282435,0.0,1.0,1.0,0.0,1.0,0.0,0.0
1.0,0,1,0,-0.04561745087207687,1,0,0,0,1,0,1,1,1,0.9718167313591217,0.3048233593749163,1.0,0.0,1.0,0.0,0.0,1.0,0.0
1.0,0,1,1,1.5879716076172141,1,1,1,1,1,1,1,1,0,0.8416453367568778,1.8693003488331605,0.0,0.0,0.0,1.0,1.0,0.0,0.0
1.0,0,0,0,-1.270809244739045,1,0,1,0,0,0,0,1,1,0.6647457492204942,-0.9651368948793323,1.0,0.0,0.0,0.0,0.0,0.0,1.0
0.0,0,1,1,-0.5765338948810964,1,1,0,0,0,0,0,0,0,-1.321202450480411,-0.8121963536124075,0.0,1.0,0.0,1.0,0.0,0.0,1.0
0.0,0,1,1,0.07690172851461995,1,1,0,0,0,0,0,0,0,-1.3262090425804973,-0.6049916098311168,0.0,1.0,0.0,1.0,1.0,0.0,0.0
0.0,0,0,0,-1.1891297918145805,1,0,0,0,0,0,0,0,1,-1.4914265818833459,-0.9753225525644059,0.0,1.0,0.0,0.0,0.0,0.0,1.0
0.0,0,1,0,0.97537571068373,1,1,0,0,1,1,1,1,0,1.2855631696311978,1.5522550738147989,1.0,0.0,0.0,1.0,0.0,0.0,0.0
1.0,0,1,0,1.138734616532659,1,0,0,0,0,0,0,0,0,-1.4930954459167078,-0.44315529766019757,0.0,1.0,0.0,1.0,0.0,0.0,1.0
0.0,0,0,0,-1.229969518276813,1,0,0,0,0,0,0,0,0,-0.6753520695692762,-0.9659819931152118,0.0,0.0,0.0,0.0,0.0,1.0,0.0
0.0,0,0,0,-1.1482900653523482,1,0,1,0,0,0,0,0,1,-0.4717506574990995,-0.8979515851269141,0.0,0.0,0.0,0.0,0.0,0.0,0.0
0.0,0,1,1,1.1795743429948913,1,1,1,1,1,0,0,1,1,1.2021199679630925,1.6742605717630825,1.0,0.0,1.0,0.0,1.0,0.0,0.0
0.0,0,1,0,-0.08645717733430915,1,0,0,0,0,0,0,0,0,-1.5031086301168806,-0.7110514384339907,0.0,1.0,0.0,0.0,0.0,0.0,0.0
0.0,0,1,0,0.8936962577592654,1,1,0,1,1,1,1,1,0,1.5242107264019786,1.6184396093405171,1.0,0.0,1.0,0.0,0.0,1.0,0.0
1.0,1,1,0,-0.1681366302587737,1,1,0,1,0,1,1,1,1,1.372344099366027,0.33071005270554005,1.0,0.0,0.0,0.0,0.0,1.0,0.0
1.0,1,1,0,-0.4540147154943996,1,0,1,1,0,0,0,1,1,0.008882184109187083,-0.40683831294464023,0.0,0.0,0.0,0.0,0.0,0.0,0.0
0.0,0,1,1,0.6486578989858718,1,1,1,1,0,0,1,1,1,1.353986594999044,1.2200647488323857,1.0,0.0,0.0,0.0,1.0,0.0,0.0
1.0,0,1,1,1.261253795919356,1,1,1,1,1,1,1,1,1,0.8249566964232568,1.487004594233999,0.0,0.0,0.0,1.0,1.0,0.0,0.0
1.0,0,1,1,-0.4131749890321673,1,0,0,0,0,0,0,0,0,-1.4930954459167078,-0.8099501714591489,0.0,1.0,1.0,0.0,0.0,0.0,1.0
1.0,0,1,1,-0.82157225365449,1,0,0,0,0,0,0,0,0,-1.4563804371827418,-0.8862091675336414,0.0,1.0,0.0,1.0,0.0,0.0,0.0
1.0,0,1,0,1.3429332488438204,1,1,0,1,0,0,1,0,1,0.9067310340579995,1.6396560229465442,1.0,0.0,0.0,0.0,0.0,0.0,0.0
1.0,1,1,0,0.03606200205238767,1,1,1,0,1,1,1,1,1,1.50919095010172,0.6405942321461868,1.0,0.0,0.0,0.0,0.0,0.0,0.0
1.0,0,0,0,-0.9849311595034191,1,0,0,0,0,0,0,1,1,-0.33156607869668253,-0.8079263835784902,0.0,0.0,0.0,0.0,1.0,0.0,0.0
1.0,0,1,0,0.19942090790131678,1,0,0,0,1,1,0,1,1,0.8566651130571363,0.5180994667981833,1.0,0.0,0.0,0.0,0.0,1.0,0.0
0.0,0,1,1,0.9345359842214976,1,0,0,0,0,0,0,0,0,-1.4914265818833459,-0.5191696600348302,0.0,1.0,0.0,0.0,1.0,0.0,0.0
1.0,0,1,1,1.5062921546927495,1,1,0,0,0,1,1,1,1,1.1570606390623153,2.0469044149314106,1.0,0.0,0.0,1.0,0.0,1.0,0.0
0.0,0,0,0,-1.229969518276813,1,1,0,0,0,0,0,1,1,0.7014607579544608,-0.9272409108283157,1.0,0.0,0.0,0.0,0.0,1.0,0.0
0.0,0,1,1,0.689497625448104,1,0,0,1,1,0,1,1,0,0.4444556968166965,0.6981943487495509,0.0,0.0,1.0,0.0,1.0,0.0,0.0
0.0,0,1,0,0.2811003608257813,1,0,1,0,1,1,1,1,1,1.335629090632061,0.836367910315845,1.0,0.0,1.0,0.0,1.0,0.0,0.0
0.0,1,0,0,-0.24981608318323825,1,0,1,0,0,0,1,0,1,0.7047984860211849,-0.027055613625856918,1.0,0.0,0.0,0.0,1.0,0.0,0.0
0.0,0,0,0,-1.0257708859656514,1,0,0,0,0,1,1,0,1,-0.1730239955272825,-0.8177562104274041,0.0,0.0,0.0,0.0,0.0,0.0,1.0
0.0,1,1,0,-1.229969518276813,1,0,0,1,0,0,0,0,0,-0.4851015697659963,-0.9515708442507408,0.0,0.0,0.0,0.0,1.0,0.0,0.0
0.0,0,0,0,-1.0666106124278838,1,1,0,1,0,0,1,0,1,0.8366387446567913,-0.7569536162986019,1.0,0.0,0.0,0.0,0.0,1.0,0.0
1.0,1,1,0,0.8528565312970331,1,1,1,0,0,1,0,0,1,-0.15466649116029943,0.43374531920105586,0.0,0.0,1.0,0.0,0.0,1.0,0.0
1.0,0,0,1,0.3219400872880136,1,0,0,0,0,0,0,0,1,-1.478075669616449,-0.6225162785119858,0.0,1.0,1.0,0.0,0.0,0.0,0.0
1.0,1,0,0,-0.9849311595034191,1,1,0,0,1,0,0,0,1,0.5529318589852333,-0.7421421577434512,1.0,0.0,0.0,0.0,0.0,1.0,0.0
0.0,0,0,0,-0.9849311595034191,1,0,0,0,0,0,1,0,1,0.5112102581511807,-0.7249510804714819,1.0,0.0,0.0,0.0,0.0,0.0,0.0
1.0,0,0,0,-0.82157225365449,1,0,0,0,0,0,0,0,0,-1.4764068055830868,-0.8891892507864796,0.0,1.0,0.0,0.0,0.0,0.0,1.0
0.0,0,1,1,1.5062921546927495,1,0,0,0,0,0,0,0,0,-1.5014397660835184,-0.381440887013736,0.0,1.0,0.0,1.0,0.0,0.0,0.0
0.0,1,1,0,-1.270809244739045,1,0,0,0,0,0,0,0,1,-1.46305589331619,-0.9934921646358146,0.0,1.0,0.0,0.0,0.0,0.0,1.0
1.0,0,0,0,-0.24981608318323825,0,0,1,1,0,0,0,1,1,-0.6686766134358278,-0.48834581385248943,0.0,0.0,0.0,0.0,0.0,0.0,0.0
0.0,0,1,0,1.3429332488438204,1,0,1,0,1,1,0,0,0,-0.1930503639276278,0.7128278918866218,0.0,0.0,0.0,1.0,1.0,0.0,0.0
0.0,0,1,0,-0.37233526256993504,1,0,1,0,1,1,0,1,1,0.135715850644707,-0.25131799811555716,0.0,0.0,1.0,0.0,0.0,0.0,0.0
0.0,0,1,0,0.19942090790131678,1,0,0,0,0,0,0,0,0,-1.508115222216967,-0.644622269208412,0.0,1.0,0.0,0.0,0.0,0.0,0.0
0.0,0,1,1,1.3020935223815882,0,0,0,1,0,1,1,1,1,-0.3365726707967688,0.5199675786880221,0.0,0.0,0.0,1.0,0.0,1.0,0.0
1.0,0,1,0,0.689497625448104,1,1,1,1,0,0,1,0,1,0.9734855953924838,1.1024626574815792,1.0,0.0,0.0,0.0,0.0,0.0,0.0
0.0,0,0,0,-0.37233526256993504,1,1,0,1,0,0,0,0,1,0.48283956958402513,-0.2568778549305537,1.0,0.0,0.0,0.0,0.0,1.0,0.0
1.0,1,1,0,-0.8624119801167224,1,0,0,0,0,0,0,0,1,0.18411290761220817,-0.6315010071250202,1.0,0.0,0.0,0.0,0.0,1.0,0.0
0.0,0,1,1,1.6288113340794463,1,1,1,1,1,1,1,1,0,0.9334328585917936,1.9919952690265044,0.0,0.0,0.0,1.0,0.0,0.0,0.0
0.0,0,0,0,-0.2906558096454705,1,0,0,0,0,0,0,0,0,-1.4981020380167944,-0.7914024891243205,0.0,1.0,0.0,1.0,1.0,0.0,0.0
0.0,0,1,0,1.5879716076172141,1,1,1,1,1,1,1,1,0,0.7031296219878228,1.7655089418108059,0.0,0.0,0.0,1.0,1.0,0.0,0.0
1.0,0,1,0,0.8528565312970331,1,1,1,0,1,1,1,0,0,0.42442932841635145,0.845752948619559,0.0,0.0,1.0,0.0,0.0,0.0,0.0
0.0,0,0,0,-1.0257708859656514,1,0,0,0,0,0,0,0,0,-1.479744533649811,-0.9357808508961506,0.0,1.0,0.0,0.0,0.0,0.0,1.0
0.0,1,1,0,0.3219400872880136,1,0,0,1,0,1,1,1,1,1.1520540469622294,0.8040540225070849,1.0,0.0,1.0,0.0,1.0,0.0,0.0
0.0,1,0,0,-0.4540147154943996,1,1,0,0,0,0,1,1,1,1.0252203804267095,-0.10202472291927027,1.0,0.0,0.0,0.0,0.0,0.0,0.0
0.0,0,0,0,0.6078181725236395,1,1,0,1,1,0,1,1,1,1.3907016037330102,1.154058128724747,1.0,0.0,0.0,0.0,0.0,1.0,0.0
1.0,0,1,0,0.8936962577592654,0,0,0,1,0,0,0,0,0,-1.144302862944028,-0.28160809804365833,0.0,0.0,0.0,0.0,0.0,1.0,0.0
1.0,0,0,0,-1.270809244739045,1,0,0,0,0,0,0,0,0,-0.6319616047018615,-0.9824169298603415,0.0,0.0,0.0,0.0,0.0,1.0,0.0
1.0,0,0,0,1.1795743429948913,1,1,1,0,1,1,1,1,1,1.5659323272360313,2.055622270417325,1.0,0.0,0.0,1.0,1.0,0.0,0.0
0.0,0,1,0,-0.4540147154943996,1,0,1,0,1,1,1,1,0,0.5412498107516989,-0.23997589021296423,0.0,0.0,1.0,0.0,0.0,0.0,1.0
1.0,0,1,1,1.6288113340794463,1,1,1,0,1,0,1,1,1,1.3639997791992164,2.35194039922938,1.0,0.0,0.0,1.0,0.0,0.0,0.0
0.0,0,1,1,1.1795743429948913,1,0,0,0,0,0,0,0,0,-1.5214661344838636,-0.4940168678037859,0.0,1.0,1.0,0.0,1.0,0.0,0.0
1.0,0,0,0,-0.5765338948810964,0,0,1,0,1,0,0,0,0,-1.037495564808853,-0.7579766299525614,0.0,0.0,0.0,0.0,0.0,0.0,1.0
1.0,0,0,0,-0.0047777244098446,1,1,1,1,0,1,1,1,1,1.4507807089340463,0.5241485910128995,1.0,0.0,0.0,0.0,1.0,0.0,0.0
0.0,1,0,0,-1.229969518276813,1,0,0,0,0,0,0,0,1,0.16408653921186261,-0.9442095938276852,1.0,0.0,0.0,0.0,0.0,1.0,0.0
1.0,1,1,0,1.3020935223815882,1,0,1,0,1,0,0,0,0,0.5212234423513533,1.22904947744542,1.0,0.0,1.0,0.0,1.0,0.0,0.0
1.0,1,1,0,-0.0047777244098446,1,1,0,1,1,0,0,1,1,0.9618035471589492,0.31861180427610764,1.0,0.0,0.0,0.0,0.0,1.0,0.0
1.0,1,1,0,1.424612701768285,1,1,0,0,0,0,1,1,1,1.000187419926278,1.701103560465886,1.0,0.0,0.0,0.0,1.0,0.0,0.0
0.0,1,0,0,-0.6173736213433287,1,1,0,0,0,0,1,1,1,0.9851676436260188,-0.2874793068402946,1.0,0.0,0.0,0.0,0.0,1.0,0.0
0.0,0,0,0,-0.8624119801167224,1,0,1,0,1,0,0,1,0,-0.021157368491331003,-0.6763134530538922,0.0,0.0,0.0,0.0,0.0,0.0,0.0
0.0,0,1,1,1.0570551636081944,1,1,1,0,1,1,1,0,0,0.3710256793487638,0.961309012662447,0.0,0.0,0.0,1.0,0.0,0.0,1.0
0.0,0,1,0,-1.0666106124278838,1,1,0,1,0,0,0,1,1,0.8700160253240334,-0.7749230735246708,1.0,0.0,0.0,0.0,0.0,1.0,0.0
1.0,1,1,0,1.5879716076172141,0,0,0,1,1,0,1,1,1,-0.41334041633142576,0.6718851063009874,0.0,0.0,0.0,0.0,0.0,0.0,0.0
1.0,0,0,0,0.03606200205238767,1,1,1,0,0,0,0,0,0,0.5145479862179048,0.15515201391520955,1.0,0.0,1.0,0.0,0.0,0.0,0.0
1.0,0,0,0,-1.229969518276813,1,0,0,0,0,0,0,0,0,0.20080154794582922,-0.9452993257634247,1.0,0.0,0.0,0.0,0.0,0.0,1.0
1.0,0,1,1,0.03606200205238767,1,0,1,0,1,0,1,1,0,0.33597953464815966,0.08843373213525113,0.0,0.0,1.0,0.0,1.0,0.0,0.0
0.0,0,1,0,1.6288113340794463,1,1,1,0,1,1,1,0,1,1.1186767662949872,2.117825948463506,1.0,0.0,0.0,1.0,0.0,0.0,0.0
0.0,0,0,0,-1.0257708859656514,1,0,0,0,0,0,1,0,1,0.5212234423513533,-0.7684958790465348,1.0,0.0,0.0,0.0,0.0,0.0,1.0
0.0,0,0,1,0.7303373519103363,1,0,1,0,1,1,1,0,1,0.20413927601255324,0.544275272683187,0.0,0.0,1.0,0.0,1.0,0.0,0.0
0.0,0,1,1,1.6288113340794463,1,0,1,1,1,1,1,1,1,1.4674693492676674,2.4338259704006493,1.0,0.0,0.0,1.0,0.0,0.0,0.0
0.0,0,0,0,-1.0257708859656514,1,1,0,0,0,0,0,0,1,0.3560059030485047,-0.7516161537562053,1.0,0.0,0.0,0.0,0.0,1.0,0.0
0.0,0,1,1,1.0978948900704268,1,1,0,0,0,0,0,0,0,-1.3095204022468763,-0.3204381380395941,0.0,1.0,0.0,1.0,0.0,0.0,1.0
0.0,0,0,0,-1.107450338890116,1,0,1,0,0,1,0,0,0,-0.36160563129720036,-0.8872099417603408,0.0,0.0,0.0,0.0,1.0,0.0,0.0
0.0,0,0,1,1.6288113340794463,1,0,0,0,0,0,0,0,1,-1.4997709020501564,-0.3057823554752632,0.0,1.0,0.0,1.0,0.0,0.0,1.0
1.0,1,1,0,1.5062921546927495,1,1,1,1,0,0,0,0,1,0.6747589334206673,1.570624840731547,1.0,0.0,0.0,0.0,1.0,0.0,0.0
1.0,0,0,0,1.5062921546927495,1,1,1,1,1,1,0,1,1,0.4644820652170416,1.3797215971318262,0.0,0.0,1.0,0.0,1.0,0.0,0.0
1.0,1,0,0,0.24026063436354905,1,0,0,1,1,1,1,0,1,0.18244404357884614,0.1080266675512988,0.0,0.0,1.0,0.0,1.0,0.0,0.0
1.0,0,1,0,1.5879716076172141,1,1,0,0,0,0,0,0,1,-1.3412288188807564,-0.19494105001149228,0.0,1.0,0.0,1.0,0.0,1.0,0.0
1.0,0,0,0,-0.4540147154943996,0,0,1,0,0,1,1,0,1,-0.7053916221697942,-0.5528623923337093,0.0,0.0,0.0,0.0,0.0,0.0,1.0
1.0,0,1,0,0.5261387195991749,1,1,0,1,1,0,1,1,1,1.4374297966671492,1.1690475026979776,1.0,0.0,0.0,0.0,0.0,0.0,0.0
0.0,0,1,1,1.5062921546927495,1,0,0,0,0,0,0,0,0,-1.511452950283691,-0.403991666255362,0.0,1.0,0.0,1.0,0.0,0.0,1.0
1.0,0,1,0,-1.270809244739045,1,0,1,0,1,0,0,0,0,-0.2998576620628024,-0.9779912838356043,0.0,0.0,0.0,0.0,0.0,0.0,1.0
1.0,0,0,1,-0.4540147154943996,1,0,0,0,0,0,0,0,0,-1.5047774941502425,-0.8261849533589388,0.0,1.0,0.0,1.0,0.0,0.0,1.0
0.0,1,0,0,0.8528565312970331,1,0,0,1,0,0,0,0,1,0.3042711180142796,0.7781006108946811,1.0,0.0,0.0,0.0,1.0,0.0,0.0
1.0,0,1,1,1.5062921546927495,1,0,0,1,0,1,1,0,1,0.9167442182581725,1.8798640767816541,1.0,0.0,0.0,1.0,0.0,0.0,1.0
1.0,0,1,0,-0.82157225365449,1,0,0,0,0,0,0,0,0,-1.4981020380167944,-0.9128075225365848,0.0,1.0,1.0,0.0,0.0,0.0,0.0
1.0,0,1,1,1.5062921546927495,1,0,0,0,0,0,0,0,0,-1.49476430995007,-0.3993213865307649,0.0,1.0,0.0,1.0,0.0,0.0,0.0
0.0,0,1,0,-1.0666106124278838,1,0,0,0,0,0,0,0,0,-1.508115222216967,-0.9376934416405093,0.0,1.0,0.0,0.0,0.0,0.0,0.0
0.0,0,1,0,-1.270809244739045,0,0,0,1,0,0,0,0,1,-1.162660367311011,-0.9894890677290171,0.0,0.0,0.0,0.0,0.0,1.0,0.0
1.0,0,0,1,0.2811003608257813,1,1,0,0,0,0,0,0,0,-1.3245401785471353,-0.5560426304318873,0.0,1.0,0.0,1.0,0.0,0.0,1.0
0.0,0,0,0,0.36277981375024587,1,0,0,0,0,0,0,0,0,-1.4764068055830868,-0.6577880101463238,0.0,1.0,0.0,0.0,0.0,1.0,0.0
1.0,0,1,1,1.5062921546927495,1,1,0,0,0,0,0,0,0,-1.3428976829141184,-0.23853032744106512,0.0,1.0,0.0,1.0,0.0,0.0,0.0
0.0,1,0,0,-1.270809244739045,1,0,0,0,0,0,1,0,1,0.48450843361738716,-0.9675387530234109,1.0,0.0,0.0,0.0,0.0,1.0,0.0
0.0,0,0,0,-0.24981608318323825,1,0,0,1,1,0,0,0,1,-0.33156607869668253,-0.3769930015617388,0.0,0.0,0.0,0.0,1.0,0.0,0.0
1.0,0,0,0,0.11774145497685222,1,0,0,0,0,0,0,0,0,-1.4430295249158447,-0.6889899265920844,0.0,1.0,0.0,1.0,0.0,0.0,0.0
0.0,0,0,0,-0.5356941684188642,1,1,0,0,1,0,0,0,1,-0.2865067497959056,-0.5428991289212354,0.0,0.0,0.0,0.0,0.0,0.0,1.0
1.0,0,0,0,-1.1891297918145805,0,0,0,0,0,0,0,0,0,-1.321202450480411,-0.9672718798962908,0.0,0.0,0.0,0.0,0.0,1.0,0.0
1.0,0,1,0,0.689497625448104,1,0,0,0,1,1,1,1,1,1.1537229109955913,1.185949467415567,1.0,0.0,1.0,0.0,1.0,0.0,0.0
1.0,0,1,1,1.138734616532659,1,1,1,0,1,0,1,0,1,1.0252203804267095,1.5823450188975599,1.0,0.0,1.0,0.0,0.0,0.0,0.0
1.0,0,0,0,0.5669784460614072,0,0,0,0,1,1,0,0,0,-1.034157836742129,-0.3187479415678352,0.0,0.0,1.0,0.0,1.0,0.0,0.0
0.0,0,0,0,-0.12729690379654143,0,0,0,1,0,0,0,0,1,-1.1376274068105794,-0.6218713351214462,0.0,0.0,0.0,0.0,0.0,1.0,0.0
0.0,0,1,1,1.5062921546927495,1,0,0,0,0,0,0,0,0,-1.4997709020501564,-0.3910038407355301,0.0,1.0,0.0,1.0,0.0,0.0,0.0
1.0,1,0,0,-0.6990530742677933,1,0,0,0,0,0,0,1,1,0.49118388975083566,-0.48854596869782935,1.0,0.0,0.0,0.0,0.0,1.0,0.0
0.0,1,1,0,-1.1891297918145805,1,0,0,0,0,1,1,0,1,0.6413816527534252,-0.8838295488168229,1.0,0.0,0.0,0.0,0.0,0.0,1.0
0.0,0,1,1,0.5261387195991749,0,0,1,0,0,0,1,1,1,-0.4600686092655647,0.03530374041114413,0.0,0.0,0.0,0.0,0.0,0.0,0.0
0.0,0,0,0,-1.1891297918145805,1,0,0,0,0,1,0,1,0,0.7047984860211849,-0.8816945637998642,1.0,0.0,0.0,0.0,0.0,1.0,0.0
1.0,0,1,1,1.5062921546927495,1,1,0,0,0,0,0,0,1,-1.2911628978798932,-0.20368114492466688,0.0,1.0,0.0,1.0,0.0,0.0,0.0
1.0,1,1,0,0.3219400872880136,1,1,1,0,0,0,1,1,0,1.2405038407304205,0.8147734264463984,1.0,0.0,0.0,0.0,0.0,1.0,0.0
1.0,0,1,1,1.138734616532659,1,0,0,1,1,0,1,0,0,0.8766914814574819,1.422843846588939,1.0,0.0,1.0,0.0,0.0,1.0,0.0
1.0,0,1,1,0.6486578989858718,1,1,0,0,0,0,0,0,0,-1.2811497136797205,-0.448982027602314,0.0,1.0,0.0,1.0,0.0,0.0,0.0
0.0,1,0,0,0.5669784460614072,1,1,0,0,1,1,0,1,1,0.14739789887824156,0.4451763848126887,0.0,0.0,1.0,0.0,1.0,0.0,0.0
0.0,0,1,0,1.6288113340794463,1,0,0,0,0,0,0,0,0,-1.4747379415497248,-0.33458241377694525,0.0,1.0,0.0,1.0,1.0,0.0,0.0
1.0,0,0,0,-1.270809244739045,0,0,0,0,0,0,0,0,1,-1.319533586447049,-0.9915795738914557,0.0,0.0,0.0,0.0,0.0,1.0,0.0
0.0,1,0,0,-0.04561745087207687,1,1,0,1,0,0,1,1,1,1.177087007462661,0.4146194117574678,1.0,0.0,0.0,0.0,0.0,1.0,0.0
1.0,0,1,0,1.1795743429948913,1,1,0,1,1,0,1,1,1,0.5045348020177323,1.1832807361443687,0.0,0.0,1.0,0.0,0.0,1.0,0.0
0.0,0,1,1,-1.0666106124278838,0,0,0,1,1,1,0,0,0,-0.8055234641715205,-0.9060244972222891,0.0,0.0,0.0,1.0,0.0,0.0,1.0
0.0,0,1,1,1.0570551636081944,1,1,0,1,1,0,1,1,1,1.352317730965682,1.7662206034831252,1.0,0.0,1.0,0.0,1.0,0.0,0.0
0.0,0,0,0,-1.229969518276813,1,1,0,1,0,0,0,0,0,-0.35159244709702786,-0.9575532501836769,0.0,0.0,0.0,0.0,0.0,0.0,1.0
0.0,0,1,1,1.3429332488438204,1,0,1,1,1,0,0,0,0,-0.11127602629288455,0.7203892971550171,0.0,0.0,1.0,0.0,0.0,0.0,0.0
1.0,0,0,0,-0.5765338948810964,1,1,0,0,1,0,0,1,1,0.8683471612906714,-0.29232750198297164,1.0,0.0,0.0,0.0,1.0,0.0,0.0
0.0,0,1,0,1.6288113340794463,1,1,1,1,0,1,1,1,1,0.7248248544215304,1.6921855501346312,0.0,0.0,0.0,1.0,0.0,0.0,0.0
1.0,0,0,0,1.5062921546927495,0,0,0,1,1,0,0,0,1,-0.9657344113742826,0.10575824597078025,0.0,0.0,1.0,0.0,0.0,0.0,0.0
1.0,0,0,1,1.3837729753060528,1,0,0,0,0,0,0,0,0,-1.4730690775163628,-0.39914347111268506,0.0,1.0,0.0,1.0,0.0,0.0,1.0
0.0,0,1,1,-0.08645717733430915,1,0,0,0,0,0,0,0,0,-1.5147906783504155,-0.7346029919023159,0.0,1.0,0.0,1.0,0.0,0.0,1.0
1.0,0,1,1,-0.49485444195663186,1,0,0,0,0,0,0,0,1,0.1924572277790187,-0.34850429524169657,1.0,0.0,0.0,0.0,0.0,1.0,0.0
0.0,0,0,0,0.2811003608257813,1,0,1,0,1,1,1,0,1,1.0302269725267954,0.6397713733375674,1.0,0.0,1.0,0.0,0.0,1.0,0.0
1.0,0,1,1,1.5879716076172141,1,0,1,0,1,1,0,1,1,0.20580814004591524,1.2093453448930722,0.0,0.0,0.0,1.0,1.0,0.0,0.0
1.0,0,0,0,-1.270809244739045,1,0,0,0,0,0,0,0,1,-1.496433173983432,-0.9939369531810143,0.0,1.0,0.0,0.0,0.0,1.0,0.0
1.0,0,0,0,-0.08645717733430915,1,1,1,1,1,0,0,0,0,0.8583339770904989,0.25182680421436926,1.0,0.0,1.0,0.0,0.0,0.0,0.0
1.0,1,0,0,-0.0047777244098446,1,1,0,0,1,0,0,0,1,0.5479252668851469,0.16224639121114504,1.0,0.0,0.0,0.0,1.0,0.0,0.0
1.0,0,1,0,1.3837729753060528,1,1,0,1,1,0,1,1,1,1.3456422748322334,2.1700218842426935,1.0,0.0,0.0,0.0,1.0,0.0,0.0
1.0,0,0,0,0.97537571068373,1,0,0,1,0,1,1,1,1,0.36935681531540177,0.9029972343867632,0.0,0.0,1.0,0.0,0.0,0.0,0.0
1.0,0,0,0,-1.1891297918145805,1,0,1,0,0,0,0,0,1,-0.4851015697659963,-0.9312217683078534,0.0,0.0,0.0,0.0,0.0,0.0,1.0
0.0,0,1,0,-0.49485444195663186,1,0,0,0,1,1,0,0,1,0.5445875388184228,-0.25387553225045556,1.0,0.0,0.0,0.0,0.0,0.0,1.0
1.0,0,0,0,0.36277981375024587,1,1,0,0,0,0,0,0,1,-1.3161958583803248,-0.559556459938965,0.0,1.0,0.0,0.0,0.0,0.0,0.0
0.0,0,0,0,-1.270809244739045,1,0,0,0,0,0,0,0,0,-0.6519879731022068,-0.9826838029874613,0.0,0.0,0.0,0.0,0.0,0.0,1.0
0.0,1,0,0,0.8120168048348009,0,0,0,1,1,1,1,0,1,-0.4734195215324615,0.1386948377428198,0.0,0.0,0.0,0.0,0.0,1.0,0.0
0.0,0,0,0,-1.270809244739045,1,0,0,0,0,0,0,0,0,-1.5031086301168806,-0.9940259108900542,0.0,1.0,0.0,0.0,0.0,0.0,1.0
0.0,0,1,1,0.2811003608257813,1,0,0,0,0,0,0,0,0,-1.4997709020501564,-0.665638527969099,0.0,1.0,0.0,1.0,0.0,0.0,1.0
0.0,0,0,0,-0.9849311595034191,1,0,0,0,0,0,0,0,0,-1.5181284064171394,-0.9330009224886523,0.0,1.0,0.0,0.0,0.0,0.0,1.0
0.0,0,1,1,0.2811003608257813,1,0,0,0,1,0,1,0,1,-0.16134194729374773,0.03870637278192205,0.0,0.0,0.0,0.0,0.0,0.0,1.0
0.0,0,0,0,0.9345359842214976,1,1,1,0,1,0,0,0,1,0.6530637009869596,1.0387466983817188,1.0,0.0,1.0,0.0,1.0,0.0,0.0
1.0,0,0,0,0.7711770783725685,1,1,1,1,1,1,1,0,1,0.5495941309185094,0.8325204893998672,0.0,0.0,1.0,0.0,1.0,0.0,0.0
0.0,0,0,0,1.138734616532659,1,1,1,0,1,1,0,0,0,0.0022067279757385667,0.7939573225310513,0.0,0.0,1.0,0.0,0.0,1.0,0.0
1.0,0,0,0,0.1585811814390845,1,1,0,0,0,0,0,1,1,0.6697523413205807,0.3539057753377056,1.0,0.0,0.0,0.0,0.0,1.0,0.0
1.0,0,1,1,1.4654524282305172,1,1,0,1,0,1,0,1,0,0.20413927601255324,1.1588840844401638,0.0,0.0,0.0,1.0,1.0,0.0,0.0
0.0,0,1,0,-0.08645717733430915,1,1,0,0,0,0,0,1,1,0.6780966614873912,0.16447033393714366,1.0,0.0,0.0,0.0,0.0,1.0,0.0
0.0,0,1,1,1.0570551636081944,1,0,0,1,1,0,1,0,1,0.896717849857827,1.448752779346823,1.0,0.0,0.0,0.0,0.0,1.0,0.0
0.0,0,0,0,-1.270809244739045,1,1,0,1,0,0,0,0,1,0.48283956958402513,-0.9675609924506707,1.0,0.0,0.0,0.0,0.0,0.0,1.0
0.0,1,0,0,-0.2906558096454705,1,1,1,1,0,0,1,1,1,1.2722122573643007,0.1804604821370736,1.0,0.0,0.0,0.0,0.0,0.0,1.0
0.0,1,1,0,1.0570551636081944,1,0,1,1,0,1,1,1,1,1.3623309151658545,1.7573693114336508,1.0,0.0,1.0,0.0,1.0,0.0,0.0
1.0,1,0,0,-1.270809244739045,1,1,0,0,0,0,0,0,1,0.33431067061479763,-0.9695403014768096,1.0,0.0,0.0,0.0,0.0,1.0,0.0
0.0,0,0,0,-0.9849311595034191,1,0,1,0,0,1,0,1,0,0.045597192843153216,-0.7472349865859881,0.0,0.0,0.0,0.0,0.0,0.0,0.0
1.0,0,0,0,-0.20897635672100598,1,0,1,0,0,0,0,0,0,-0.4784261136325478,-0.37501369253560013,0.0,0.0,0.0,0.0,0.0,0.0,1.0
0.0,0,0,0,0.6078181725236395,1,1,1,0,1,1,0,0,1,0.010551048142549094,0.2781805255174528,0.0,0.0,0.0,1.0,0.0,0.0,1.0
1.0,0,1,0,1.547131881154982,1,0,1,1,0,1,0,0,0,0.6647457492204942,1.535286390815429,1.0,0.0,0.0,1.0,0.0,0.0,0.0
1.0,0,0,0,1.4654524282305172,1,1,1,1,1,0,0,1,1,0.4077406880827304,1.2314068567349785,0.0,0.0,1.0,0.0,1.0,0.0,0.0
1.0,0,0,0,1.261253795919356,1,1,0,0,0,0,0,0,0,-1.3161958583803248,-0.30920722727330113,0.0,1.0,0.0,1.0,0.0,0.0,1.0
1.0,0,1,0,-0.7398928007300255,1,0,0,0,1,0,0,0,0,-0.483432705732634,-0.7052691873463942,0.0,0.0,0.0,0.0,1.0,0.0,0.0
1.0,0,0,0,0.7303373519103363,1,0,0,0,0,0,0,0,0,-1.4864199897832595,-0.562847895173443,0.0,1.0,1.0,0.0,1.0,0.0,0.0
1.0,0,0,0,-1.270809244739045,1,0,0,0,0,0,0,0,1,-1.49476430995007,-0.9939147137537543,0.0,1.0,0.0,0.0,0.0,0.0,1.0
1.0,0,0,0,0.11774145497685222,1,0,0,0,0,0,1,0,0,-0.323221758529872,-0.10849639625192621,0.0,0.0,0.0,0.0,0.0,0.0,1.0
0.0,0,1,0,-0.8624119801167224,1,1,0,0,1,0,1,1,1,1.1620672311624018,-0.5326467529543818,1.0,0.0,0.0,0.0,0.0,1.0,0.0
1.0,0,0,0,-0.82157225365449,1,0,0,1,0,0,0,0,1,-0.5218165784999627,-0.7389841590725332,0.0,0.0,0.0,0.0,0.0,0.0,0.0
0.0,0,0,0,-1.270809244739045,1,1,0,0,0,0,0,0,1,0.3476615828816942,-0.9693623860587296,1.0,0.0,0.0,0.0,0.0,1.0,0.0
1.0,0,1,0,1.5062921546927495,1,1,0,1,0,1,1,0,1,0.926757402458345,1.8708126298868404,1.0,0.0,0.0,1.0,0.0,0.0,1.0
0.0,0,1,0,1.5879716076172141,1,1,0,0,0,0,1,1,1,0.9684790032923977,1.9263222403277653,1.0,0.0,0.0,1.0,0.0,0.0,0.0
0.0,0,0,0,-0.12729690379654143,1,1,0,0,0,0,1,1,1,0.21081473214600174,-0.07756135293328552,0.0,0.0,1.0,0.0,1.0,0.0,0.0
1.0,0,1,1,-0.1681366302587737,0,0,0,1,1,1,1,1,1,-0.15633535519366146,-0.25460943335003516,0.0,0.0,1.0,0.0,1.0,0.0,0.0
0.0,0,1,0,-0.6173736213433287,1,1,1,0,0,0,0,0,0,0.4744952494172146,-0.40276849775606277,1.0,0.0,0.0,0.0,0.0,1.0,0.0
0.0,0,0,0,-0.658213347805561,1,0,0,1,0,0,0,1,1,0.7198182623214439,-0.4067048763810804,1.0,0.0,0.0,0.0,0.0,1.0,0.0
1.0,0,0,1,-0.7807325271922578,1,0,0,0,0,0,1,0,1,0.45446888101686905,-0.5428768894939754,1.0,0.0,0.0,0.0,1.0,0.0,0.0
1.0,0,1,1,-1.229969518276813,1,0,0,0,1,1,0,1,0,0.8449830648236019,-0.9182339427880214,1.0,0.0,0.0,0.0,1.0,0.0,0.0
0.0,0,0,0,-0.7807325271922578,1,1,1,1,0,0,1,0,1,1.0669419812607621,-0.4492266613021738,1.0,0.0,0.0,0.0,0.0,1.0,0.0
1.0,0,1,1,1.5879716076172141,1,1,1,1,1,1,1,1,0,0.8583339770904989,1.9631062530157828,0.0,0.0,0.0,1.0,0.0,1.0,0.0
0.0,0,1,1,0.8936962577592654,1,0,1,0,1,1,0,1,0,0.17576858744539764,0.7193885229283177,0.0,0.0,0.0,1.0,0.0,0.0,0.0
1.0,0,0,1,0.36277981375024587,1,0,1,1,1,1,1,1,1,1.5509125509357726,1.0019626856937014,1.0,0.0,0.0,1.0,0.0,1.0,0.0
0.0,0,0,0,-1.270809244739045,1,0,0,0,0,1,0,0,1,-0.4166781443981498,-0.9795480437438033,0.0,0.0,0.0,0.0,0.0,1.0,0.0
0.0,0,1,1,1.3020935223815882,1,1,0,1,1,1,1,1,1,1.5609257351359451,2.229490112735897,1.0,0.0,1.0,0.0,0.0,1.0,0.0
0.0,0,1,0,0.4444592666747104,1,1,0,1,0,0,0,0,0,0.5262300344514398,0.5090257804761089,1.0,0.0,0.0,0.0,0.0,1.0,0.0
0.0,0,1,1,-0.33149553610770277,1,1,1,1,1,0,0,0,0,-0.011144184291158467,-0.3094963398276809,0.0,0.0,0.0,1.0,0.0,1.0,0.0
0.0,0,0,0,-1.270809244739045,1,0,0,0,0,0,0,0,0,-0.625286148568413,-0.9823279721513016,0.0,0.0,0.0,0.0,0.0,0.0,1.0
0.0,0,0,0,-0.9849311595034191,1,1,1,0,0,1,0,1,0,0.21582132424608824,-0.752060942301405,0.0,0.0,0.0,0.0,0.0,1.0,0.0
0.0,0,0,0,-0.7807325271922578,1,0,0,0,0,0,0,0,0,-1.5031086301168806,-0.8938817699383367,0.0,1.0,1.0,0.0,0.0,1.0,0.0
1.0,0,0,0,-1.270809244739045,0,0,0,0,0,0,0,0,1,-1.3428976829141184,-0.9918909258730957,0.0,0.0,0.0,0.0,0.0,0.0,1.0
1.0,0,0,0,-0.24981608318323825,0,0,1,0,0,1,1,1,0,-0.33824153483013103,-0.39658593697778666,0.0,0.0,1.0,0.0,1.0,0.0,0.0
1.0,0,1,0,1.3429332488438204,1,1,0,1,0,0,0,1,1,0.8666782972573094,1.6352748557763268,1.0,0.0,0.0,0.0,0.0,1.0,0.0
1.0,1,0,0,-1.1891297918145805,1,1,0,0,1,0,1,0,0,0.8800292095242059,-0.874177637385989,1.0,0.0,0.0,0.0,0.0,1.0,0.0
1.0,0,1,1,1.5879716076172141,1,1,0,1,0,0,1,1,0,1.197113375863006,2.1613485076112986,1.0,0.0,1.0,0.0,0.0,0.0,0.0
0.0,0,1,0,1.5879716076172141,1,1,0,0,1,1,1,1,1,0.5262300344514398,1.5157379342539015,0.0,0.0,0.0,1.0,0.0,0.0,0.0
1.0,0,1,1,1.2204140694571237,1,1,1,1,0,0,1,1,1,1.3623309151658545,1.8826662446164129,1.0,0.0,0.0,0.0,0.0,1.0,0.0
0.0,0,1,1,0.5669784460614072,0,0,1,1,0,0,0,0,0,-0.9890985078413521,-0.282097365443378,0.0,0.0,0.0,0.0,0.0,0.0,0.0
0.0,0,0,0,1.6288113340794463,1,1,1,1,1,1,1,1,0,1.6810839455380167,2.735681716600441,1.0,0.0,0.0,1.0,1.0,0.0,0.0
1.0,0,0,0,-1.1482900653523482,1,0,1,1,0,1,0,1,1,1.0085317400930884,-0.8423974958314687,1.0,0.0,0.0,0.0,0.0,0.0,1.0
0.0,0,0,0,0.1585811814390845,1,1,0,0,1,0,0,0,0,-0.2965199339960784,-0.13920904529796704,0.0,0.0,1.0,0.0,0.0,1.0,0.0
0.0,0,1,0,1.547131881154982,0,0,0,1,1,1,1,1,0,-0.2297653726615942,0.7938683648220114,0.0,0.0,0.0,1.0,0.0,0.0,0.0
0.0,0,1,1,1.6288113340794463,1,1,1,1,1,1,1,0,0,1.3823572835661997,2.403157800209128,1.0,0.0,0.0,1.0,1.0,0.0,0.0
0.0,0,1,0,-0.49485444195663186,1,0,0,0,0,0,0,0,0,-1.479744533649811,-0.8278973892579577,0.0,1.0,1.0,0.0,0.0,0.0,1.0
1.0,0,1,0,1.5879716076172141,1,0,0,1,1,1,1,1,1,0.48117070555066266,1.4724155299514485,0.0,0.0,0.0,1.0,1.0,0.0,0.0
1.0,1,0,0,-1.107450338890116,1,0,0,0,0,0,0,0,1,0.2258345084462608,-0.8374825824070119,1.0,0.0,0.0,0.0,0.0,0.0,1.0
0.0,0,0,0,-1.270809244739045,1,0,0,0,0,0,0,0,0,-1.4747379415497248,-0.9936478406266345,0.0,1.0,0.0,0.0,0.0,0.0,1.0
0.0,0,1,0,0.689497625448104,1,0,0,0,0,0,0,0,0,-1.4764068055830868,-0.6020560054327985,0.0,1.0,1.0,0.0,0.0,0.0,0.0
1.0,0,0,0,1.5879716076172141,1,1,0,1,0,0,0,0,1,0.47950184151730063,1.4669223914182319,1.0,0.0,1.0,0.0,1.0,0.0,0.0
1.0,0,1,0,0.1585811814390845,1,0,0,0,0,0,0,0,0,-1.4914265818833459,-0.7062032432913137,0.0,1.0,1.0,0.0,0.0,0.0,1.0
0.0,0,1,0,-0.37233526256993504,1,0,0,0,0,1,1,0,0,-0.15633535519366146,-0.4035691171374222,0.0,0.0,1.0,0.0,0.0,0.0,0.0
0.0,1,0,0,-1.0257708859656514,1,0,0,0,0,0,1,1,1,0.8166123762564462,-0.747301704867768,1.0,0.0,0.0,0.0,0.0,1.0,0.0
0.0,0,1,0,1.3429332488438204,1,0,1,0,1,0,0,0,1,-0.3182151664297857,0.6310090389971329,0.0,0.0,0.0,0.0,0.0,0.0,1.0
1.0,0,0,0,-1.270809244739045,1,0,0,0,0,0,0,0,1,0.1557422190450521,-0.971919920193628,1.0,0.0,0.0,0.0,0.0,1.0,0.0
1.0,0,1,1,-0.4540147154943996,1,1,1,1,0,1,1,0,0,0.42776705648307545,-0.2799846198536793,0.0,0.0,1.0,0.0,0.0,0.0,1.0
1.0,0,0,1,0.11774145497685222,1,0,0,0,0,1,1,1,1,0.24752974087996787,0.1070481327518595,0.0,0.0,1.0,0.0,0.0,0.0,1.0
1.0,1,0,0,0.40361954021247815,1,1,0,1,0,0,0,0,1,0.4895150257174732,0.48465136819916405,1.0,0.0,0.0,0.0,0.0,0.0,0.0
1.0,0,0,0,-1.270809244739045,1,0,1,0,0,0,0,0,1,-0.4967836179995311,-0.9806155362522825,0.0,0.0,0.0,0.0,1.0,0.0,0.0
1.0,0,1,1,0.07690172851461995,1,0,0,0,0,0,0,0,0,-1.5047774941502425,-0.700843541321657,0.0,1.0,1.0,0.0,1.0,0.0,0.0
0.0,0,1,1,-1.0257708859656514,1,0,1,1,1,0,1,0,0,0.1590799471117766,-0.7905796303157011,0.0,0.0,1.0,0.0,0.0,1.0,0.0
0.0,0,0,0,-1.229969518276813,1,0,0,0,0,0,0,0,0,-1.511452950283691,-0.9756116651187856,0.0,1.0,0.0,0.0,0.0,0.0,1.0
1.0,0,0,0,-1.270809244739045,1,1,0,0,0,0,0,0,1,-0.4967836179995311,-0.9806155362522825,0.0,0.0,0.0,0.0,1.0,0.0,0.0
0.0,0,0,0,-0.6990530742677933,1,0,0,0,1,0,0,1,1,-0.1746928595606445,-0.6057255109306963,0.0,0.0,0.0,0.0,0.0,1.0,0.0
0.0,0,1,1,-1.1482900653523482,1,0,0,0,0,0,1,0,1,0.4744952494172146,-0.8694406393796119,1.0,0.0,0.0,0.0,0.0,0.0,1.0
1.0,0,1,1,1.5879716076172141,1,0,1,1,1,1,1,1,0,1.4891645817013743,2.4589565232044333,1.0,0.0,0.0,1.0,1.0,0.0,0.0
0.0,0,1,1,1.0570551636081944,1,1,0,0,0,0,0,0,0,-1.319533586447049,-0.33117978140616733,0.0,1.0,0.0,1.0,1.0,0.0,0.0
1.0,0,0,0,-1.270809244739045,1,0,0,0,0,0,1,0,1,0.47950184151730063,-0.9676054713051906,1.0,0.0,0.0,0.0,0.0,1.0,0.0
1.0,1,1,0,0.7711770783725685,1,1,1,0,1,0,0,1,1,0.9668101392590357,1.1496324827000095,1.0,0.0,1.0,0.0,0.0,0.0,0.0
1.0,0,1,0,1.261253795919356,1,1,0,0,1,0,1,1,0,1.265536801230852,1.7979562661831254,1.0,0.0,0.0,1.0,0.0,1.0,0.0
1.0,0,1,0,0.6078181725236395,1,1,0,1,1,1,1,1,1,1.4975089018681849,1.2765751335000106,1.0,0.0,0.0,0.0,0.0,1.0,0.0
0.0,0,0,0,0.03606200205238767,1,1,0,1,1,0,1,1,0,1.4307543405337007,0.6187106357223605,1.0,0.0,0.0,0.0,0.0,1.0,0.0
1.0,1,0,0,0.7303373519103363,1,1,1,1,0,0,1,0,1,0.1891194997122942,0.5338005024437334,0.0,0.0,0.0,0.0,0.0,0.0,0.0
1.0,0,1,1,0.8528565312970331,1,1,0,0,0,0,0,0,0,-1.306182674180152,-0.40848403056187926,0.0,1.0,0.0,1.0,1.0,0.0,0.0
1.0,0,1,1,1.6288113340794463,1,1,1,1,1,0,0,0,0,-0.007806456224433971,1.0966359275394626,0.0,0.0,0.0,1.0,1.0,0.0,0.0
1.0,0,0,0,0.8936962577592654,1,0,0,0,0,0,0,0,0,-1.5031086301168806,-0.5541078002602684,0.0,1.0,0.0,1.0,1.0,0.0,0.0
1.0,0,1,0,-0.82157225365449,1,0,1,1,1,0,0,0,1,0.6647457492204942,-0.5758134812660148,1.0,0.0,0.0,0.0,0.0,1.0,0.0
1.0,0,0,1,1.5062921546927495,1,1,1,1,1,1,1,0,1,0.4928527537841977,1.4447052035855057,0.0,0.0,0.0,1.0,1.0,0.0,0.0
0.0,0,0,0,-0.9440914330411869,1,0,0,0,0,0,1,1,1,0.7915794157560146,-0.6520057590587275,1.0,0.0,0.0,0.0,0.0,0.0,1.0
1.0,1,1,0,0.8936962577592654,1,1,0,0,0,0,0,0,0,0.3109465741477281,0.7404270211162647,1.0,0.0,0.0,0.0,0.0,0.0,0.0
0.0,0,1,1,1.5062921546927495,0,0,1,0,1,0,0,1,1,-0.6920407099028972,0.3138525668424705,0.0,0.0,0.0,1.0,1.0,0.0,0.0
1.0,0,1,1,-0.1681366302587737,1,1,0,1,0,0,0,1,0,-0.009475320257795981,-0.20119032907154838,0.0,0.0,0.0,0.0,0.0,1.0,0.0
1.0,0,0,0,0.11774145497685222,1,0,0,1,1,0,1,1,1,1.2571924810640416,0.6100817379454858,1.0,0.0,1.0,0.0,0.0,0.0,0.0
0.0,0,0,1,-0.7807325271922578,1,0,0,0,1,1,0,0,0,-0.3749565435640972,-0.6833633514953079,0.0,0.0,0.0,0.0,0.0,0.0,1.0
1.0,0,1,0,0.40361954021247815,1,1,0,1,1,1,0,1,1,1.1603983671290399,0.837791233660484,1.0,0.0,0.0,0.0,0.0,1.0,0.0
1.0,0,1,1,-1.107450338890116,1,1,0,0,0,1,0,0,1,-0.2998576620628024,-0.8873878571784206,0.0,0.0,0.0,0.0,0.0,0.0,1.0
1.0,0,0,0,1.0162154371459622,1,0,0,0,0,0,0,0,0,-1.4663936213829143,-0.5051365814337789,0.0,1.0,0.0,1.0,0.0,0.0,1.0
1.0,0,0,0,-1.229969518276813,1,0,0,1,0,0,1,1,0,1.03356470059352,-0.9283528821913151,1.0,0.0,0.0,0.0,0.0,1.0,0.0
0.0,0,0,0,-0.2906558096454705,1,0,1,1,0,0,0,0,1,0.5062036660510942,-0.10636141123496756,1.0,0.0,0.0,0.0,0.0,0.0,0.0
0.0,0,0,0,1.2204140694571237,1,1,0,1,1,1,1,1,0,0.6614080211537702,1.3071098671279713,0.0,0.0,0.0,1.0,0.0,0.0,0.0
0.0,0,1,1,0.36277981375024587,0,0,1,0,1,0,0,0,0,-0.9774164596078174,-0.37454666456314034,0.0,0.0,1.0,0.0,1.0,0.0,0.0
0.0,1,1,1,1.4654524282305172,0,0,0,1,1,0,1,1,1,-0.3899763198643562,0.6234921125832575,0.0,0.0,0.0,1.0,0.0,1.0,0.0
1.0,0,0,0,-0.04561745087207687,1,0,1,1,1,1,1,0,1,0.2592117891135029,-0.04369070521632659,0.0,0.0,0.0,0.0,0.0,0.0,0.0
0.0,0,0,0,0.6486578989858718,1,1,0,0,0,0,0,0,0,-1.3462354109808425,-0.49850923211030307,0.0,1.0,1.0,0.0,0.0,0.0,0.0
0.0,0,0,1,-0.8624119801167224,0,0,1,0,0,1,0,0,1,-0.95572122717411,-0.8236941375058204,0.0,0.0,1.0,0.0,0.0,0.0,1.0
1.0,0,1,1,1.2204140694571237,1,1,0,0,0,0,0,0,0,-1.3312156346805837,-0.3461469159521381,0.0,1.0,1.0,0.0,0.0,0.0,0.0
0.0,0,0,0,-0.9849311595034191,0,0,0,1,0,0,0,0,1,-1.1826867357113564,-0.9018212454701516,0.0,0.0,0.0,0.0,0.0,0.0,1.0
0.0,0,1,1,0.8528565312970331,1,0,0,1,1,1,1,1,1,1.4541184370007703,1.637098488811646,1.0,0.0,0.0,0.0,0.0,0.0,0.0
0.0,0,0,0,0.9345359842214976,1,1,0,0,0,0,0,0,1,0.28090702154721,0.8408380351951019,1.0,0.0,0.0,0.0,0.0,1.0,0.0
1.0,0,1,1,0.11774145497685222,1,0,0,0,0,0,0,0,0,-1.49476430995007,-0.7065368347002134,0.0,1.0,1.0,0.0,0.0,1.0,0.0
0.0,0,1,1,-0.9849311595034191,1,0,1,1,0,0,0,0,0,-0.3349038067634068,-0.7882667298806625,0.0,0.0,0.0,0.0,0.0,0.0,1.0
0.0,0,0,0,1.6288113340794463,1,1,1,1,1,1,1,1,1,1.7278121384721556,2.56156924058201,1.0,0.0,0.0,1.0,0.0,0.0,0.0
1.0,0,0,0,-1.0257708859656514,1,1,0,0,0,0,0,1,1,0.738175766688427,-0.7268414317885808,1.0,0.0,0.0,0.0,0.0,1.0,0.0
1.0,0,0,1,-1.1891297918145805,1,0,1,0,1,0,0,0,0,-0.2931822059293541,-0.9326895705070124,0.0,0.0,0.0,0.0,0.0,0.0,1.0
1.0,0,0,0,-0.7807325271922578,1,0,0,0,0,0,0,0,1,-1.478075669616449,-0.8908349684037186,0.0,1.0,0.0,0.0,0.0,1.0,0.0
1.0,0,0,0,-1.270809244739045,1,0,0,0,0,0,0,0,0,-1.5031086301168806,-0.9940259108900542,0.0,1.0,0.0,0.0,0.0,0.0,1.0
0.0,1,0,0,1.5879716076172141,1,1,1,1,0,1,1,0,1,1.1670738232624884,2.19137173441228,1.0,0.0,1.0,0.0,1.0,0.0,0.0
1.0,0,0,0,-1.1482900653523482,0,0,1,1,0,1,0,0,0,-0.7437754949371226,-0.9376489627859893,0.0,0.0,0.0,0.0,0.0,0.0,1.0
0.0,0,1,1,1.547131881154982,1,0,1,1,1,1,0,1,0,0.3142843022144521,1.3200532137932834,0.0,0.0,1.0,0.0,1.0,0.0,0.0
1.0,0,0,0,-0.2906558096454705,1,0,0,0,0,0,0,0,1,-1.4864199897832595,-0.7642036695853576,0.0,1.0,0.0,0.0,0.0,0.0,1.0
1.0,0,1,1,0.2811003608257813,0,0,0,0,0,0,0,0,1,-1.3161958583803248,-0.5812176620901915,0.0,0.0,1.0,0.0,1.0,0.0,0.0
0.0,0,1,1,0.6078181725236395,1,0,0,0,0,0,0,0,0,-1.4997709020501564,-0.5807061552632118,0.0,1.0,0.0,1.0,0.0,0.0,1.0
0.0,0,0,0,-0.8624119801167224,1,0,0,0,0,0,1,1,1,0.007213320075825072,-0.6842529285857074,0.0,0.0,0.0,0.0,0.0,1.0,0.0
1.0,0,0,0,0.19942090790131678,1,1,1,0,0,0,1,0,1,0.8833669375909304,0.4958378001109371,1.0,0.0,0.0,0.0,0.0,1.0,0.0
1.0,1,0,0,0.9345359842214976,1,1,1,1,1,1,1,1,1,1.7294810025055176,1.836119123361262,1.0,0.0,0.0,0.0,0.0,1.0,0.0
0.0,0,0,0,-0.12729690379654143,0,0,1,1,0,1,0,0,0,-0.8405696088721247,-0.521171208488229,0.0,0.0,1.0,0.0,1.0,0.0,0.0
1.0,0,1,0,1.1795743429948913,0,0,1,0,1,1,1,1,1,-0.08457420175909096,0.6780231882247435,0.0,0.0,0.0,1.0,0.0,0.0,1.0
0.0,0,1,0,-0.5356941684188642,1,0,0,0,1,0,1,1,1,1.071948573360848,-0.22747733209285206,1.0,0.0,0.0,0.0,0.0,1.0,0.0
0.0,0,0,0,-0.9440914330411869,1,1,0,0,0,0,0,1,1,0.6213552843530796,-0.6454673674442916,1.0,0.0,0.0,0.0,0.0,1.0,0.0
1.0,0,0,0,-1.270809244739045,1,0,0,0,0,0,0,0,1,-1.4880888538166215,-0.9938257560447143,0.0,1.0,0.0,0.0,0.0,0.0,1.0
0.0,0,1,1,0.4444592666747104,1,0,1,0,1,0,1,1,0,0.3509993109484187,0.4447315962674889,0.0,0.0,0.0,1.0,0.0,0.0,0.0
0.0,1,0,0,-1.229969518276813,1,0,0,0,0,0,0,0,1,0.1991326839124672,-0.9394503563940483,1.0,0.0,0.0,0.0,0.0,1.0,0.0
1.0,0,1,1,1.6288113340794463,1,0,1,1,1,1,1,1,0,1.5776143754695662,2.570264856640664,1.0,0.0,0.0,1.0,0.0,0.0,0.0
0.0,1,1,0,-0.20897635672100598,1,1,1,0,0,1,1,1,1,1.3222781783651638,0.27277634469327616,1.0,0.0,0.0,0.0,0.0,0.0,0.0
0.0,1,1,0,1.2204140694571237,1,1,0,1,1,0,1,0,1,1.1103324461281767,1.6377434322021853,1.0,0.0,1.0,0.0,1.0,0.0,0.0
1.0,1,1,1,-0.0047777244098446,1,0,0,1,0,0,1,1,1,0.9768233234592083,0.2699741768585178,1.0,0.0,0.0,0.0,0.0,0.0,1.0
1.0,0,1,0,1.3020935223815882,1,0,1,0,0,0,0,0,1,0.29592679784746906,1.1162066235282504,1.0,0.0,0.0,0.0,0.0,0.0,1.0
1.0,0,1,1,1.6288113340794463,1,1,0,1,1,1,1,1,0,1.542568230768962,2.5211824406778747,1.0,0.0,0.0,1.0,1.0,0.0,0.0
0.0,0,1,1,-1.270809244739045,1,0,0,0,0,0,0,0,0,-1.4914265818833459,-0.9938702348992343,0.0,1.0,0.0,0.0,0.0,1.0,0.0
1.0,1,1,0,1.3837729753060528,1,1,0,1,1,1,1,1,1,1.5408993667355997,2.329478577696794,1.0,0.0,1.0,0.0,0.0,1.0,0.0
0.0,0,1,1,0.97537571068373,1,0,1,1,1,0,0,0,1,-0.1129448903262468,0.48585229727120344,0.0,0.0,0.0,1.0,1.0,0.0,0.0
1.0,0,1,1,1.3429332488438204,1,1,1,1,1,1,0,0,0,0.9968496918595533,1.7009923633295858,1.0,0.0,0.0,1.0,1.0,0.0,0.0
0.0,0,1,1,-0.37233526256993504,1,1,0,0,0,0,0,0,0,-1.321202450480411,-0.7308000498408583,0.0,1.0,0.0,1.0,0.0,0.0,1.0
0.0,0,0,0,-1.270809244739045,1,0,0,0,0,0,0,0,1,-1.5214661344838636,-0.9942705445899142,0.0,1.0,0.0,0.0,0.0,0.0,1.0
0.0,0,1,1,1.5879716076172141,1,1,1,1,1,1,1,1,0,1.6343557526038779,2.6297330851338674,1.0,0.0,0.0,1.0,1.0,0.0,0.0
0.0,0,0,0,-0.9849311595034191,1,0,0,0,1,1,0,1,0,-0.019488504457968993,-0.7785703395953085,0.0,0.0,0.0,0.0,0.0,0.0,1.0
1.0,1,0,0,-1.270809244739045,1,0,0,0,0,0,0,0,1,0.23250996457970932,-0.9708969065396686,1.0,0.0,0.0,0.0,0.0,1.0,0.0
0.0,0,0,0,0.6078181725236395,0,0,1,0,1,1,0,0,0,-0.7604641352707436,-0.1686762864174487,0.0,0.0,0.0,1.0,0.0,0.0,1.0
0.0,0,1,1,0.36277981375024587,1,1,1,1,1,0,1,0,1,0.4561377450502311,0.42553897054212086,0.0,0.0,1.0,0.0,1.0,0.0,0.0
0.0,0,1,1,-0.4131749890321673,1,1,0,0,0,0,0,0,0,-1.3161958583803248,-0.7557304477993028,0.0,1.0,0.0,1.0,1.0,0.0,0.0
0.0,0,1,1,1.5879716076172141,1,1,0,1,1,0,0,1,1,1.036902428660244,2.0437686556877517,1.0,0.0,0.0,1.0,1.0,0.0,0.0
0.0,0,0,1,1.3837729753060528,1,1,1,0,1,1,0,0,1,0.8766914814574819,1.6348523066583873,1.0,0.0,0.0,1.0,1.0,0.0,0.0
1.0,0,0,0,0.6486578989858718,1,1,1,0,0,1,0,1,1,0.20914586811263974,0.611460582435605,0.0,0.0,1.0,0.0,0.0,0.0,0.0
1.0,0,0,0,0.5261387195991749,1,0,0,0,0,0,0,0,0,-1.5298104546506741,-0.6170009005515092,0.0,1.0,1.0,0.0,0.0,0.0,0.0
1.0,0,1,1,1.3429332488438204,1,0,1,0,0,1,1,1,1,0.3376483986815217,1.1411815003412147,0.0,0.0,0.0,1.0,0.0,0.0,0.0
1.0,0,1,1,-0.6990530742677933,1,1,0,0,1,1,0,0,1,-0.16801740342719623,-0.6170898582605492,0.0,0.0,0.0,0.0,0.0,0.0,0.0
1.0,0,0,0,-1.270809244739045,1,1,0,0,0,0,0,0,0,-0.46507520136565095,-0.9801929871343429,0.0,0.0,0.0,0.0,0.0,0.0,1.0
1.0,0,1,1,1.3837729753060528,1,1,1,0,1,1,1,1,1,0.6447193808201491,1.538866938604287,0.0,0.0,0.0,1.0,0.0,0.0,1.0
1.0,0,0,1,-0.7398928007300255,1,0,0,0,0,0,0,0,0,-1.4930954459167078,-0.8833847602716232,0.0,1.0,0.0,0.0,0.0,0.0,1.0
0.0,0,0,0,-0.08645717733430915,1,0,0,0,0,1,1,1,1,0.9918430997594673,0.17063065528815977,1.0,0.0,1.0,0.0,0.0,0.0,0.0
1.0,0,0,0,-1.270809244739045,1,0,0,0,0,0,0,0,0,-1.4847511257498973,-0.9937812771901945,0.0,1.0,0.0,0.0,0.0,0.0,1.0
1.0,0,0,0,-1.270809244739045,1,1,0,0,1,1,0,0,0,-0.08791192982581522,-0.9751668765735859,0.0,0.0,0.0,0.0,0.0,0.0,1.0
0.0,0,1,0,1.424612701768285,1,1,0,1,1,1,1,1,0,0.7164805342547199,1.6143030758701602,0.0,0.0,0.0,1.0,0.0,0.0,0.0
0.0,0,1,1,0.11774145497685222,1,1,1,0,1,1,1,0,0,0.2525363329800544,0.13969561196951918,0.0,0.0,0.0,0.0,0.0,1.0,0.0
1.0,1,1,0,-0.9849311595034191,0,0,0,1,1,0,0,1,1,-0.7120670783032426,-0.8375715401160517,0.0,0.0,0.0,0.0,0.0,0.0,1.0
1.0,0,0,0,-0.82157225365449,1,0,0,0,0,0,0,0,1,-0.6436436529353963,-0.7719652296990926,0.0,0.0,0.0,0.0,0.0,0.0,0.0
0.0,1,0,0,-1.270809244739045,1,0,0,0,0,0,0,0,1,0.18411290761220817,-0.9715418499302083,1.0,0.0,0.0,0.0,0.0,1.0,0.0
1.0,0,0,0,-1.270809244739045,1,0,0,0,1,0,0,0,0,-0.4600686092655647,-0.9801262688525628,0.0,0.0,0.0,0.0,0.0,0.0,1.0
0.0,0,1,0,-0.7398928007300255,1,0,1,1,0,1,1,1,0,1.3773506914661136,-0.4027907371833227,1.0,0.0,1.0,0.0,0.0,0.0,1.0
1.0,0,0,0,1.261253795919356,1,1,0,1,1,0,1,1,1,1.337297954665423,1.9045943198947588,1.0,0.0,0.0,1.0,0.0,0.0,0.0
0.0,0,0,1,-0.9032517065789546,0,0,1,1,0,1,0,0,0,-0.8155366483716932,-0.8197577588808028,0.0,0.0,1.0,0.0,0.0,0.0,1.0
1.0,0,1,1,1.6288113340794463,0,0,1,1,1,1,1,1,1,0.032246280576256656,1.071950163280878,0.0,0.0,0.0,1.0,0.0,0.0,0.0
0.0,1,1,0,-0.4540147154943996,1,1,0,1,1,0,0,1,0,0.23417882861307132,-0.3368953142119839,0.0,0.0,1.0,0.0,0.0,0.0,0.0
1.0,0,0,1,-1.1891297918145805,1,0,0,0,0,1,1,1,0,0.20080154794582922,-0.9023994705789113,0.0,0.0,0.0,0.0,0.0,0.0,1.0
1.0,1,0,0,1.6288113340794463,1,1,1,1,1,1,1,1,0,1.639362344703964,2.4869559621247563,1.0,0.0,0.0,1.0,0.0,0.0,0.0
1.0,0,1,1,-0.08645717733430915,1,1,1,1,1,1,0,0,0,0.09733197787737839,-0.1130999576947433,0.0,0.0,0.0,0.0,0.0,1.0,0.0
1.0,0,0,1,0.8120168048348009,1,1,1,1,0,1,1,1,1,0.6831032535874778,0.9818137645961543,0.0,0.0,0.0,1.0,0.0,0.0,1.0
1.0,0,0,0,1.1795743429948913,1,1,1,0,1,0,1,1,1,1.3940393317997346,1.7994685472368044,1.0,0.0,0.0,0.0,0.0,1.0,0.0
0.0,1,0,0,0.8120168048348009,1,1,1,0,1,0,0,0,0,-0.16134194729374773,0.37752404708781084,0.0,0.0,0.0,1.0,0.0,0.0,0.0
1.0,0,0,0,-1.0257708859656514,1,1,0,0,0,0,1,1,0,1.0118694681598124,-0.7112071144248105,1.0,0.0,0.0,0.0,0.0,0.0,1.0
1.0,0,0,0,0.4852989931369427,1,0,0,0,1,1,1,1,0,1.1820935995627468,0.9446739210719775,1.0,0.0,0.0,1.0,0.0,0.0,0.0
1.0,0,0,0,-0.5765338948810964,1,0,1,0,1,1,1,0,1,0.12236493837780997,-0.42462985475262915,0.0,0.0,0.0,0.0,0.0,1.0,0.0
1.0,0,0,0,0.2811003608257813,1,1,1,1,0,0,1,1,1,1.3923704677663726,0.794468829358031,1.0,0.0,0.0,0.0,0.0,1.0,0.0
1.0,0,1,1,0.03606200205238767,1,0,0,0,0,0,0,0,0,-1.4880888538166215,-0.7267524740795408,0.0,1.0,1.0,0.0,1.0,0.0,0.0
0.0,0,0,0,-0.33149553610770277,0,0,0,1,1,0,1,1,1,-0.35159244709702786,-0.4511170126192726,0.0,0.0,0.0,0.0,1.0,0.0,0.0
0.0,0,0,0,-0.12729690379654143,1,1,0,0,0,0,0,0,1,0.3176220302811766,-0.1161912380838814,1.0,0.0,0.0,0.0,0.0,1.0,0.0
0.0,1,1,0,0.97537571068373,1,1,1,1,1,1,0,0,1,0.12570266644453446,0.7826152146284584,0.0,0.0,1.0,0.0,1.0,0.0,0.0
1.0,0,0,0,-1.1482900653523482,1,0,0,0,0,0,0,1,1,-0.31320857432969945,-0.8966839377730949,0.0,0.0,0.0,0.0,0.0,0.0,1.0
1.0,0,0,0,-1.0257708859656514,1,0,0,0,0,0,1,0,0,-0.32822835062995825,-0.8380163286612514,0.0,0.0,0.0,0.0,0.0,0.0,1.0
1.0,0,0,1,-1.270809244739045,1,0,0,0,1,0,0,0,1,-0.49511475396616883,-0.9805932968250226,0.0,0.0,0.0,0.0,0.0,1.0,0.0
1.0,0,1,1,-1.0257708859656514,0,0,1,1,1,0,0,0,0,-0.8722780255060048,-0.8782252131473064,0.0,0.0,0.0,1.0,0.0,0.0,1.0
1.0,0,1,0,-0.12729690379654143,0,0,0,0,0,0,1,1,1,-0.6269550126017752,-0.4101297481791181,0.0,0.0,0.0,0.0,0.0,1.0,0.0
1.0,0,1,1,-0.5356941684188642,1,0,0,0,0,0,0,0,0,-1.4847511257498973,-0.8304549233928561,0.0,1.0,0.0,1.0,0.0,0.0,1.0
0.0,0,1,1,-0.7807325271922578,1,0,0,0,0,0,0,1,0,-0.2915133418959919,-0.6761355376358125,0.0,0.0,0.0,0.0,0.0,1.0,0.0
0.0,0,1,1,1.0570551636081944,1,0,0,0,0,0,0,0,0,-1.4747379415497248,-0.47284493305227904,0.0,1.0,0.0,1.0,1.0,0.0,0.0
1.0,0,0,0,-0.6173736213433287,1,0,0,0,0,0,0,0,1,-1.4747379415497248,-0.8400623559691702,0.0,1.0,1.0,0.0,0.0,0.0,1.0
0.0,0,1,0,-0.8624119801167224,1,1,0,1,0,0,1,1,1,1.245510432830507,-0.4933274455587264,1.0,0.0,0.0,0.0,0.0,1.0,0.0
1.0,0,1,1,-0.8624119801167224,1,0,0,0,0,0,0,0,1,-1.4764068055830868,-0.8912130386671383,0.0,1.0,0.0,0.0,0.0,1.0,0.0
1.0,0,1,1,-0.9032517065789546,1,0,0,0,1,0,1,0,0,-0.14965989906021293,-0.752127660583185,0.0,0.0,0.0,0.0,0.0,0.0,1.0
1.0,0,0,0,-0.20897635672100598,1,1,0,0,1,1,0,0,0,-0.1746928595606445,-0.28592254693209557,0.0,0.0,0.0,0.0,0.0,1.0,0.0
1.0,1,1,0,1.6288113340794463,1,0,1,1,1,1,1,0,0,0.32429748641462514,1.381634187876185,0.0,0.0,0.0,1.0,0.0,0.0,0.0
0.0,0,0,0,-1.1891297918145805,1,0,0,0,0,0,0,0,1,0.1624176751785006,-0.9038895122053304,1.0,0.0,0.0,0.0,0.0,0.0,0.0
0.0,0,0,0,-0.7807325271922578,1,0,0,0,0,0,0,0,1,0.18244404357884614,-0.6083720027746345,1.0,0.0,0.0,0.0,0.0,0.0,1.0
1.0,0,0,0,-0.9032517065789546,1,0,0,0,0,0,0,0,1,-1.4914265818833459,-0.9144310007265639,0.0,1.0,0.0,0.0,1.0,0.0,0.0
1.0,0,0,1,1.547131881154982,1,1,1,1,0,1,0,0,0,0.008882184109187083,1.0216890576733093,0.0,0.0,1.0,0.0,0.0,0.0,0.0
1.0,0,0,0,1.424612701768285,1,1,1,1,1,1,1,1,0,1.7194678183053451,2.4453682331485824,1.0,0.0,0.0,1.0,1.0,0.0,0.0
0.0,0,1,1,0.8120168048348009,1,0,0,0,0,0,0,0,0,-1.5047774941502425,-0.5524620826430294,0.0,1.0,1.0,0.0,1.0,0.0,0.0
1.0,0,1,0,1.5062921546927495,1,0,0,0,0,0,0,0,0,-1.49476430995007,-0.3963190638506668,0.0,1.0,0.0,1.0,0.0,0.0,1.0
1.0,0,0,0,1.6288113340794463,0,0,1,1,1,1,1,1,1,-0.03283941672486555,0.9831258908044934,0.0,0.0,0.0,1.0,0.0,0.0,0.0
0.0,0,1,1,-0.9032517065789546,1,0,0,0,0,0,1,1,1,0.8065991920562732,-0.5893572924673465,1.0,0.0,0.0,0.0,0.0,1.0,0.0
1.0,0,1,1,0.8936962577592654,1,1,0,1,0,1,1,1,1,1.352317730965682,1.5048850937510283,1.0,0.0,1.0,0.0,0.0,1.0,0.0
1.0,0,0,0,-1.0257708859656514,1,1,0,0,0,0,1,1,1,0.9734855953924838,-0.720058406474285,1.0,0.0,0.0,0.0,0.0,1.0,0.0
0.0,0,0,1,-1.1482900653523482,1,1,0,0,0,0,0,0,1,-1.3095204022468763,-0.9653148102974122,0.0,1.0,0.0,0.0,0.0,0.0,1.0
0.0,0,1,0,1.6288113340794463,0,0,1,1,1,1,1,1,0,0.02723968847617015,1.1854602000158472,0.0,0.0,0.0,1.0,0.0,0.0,0.0
1.0,0,0,0,-0.8624119801167224,1,0,0,1,0,0,0,0,1,0.32930407851471116,-0.6359266531497575,1.0,0.0,0.0,0.0,0.0,1.0,0.0
0.0,0,1,0,0.5669784460614072,0,0,1,1,0,0,1,0,0,-0.63863706083531,-0.08554530731962046,0.0,0.0,0.0,0.0,0.0,1.0,0.0
0.0,0,0,1,0.7303373519103363,1,0,0,0,0,0,0,0,0,0.1891194997122942,0.5689387975145115,1.0,0.0,0.0,1.0,1.0,0.0,0.0
0.0,0,1,1,0.07690172851461995,1,1,0,0,1,0,1,0,0,0.7598709991221345,0.2756229913825544,1.0,0.0,0.0,0.0,0.0,1.0,0.0
1.0,0,1,1,1.547131881154982,1,0,0,1,1,1,1,1,1,1.384026147599562,2.322072848419219,1.0,0.0,1.0,0.0,0.0,1.0,0.0
0.0,0,0,0,-0.12729690379654143,1,0,1,0,1,1,0,0,0,-0.22308991652814567,-0.23128027415430966,0.0,0.0,1.0,0.0,1.0,0.0,0.0
0.0,0,1,0,1.2204140694571237,1,1,1,1,1,1,1,1,0,1.6443689368040504,2.06244977458614,1.0,0.0,0.0,1.0,0.0,0.0,1.0
0.0,0,0,0,0.03606200205238767,1,1,0,1,0,0,1,1,1,1.178755871496023,0.47419883738697055,1.0,0.0,0.0,0.0,0.0,1.0,0.0
1.0,0,1,0,0.8120168048348009,1,1,0,1,0,1,0,0,0,-0.11127602629288455,0.40701352763455256,0.0,0.0,0.0,0.0,0.0,0.0,0.0
1.0,0,0,0,-1.270809244739045,1,0,0,0,0,0,0,1,1,0.5379120826849744,-0.9668270913510911,1.0,0.0,0.0,0.0,0.0,1.0,0.0
1.0,0,0,0,-1.1891297918145805,1,0,0,1,0,0,0,0,1,-0.4934458899328068,-0.9448990160727448,0.0,0.0,0.0,0.0,0.0,0.0,1.0
1.0,0,0,0,-0.37233526256993504,1,0,0,0,0,0,0,0,0,-1.4764068055830868,-0.7887782367076422,0.0,1.0,1.0,0.0,0.0,0.0,1.0
0.0,0,0,0,-1.229969518276813,1,0,0,1,0,0,0,0,0,-0.5168099863998762,-0.9566414336660176,0.0,0.0,0.0,0.0,0.0,0.0,1.0
1.0,1,1,0,-1.229969518276813,1,0,0,0,0,0,0,0,0,0.18077517954548367,-0.9397617083756881,1.0,0.0,0.0,0.0,0.0,1.0,0.0
0.0,0,0,1,-1.1891297918145805,1,0,1,0,0,1,0,0,1,-0.31988403046314773,-0.9339794572880916,0.0,0.0,0.0,0.0,0.0,0.0,1.0
1.0,0,1,0,1.6288113340794463,1,0,0,0,0,0,0,0,0,-1.4680624854162763,-0.3390970175107225,0.0,1.0,0.0,1.0,0.0,0.0,0.0
1.0,0,0,0,-0.33149553610770277,1,0,0,0,0,1,1,1,1,1.0452467488270545,-0.0587245580440773,1.0,0.0,0.0,0.0,0.0,1.0,0.0
1.0,0,1,0,0.7711770783725685,1,1,0,1,0,0,0,1,1,0.8566651130571363,1.049732975448152,1.0,0.0,1.0,0.0,1.0,0.0,0.0
0.0,0,0,0,-0.8624119801167224,1,1,0,0,1,0,1,0,1,0.8182812402898082,-0.5622919094919434,1.0,0.0,0.0,0.0,0.0,1.0,0.0
0.0,1,1,0,0.6486578989858718,1,1,1,1,1,1,1,1,0,1.7611894191393977,1.416394412683543,1.0,0.0,0.0,0.0,0.0,1.0,0.0
0.0,0,0,0,0.2811003608257813,0,0,0,0,1,0,1,1,1,-0.4684129294323752,-0.155265911779677,0.0,0.0,0.0,0.0,1.0,0.0,0.0
0.0,0,1,0,-0.20897635672100598,1,0,0,1,0,0,0,0,1,0.3810388635489363,-0.07164566528212912,1.0,0.0,0.0,0.0,0.0,1.0,0.0
1.0,0,1,0,-0.5765338948810964,1,0,0,0,1,1,0,0,0,0.45113115295014505,-0.349482830041136,1.0,0.0,0.0,0.0,0.0,1.0,0.0
0.0,0,1,1,-0.6173736213433287,1,1,0,0,1,0,1,0,0,0.7865728236559282,-0.3530856172572537,1.0,0.0,0.0,0.0,0.0,1.0,0.0
0.0,0,1,1,-0.1681366302587737,1,0,0,0,0,0,0,0,1,-1.506446358183605,-0.7608899949236195,0.0,1.0,0.0,0.0,0.0,0.0,0.0
0.0,1,0,0,-1.229969518276813,1,1,0,0,0,0,1,1,1,0.9734855953924838,-0.9267738828558562,1.0,0.0,0.0,0.0,0.0,1.0,0.0
1.0,0,0,0,-1.270809244739045,1,0,0,0,0,0,0,0,0,0.19746381987910472,-0.9713639345121284,1.0,0.0,0.0,0.0,0.0,0.0,1.0
1.0,1,0,0,-0.08645717733430915,1,1,1,0,0,0,0,1,1,0.8616717051572229,0.15183833925347148,1.0,0.0,0.0,0.0,1.0,0.0,0.0
1.0,0,0,0,-0.08645717733430915,1,1,1,0,0,0,1,1,1,1.19210678376292,0.30324436003945715,1.0,0.0,0.0,0.0,0.0,0.0,0.0
0.0,0,1,1,1.6288113340794463,1,1,0,0,0,0,0,0,0,-1.349573139047567,-0.20904084689432353,0.0,1.0,0.0,1.0,1.0,0.0,0.0
0.0,0,1,1,-1.270809244739045,1,0,0,0,0,0,0,0,1,-1.4864199897832595,-0.9938035166174544,0.0,1.0,0.0,0.0,1.0,0.0,0.0
1.0,0,1,0,1.5879716076172141,1,1,1,1,0,1,0,0,0,0.0155576402426356,1.0796227656855732,0.0,0.0,0.0,1.0,0.0,0.0,0.0
1.0,1,0,0,1.547131881154982,0,0,0,0,0,0,1,1,1,-0.6486502450354825,0.4492239605740061,0.0,0.0,1.0,0.0,0.0,1.0,0.0
0.0,1,1,1,0.3219400872880136,1,1,0,0,0,0,1,1,1,0.9968496918595533,0.6164644535691018,1.0,0.0,0.0,0.0,1.0,0.0,0.0
0.0,0,1,1,1.0162154371459622,1,0,0,0,0,0,0,0,0,-1.4997709020501564,-0.43697273688192145,0.0,1.0,0.0,1.0,0.0,0.0,0.0
0.0,0,0,0,-1.1891297918145805,1,1,0,0,0,0,1,1,1,1.0652731172273995,-0.8729322294594297,1.0,0.0,0.0,0.0,0.0,1.0,0.0
0.0,0,1,1,1.1795743429948913,1,1,1,1,1,1,1,1,0,1.6827528095713786,2.114378837238208,1.0,0.0,0.0,1.0,1.0,0.0,0.0
1.0,0,1,0,0.7711770783725685,1,1,1,0,1,1,1,1,1,1.564263463202669,1.5415801487300054,1.0,0.0,1.0,0.0,0.0,1.0,0.0
0.0,0,0,0,-1.270809244739045,1,1,0,0,1,0,0,0,1,0.4961904818509217,-0.9673830770325907,1.0,0.0,0.0,0.0,0.0,0.0,1.0
1.0,0,0,0,-0.8624119801167224,1,1,0,0,0,0,0,0,0,-1.3862881477815332,-0.8937038545202567,0.0,1.0,0.0,0.0,1.0,0.0,0.0
0.0,1,1,0,-1.1482900653523482,1,1,0,0,0,0,1,0,1,0.6196864203197175,-0.8657488944544542,1.0,0.0,0.0,0.0,0.0,1.0,0.0
1.0,0,0,0,1.0162154371459622,1,0,0,0,0,0,0,0,0,-1.4697313494496385,-0.5021120193264209,0.0,1.0,0.0,1.0,0.0,0.0,0.0
1.0,0,1,1,-1.270809244739045,1,0,0,0,0,0,0,1,0,0.5112102581511807,-0.967182922187251,1.0,0.0,0.0,0.0,0.0,1.0,0.0
1.0,1,1,0,0.03606200205238767,0,0,0,1,1,1,1,0,1,-0.4901081618660825,-0.22400798144029424,0.0,0.0,0.0,0.0,0.0,1.0,0.0
0.0,0,1,1,1.0978948900704268,1,1,0,0,1,1,1,0,1,0.24752974087996787,0.8630552230278283,0.0,0.0,0.0,1.0,0.0,0.0,0.0
0.0,0,0,0,-1.1891297918145805,0,0,0,0,0,0,0,0,0,-1.3161958583803248,-0.9765679604909651,0.0,0.0,0.0,0.0,0.0,1.0,0.0
0.0,1,0,0,-0.49485444195663186,1,1,0,0,0,0,0,1,1,0.7047984860211849,-0.23439379397070773,1.0,0.0,0.0,0.0,1.0,0.0,0.0
0.0,0,1,1,-0.1681366302587737,1,0,0,0,0,0,1,1,1,0.8483207928903258,0.15321718374359058,1.0,0.0,1.0,0.0,0.0,0.0,0.0
0.0,0,0,0,-0.04561745087207687,1,1,1,1,0,0,1,1,0,1.323947042398526,0.4230481546890024,1.0,0.0,0.0,0.0,0.0,1.0,0.0
0.0,0,1,0,-0.37233526256993504,1,1,0,0,0,1,1,1,1,0.2992645259141935,-0.27208962317638424,0.0,0.0,0.0,0.0,1.0,0.0,0.0
1.0,0,0,0,-1.107450338890116,0,0,1,1,1,1,0,0,1,-0.7154048063699667,-0.9053573144044895,0.0,0.0,0.0,0.0,0.0,0.0,1.0
0.0,0,0,1,0.689497625448104,1,0,0,0,0,0,0,0,0,-1.4764068055830868,-0.5470134229643329,0.0,1.0,0.0,1.0,1.0,0.0,0.0
0.0,0,0,1,-0.4131749890321673,1,1,0,0,0,0,0,1,1,0.6697523413205807,-0.19469641631163245,1.0,0.0,0.0,0.0,0.0,1.0,0.0
1.0,0,0,0,-0.24981608318323825,1,1,0,0,1,1,0,0,1,0.6547325650203217,0.012063538924458616,1.0,0.0,0.0,0.0,0.0,0.0,1.0
1.0,1,1,1,0.6078181725236395,1,0,0,1,0,0,1,0,1,0.6764277974540293,0.7844166082365173,1.0,0.0,1.0,0.0,0.0,0.0,0.0
0.0,0,0,0,-0.49485444195663186,1,0,0,0,0,0,0,0,0,-1.5014397660835184,-0.8217593073342015,0.0,1.0,0.0,1.0,0.0,0.0,1.0
1.0,0,1,0,0.36277981375024587,1,1,0,1,0,0,0,0,1,0.5195545783179912,0.5268618011386178,1.0,0.0,0.0,0.0,0.0,1.0,0.0
1.0,1,1,1,1.3837729753060528,1,1,0,0,1,0,1,1,1,1.1620672311624018,2.0316481678310594,1.0,0.0,0.0,0.0,1.0,0.0,0.0
1.0,0,0,0,0.4444592666747104,0,0,1,0,1,0,0,0,1,-0.9840919157412656,-0.35172901219439456,0.0,0.0,1.0,0.0,1.0,0.0,0.0
1.0,0,0,0,-0.24981608318323825,1,0,0,1,1,0,1,0,0,0.8383076086901533,0.035948683801683846,1.0,0.0,0.0,0.0,0.0,1.0,0.0
0.0,0,0,0,1.3429332488438204,1,1,0,1,1,0,1,0,1,1.0285581084934334,1.7343959830740852,1.0,0.0,1.0,0.0,0.0,1.0,0.0
1.0,1,1,0,0.9345359842214976,1,1,1,1,0,0,0,0,0,-0.15633535519366146,0.4721972889335718,0.0,0.0,1.0,0.0,1.0,0.0,0.0
1.0,0,0,0,1.0978948900704268,1,0,0,0,0,0,0,0,0,-1.513121814317053,-0.5136765215016137,0.0,1.0,0.0,1.0,0.0,0.0,1.0
1.0,1,0,0,-0.82157225365449,1,0,0,1,1,1,0,0,1,0.6380439246867007,-0.5447450013838143,1.0,0.0,0.0,0.0,0.0,0.0,1.0
0.0,0,0,0,-1.270809244739045,1,0,0,0,0,0,0,0,0,-1.4747379415497248,-0.9936478406266345,0.0,1.0,0.0,0.0,0.0,0.0,1.0
0.0,0,1,0,1.4654524282305172,1,1,0,1,1,1,0,0,0,0.8516585209570503,1.7983565758738052,1.0,0.0,0.0,1.0,1.0,0.0,0.0
0.0,0,1,0,0.689497625448104,0,0,1,0,0,0,1,0,0,-0.8021857361047963,-0.08172012583090289,0.0,0.0,0.0,0.0,0.0,0.0,0.0
0.0,0,1,1,0.6486578989858718,1,1,1,1,0,0,1,1,1,1.2872320336645597,1.2378785300676347,1.0,0.0,1.0,0.0,1.0,0.0,0.0
1.0,0,0,0,-0.4131749890321673,0,0,0,1,1,0,0,1,1,-0.6987161660363457,-0.6008550763607593,0.0,0.0,1.0,0.0,0.0,0.0,0.0
0.0,0,1,1,-0.37233526256993504,0,0,1,0,0,1,0,0,0,-1.004118284141611,-0.6409527637105142,0.0,0.0,0.0,1.0,0.0,0.0,1.0
1.0,1,1,0,-1.270809244739045,1,1,1,0,0,0,0,0,1,0.5212234423513533,-0.967049485623691,1.0,0.0,0.0,0.0,0.0,1.0,0.0
1.0,0,1,0,-0.08645717733430915,1,1,0,0,0,0,1,1,1,0.9801610515259322,0.27219811958451645,1.0,0.0,0.0,0.0,1.0,0.0,0.0
0.0,0,0,0,-0.9032517065789546,0,0,1,0,0,0,0,0,0,-1.1659980953777354,-0.8684843440074325,0.0,0.0,0.0,0.0,0.0,0.0,1.0
1.0,0,0,0,0.40361954021247815,1,1,0,1,0,0,1,1,1,1.2371661126636966,0.8980156026805264,1.0,0.0,0.0,0.0,0.0,1.0,0.0
0.0,0,1,1,0.689497625448104,1,0,1,0,1,1,0,0,0,-0.09792511402598776,0.34234127316251284,0.0,0.0,0.0,0.0,0.0,0.0,0.0
0.0,1,0,0,-1.229969518276813,1,0,0,0,0,0,1,0,0,0.5612761791520439,-0.9304656277810137,1.0,0.0,0.0,0.0,0.0,0.0,1.0
1.0,0,0,0,-0.9849311595034191,1,1,0,0,0,0,0,0,1,0.33931726271488366,-0.7481468031036475,1.0,0.0,0.0,0.0,0.0,1.0,0.0
0.0,0,1,1,1.6288113340794463,1,1,1,0,1,1,1,1,0,1.4274166124669767,2.3672633646115107,1.0,0.0,0.0,1.0,0.0,0.0,1.0
1.0,0,0,0,0.19942090790131678,1,0,0,0,0,0,0,0,1,0.1891194997122942,0.13273467123714347,1.0,0.0,0.0,0.0,0.0,0.0,1.0
1.0,0,0,0,-1.270809244739045,1,1,0,1,0,1,0,0,0,-0.15299762712693718,-0.9760342142367255,0.0,0.0,0.0,0.0,0.0,0.0,1.0
1.0,0,0,0,-0.0047777244098446,1,0,0,0,0,0,0,0,1,-1.489757717849984,-0.7294656842052591,0.0,1.0,0.0,1.0,0.0,0.0,0.0
1.0,0,0,0,-1.107450338890116,1,1,0,0,0,0,0,0,0,-0.5852334117677226,-0.9035114419419106,0.0,0.0,0.0,0.0,0.0,1.0,0.0
0.0,0,0,0,-0.8624119801167224,1,1,0,0,0,0,0,0,1,0.39438977581583334,-0.6300554443531211,1.0,0.0,0.0,0.0,0.0,1.0,0.0
0.0,1,1,0,0.19942090790131678,1,0,0,0,0,0,0,0,0,-1.5047774941502425,-0.6790489026068706,0.0,1.0,1.0,0.0,0.0,0.0,1.0
0.0,0,1,0,-0.5765338948810964,1,1,0,0,0,1,1,0,1,0.8065991920562732,-0.2934394733459709,1.0,0.0,0.0,0.0,0.0,1.0,0.0
0.0,0,1,1,-0.6990530742677933,1,0,0,0,0,0,0,0,0,-1.479744533649811,-0.8533392940433819,0.0,1.0,1.0,0.0,1.0,0.0,0.0
0.0,0,0,0,0.19942090790131678,1,1,0,0,1,0,1,1,1,1.1804247355293849,0.6921229851075749,1.0,0.0,0.0,0.0,0.0,1.0,0.0
0.0,0,0,1,0.07690172851461995,1,0,1,0,1,1,1,0,0,0.09900084191074088,0.03772783798248274,0.0,0.0,0.0,1.0,1.0,0.0,0.0
1.0,1,1,0,-1.0666106124278838,1,0,0,1,0,0,0,1,1,0.6513948369535977,-0.7718540325627927,1.0,0.0,0.0,0.0,0.0,1.0,0.0
1.0,0,1,1,1.261253795919356,1,1,1,0,1,1,0,1,0,0.36768795128203974,1.0773765835323146,0.0,0.0,0.0,1.0,0.0,0.0,1.0
1.0,0,1,0,1.0570551636081944,1,1,1,1,1,0,1,1,1,0.7148116702213574,1.1724723744960153,0.0,0.0,0.0,1.0,0.0,1.0,0.0
0.0,0,1,0,-0.9440914330411869,1,0,0,0,0,0,0,1,1,0.5028659379843702,-0.660679135690122,1.0,0.0,0.0,0.0,0.0,1.0,0.0
1.0,0,0,0,-0.9440914330411869,1,0,0,0,0,0,0,0,1,-0.6770209336026384,-0.8479128737919452,0.0,0.0,0.0,0.0,0.0,0.0,1.0
1.0,0,0,0,-1.229969518276813,1,0,0,1,0,0,0,0,0,0.34265499078160816,-0.9352693440691708,1.0,0.0,0.0,0.0,0.0,1.0,0.0
0.0,0,0,0,-0.82157225365449,1,0,0,0,0,0,0,0,0,-1.5147906783504155,-0.9010206260887922,0.0,1.0,1.0,0.0,0.0,0.0,1.0
0.0,0,0,1,-1.229969518276813,1,1,1,0,0,0,0,0,0,0.5295677625181638,-0.919101280451161,1.0,0.0,0.0,0.0,1.0,0.0,0.0
0.0,0,0,0,-0.82157225365449,1,0,0,0,0,0,0,0,0,-1.478075669616449,-0.8841853796529827,0.0,1.0,0.0,0.0,0.0,0.0,1.0
1.0,0,1,1,0.07690172851461995,1,1,0,1,0,0,1,1,1,1.1019881259613662,0.5139629333278258,1.0,0.0,0.0,0.0,0.0,0.0,0.0
0.0,0,0,0,-1.229969518276813,1,0,0,1,0,0,1,0,1,0.749857814921962,-0.9210361106227797,1.0,0.0,0.0,0.0,0.0,0.0,0.0
0.0,0,0,0,1.2204140694571237,1,1,1,1,1,0,0,0,1,0.913406490191448,1.5573479026573356,1.0,0.0,1.0,0.0,0.0,1.0,0.0
1.0,0,1,1,-1.1482900653523482,1,1,0,1,1,0,0,0,1,0.6714212053539428,-0.8373491458434519,1.0,0.0,0.0,0.0,0.0,0.0,0.0
0.0,0,0,1,-0.8624119801167224,0,0,0,0,0,0,0,0,0,-1.3178647224136868,-0.8599666433668578,0.0,0.0,0.0,0.0,0.0,1.0,0.0
0.0,1,0,0,-1.270809244739045,1,0,1,0,1,0,0,0,1,-0.2965199339960784,-0.9779468049810842,0.0,0.0,0.0,0.0,0.0,1.0,0.0
1.0,0,1,1,1.261253795919356,1,0,0,0,0,0,0,0,0,-1.506446358183605,-0.44873739390245415,0.0,1.0,0.0,1.0,0.0,0.0,1.0
0.0,0,0,0,-0.0047777244098446,0,0,1,0,0,0,0,0,0,-1.1526471831108385,-0.5901579118487059,0.0,0.0,1.0,0.0,0.0,0.0,1.0
1.0,0,0,0,1.3837729753060528,1,1,0,0,0,0,0,0,0,-1.3095204022468763,-0.2470035492271198,0.0,1.0,1.0,0.0,0.0,0.0,0.0
0.0,0,1,1,-0.04561745087207687,1,1,0,1,0,1,1,1,0,0.5295677625181638,0.09657336251240593,0.0,0.0,0.0,1.0,0.0,0.0,0.0
1.0,0,1,1,0.24026063436354905,1,0,0,0,0,0,0,0,0,-1.5047774941502425,-0.6837191823314677,0.0,1.0,0.0,0.0,0.0,1.0,0.0
1.0,0,0,0,-1.1482900653523482,1,0,0,0,0,1,0,0,1,-0.463406337332289,-0.9127852831093248,0.0,0.0,0.0,0.0,0.0,0.0,1.0
1.0,0,0,0,-1.0666106124278838,1,0,1,0,1,1,1,1,1,0.5195545783179912,-0.7833073376016856,0.0,0.0,0.0,1.0,0.0,0.0,1.0
1.0,0,0,0,-0.7398928007300255,1,0,0,0,0,0,0,0,0,-1.5047774941502425,-0.869151526825232,0.0,1.0,0.0,0.0,1.0,0.0,0.0
1.0,0,0,0,-1.270809244739045,1,0,0,0,0,0,0,1,0,0.5278988984848018,-0.9669605279146511,1.0,0.0,0.0,0.0,0.0,1.0,0.0
1.0,0,1,0,0.7303373519103363,0,0,1,0,0,1,1,0,1,-0.6753520695692762,-0.0293685140608956,0.0,0.0,1.0,0.0,0.0,0.0,0.0
0.0,0,0,0,-1.1891297918145805,1,1,0,0,0,0,0,0,0,0.3526681749817807,-0.8951271778648959,1.0,0.0,0.0,0.0,0.0,1.0,0.0
0.0,0,1,1,-1.270809244739045,1,0,0,0,0,0,0,0,1,-1.524803862550588,-0.994315023444434,0.0,1.0,0.0,0.0,0.0,0.0,1.0
0.0,1,1,0,0.1585811814390845,1,1,0,1,0,0,1,0,1,0.910068762124724,0.4655032213283161,1.0,0.0,0.0,0.0,1.0,0.0,0.0
1.0,1,1,0,0.11774145497685222,1,1,0,0,1,0,0,0,1,0.5646139072187679,0.2494249460702907,1.0,0.0,1.0,0.0,0.0,0.0,0.0
1.0,0,1,0,0.5261387195991749,1,0,1,0,1,0,0,0,0,-0.37996313566418366,0.018579691111634596,0.0,0.0,0.0,1.0,1.0,0.0,0.0
0.0,0,1,0,1.547131881154982,1,0,1,1,1,1,1,1,0,0.7264937184548924,1.6438147958441616,0.0,0.0,0.0,1.0,1.0,0.0,0.0
1.0,0,0,0,0.689497625448104,1,1,0,0,0,1,1,0,1,0.04893492090987771,0.42011255029068434,0.0,0.0,0.0,1.0,0.0,0.0,0.0
1.0,0,0,0,-0.49485444195663186,1,0,1,1,1,1,1,1,1,1.4524495729674083,-0.022585488746599828,1.0,0.0,0.0,0.0,0.0,0.0,0.0
1.0,0,0,0,-1.270809244739045,1,1,1,1,0,0,0,0,0,-0.11795148242633308,-0.9755671862642656,0.0,0.0,0.0,0.0,0.0,1.0,0.0
0.0,0,1,0,0.36277981375024587,1,0,0,1,1,1,0,0,1,0.7181493982880819,0.48240518604590554,1.0,0.0,1.0,0.0,0.0,0.0,0.0
1.0,0,0,1,-1.270809244739045,1,0,0,1,0,0,0,0,1,0.3560059030485047,-0.9692511889224297,1.0,0.0,0.0,0.0,0.0,1.0,0.0
1.0,0,0,0,-1.0257708859656514,0,0,0,0,0,0,0,0,1,-1.3462354109808425,-0.9356696537598507,0.0,0.0,1.0,0.0,1.0,0.0,0.0
1.0,0,1,0,-1.270809244739045,0,0,0,0,0,0,0,0,1,-1.3762749635813605,-0.9923357144182954,0.0,0.0,0.0,0.0,0.0,1.0,0.0
0.0,0,0,0,-0.7807325271922578,1,1,0,0,0,0,0,0,1,0.3443238548149702,-0.5582220943033659,1.0,0.0,0.0,0.0,0.0,0.0,1.0
1.0,0,1,0,-0.4131749890321673,1,0,1,0,0,0,1,0,1,-0.16467967536047198,-0.39147086870798986,0.0,0.0,1.0,0.0,0.0,0.0,0.0
1.0,0,0,0,-0.8624119801167224,1,0,0,1,0,0,1,0,1,-0.11461375435960881,-0.6780926072346911,0.0,0.0,1.0,0.0,0.0,1.0,0.0
1.0,0,1,1,1.5879716076172141,1,0,0,0,0,0,0,0,1,-1.5047774941502425,-0.38564413876587345,0.0,1.0,0.0,1.0,0.0,0.0,0.0
0.0,0,0,0,-0.7807325271922578,1,1,1,0,0,0,1,1,1,1.1904379197295574,-0.39836509115858554,1.0,0.0,0.0,0.0,0.0,1.0,0.0
1.0,0,0,0,-1.270809244739045,0,0,0,0,0,1,0,0,0,-1.1860244637780806,-0.9898004197106568,0.0,0.0,0.0,0.0,0.0,0.0,1.0
0.0,1,0,0,-0.7398928007300255,1,1,0,0,1,0,0,0,1,0.5228923063847153,-0.5321352461274022,1.0,0.0,0.0,0.0,0.0,0.0,0.0
1.0,1,0,0,-0.9440914330411869,1,1,1,0,0,0,0,0,0,-0.33824153483013103,-0.7830182250473058,0.0,0.0,0.0,0.0,0.0,1.0,0.0
0.0,0,0,0,0.24026063436354905,1,0,1,1,1,0,0,0,1,0.6413816527534252,0.4355022339545947,1.0,0.0,0.0,0.0,1.0,0.0,0.0
0.0,0,0,0,-1.270809244739045,1,1,0,0,0,0,0,1,1,-0.15132876309357518,-0.9760119748094654,0.0,0.0,0.0,0.0,0.0,1.0,0.0
1.0,0,0,0,-1.1482900653523482,1,1,0,0,0,0,0,0,0,-1.3161958583803248,-0.957442053047377,0.0,1.0,0.0,0.0,0.0,0.0,1.0
1.0,0,0,0,-0.20897635672100598,1,1,0,0,0,0,0,0,0,-0.5234854425333246,-0.42838831795956683,0.0,0.0,0.0,0.0,0.0,0.0,1.0
1.0,0,0,1,-0.37233526256993504,1,0,0,0,0,0,0,0,0,-1.4981020380167944,-0.7957391774400178,0.0,1.0,1.0,0.0,0.0,0.0,1.0
0.0,0,0,0,1.547131881154982,1,1,1,1,1,1,1,1,0,0.8366387446567913,1.829291619192446,0.0,0.0,0.0,1.0,1.0,0.0,0.0
1.0,0,1,1,1.3837729753060528,1,0,0,0,0,0,0,0,0,-1.4914265818833459,-0.39153758698976976,0.0,1.0,0.0,1.0,1.0,0.0,0.0
0.0,1,0,0,-1.0257708859656514,1,0,0,0,1,0,1,0,1,0.6564014290536837,-0.7316006692222178,1.0,0.0,0.0,0.0,0.0,1.0,0.0
1.0,0,0,0,-0.5765338948810964,1,0,0,0,0,0,0,0,0,-1.4880888538166215,-0.8240277289147202,0.0,1.0,1.0,0.0,0.0,0.0,1.0
0.0,0,1,1,-0.7398928007300255,1,0,0,0,0,0,0,0,0,-1.5314793186840365,-0.8891002930774397,0.0,1.0,0.0,1.0,0.0,0.0,1.0
1.0,0,1,1,1.6288113340794463,1,1,1,1,1,1,0,1,0,0.5445875388184228,1.5547681290951771,0.0,0.0,0.0,1.0,1.0,0.0,0.0
1.0,0,0,0,-1.229969518276813,1,1,0,0,0,0,0,0,0,-1.3295467706472215,-0.975189116000846,0.0,1.0,0.0,0.0,0.0,0.0,1.0
1.0,0,1,1,1.261253795919356,1,1,1,1,1,0,1,1,0,0.6280307404865281,1.4146597373572645,0.0,0.0,0.0,1.0,1.0,0.0,0.0
1.0,1,1,0,-0.37233526256993504,1,1,0,0,0,0,0,1,0,0.738175766688427,-0.12393055877035662,1.0,0.0,0.0,0.0,0.0,1.0,0.0
0.0,0,0,0,0.8528565312970331,1,1,1,1,1,0,0,0,0,0.8716848893573954,1.1861273828336467,1.0,0.0,0.0,0.0,0.0,1.0,0.0
1.0,0,1,0,1.424612701768285,1,0,1,1,0,0,0,1,1,0.8650094332239469,1.690940142208072,1.0,0.0,1.0,0.0,1.0,0.0,0.0
1.0,0,1,1,-0.33149553610770277,1,1,1,0,0,0,1,1,0,0.3376483986815217,-0.19271710728549368,0.0,0.0,1.0,0.0,0.0,0.0,1.0
1.0,0,1,0,-0.04561745087207687,1,1,1,1,0,1,0,0,1,0.8633405691905849,0.300353234495659,1.0,0.0,0.0,0.0,1.0,0.0,0.0
1.0,0,0,0,1.6288113340794463,0,0,1,1,1,1,1,1,1,0.02890855250953216,1.1355326858171784,0.0,0.0,0.0,1.0,0.0,0.0,0.0
1.0,0,0,0,-1.270809244739045,1,0,0,0,0,0,1,1,1,0.8299632885233428,-0.9629351915805935,1.0,0.0,0.0,0.0,0.0,1.0,0.0
0.0,0,0,0,0.40361954021247815,1,0,1,1,1,0,0,0,0,-0.16801740342719623,0.12546237852312805,0.0,0.0,0.0,0.0,0.0,0.0,0.0
1.0,0,1,0,-0.7398928007300255,0,0,0,0,0,0,1,1,0,-0.6119352363015161,-0.7057806941733739,0.0,0.0,0.0,0.0,0.0,1.0,0.0
0.0,0,1,1,0.11774145497685222,0,0,1,0,0,1,1,0,1,-0.6119352363015161,-0.2635052042540296,0.0,0.0,0.0,1.0,1.0,0.0,0.0
1.0,0,1,0,-0.7398928007300255,1,0,0,1,1,1,1,1,0,0.5762959554523029,-0.4771371425134564,0.0,0.0,0.0,1.0,0.0,0.0,1.0
0.0,0,1,0,0.9345359842214976,1,0,1,0,0,0,1,1,1,1.0035251479930019,1.3439828375250287,1.0,0.0,1.0,0.0,0.0,1.0,0.0
0.0,0,1,1,-0.08645717733430915,1,0,0,0,1,1,1,0,1,-0.00613759219107196,-0.11979402529999911,0.0,0.0,1.0,0.0,0.0,1.0,0.0
1.0,1,1,0,0.36277981375024587,1,1,1,0,1,0,0,0,1,0.6363750606533386,0.45327153633532374,1.0,0.0,0.0,0.0,0.0,0.0,0.0
0.0,1,0,0,-0.20897635672100598,1,1,1,1,1,0,1,1,1,1.529217318502065,0.26826174095949895,1.0,0.0,1.0,0.0,0.0,0.0,0.0
1.0,0,0,1,-1.270809244739045,1,1,0,0,0,0,0,0,1,-0.48843929783272055,-0.9805043391159826,0.0,0.0,0.0,0.0,0.0,1.0,0.0
0.0,0,1,1,1.1795743429948913,1,0,0,0,0,0,0,0,0,-1.4997709020501564,-0.41938134991927245,0.0,1.0,0.0,1.0,1.0,0.0,0.0
0.0,0,1,0,-1.229969518276813,1,0,0,1,1,0,0,0,0,0.5011970739510082,-0.9293758958452746,1.0,0.0,0.0,0.0,0.0,0.0,0.0
0.0,0,0,0,-0.6990530742677933,1,1,0,0,0,0,0,0,1,-1.3111892662802385,-0.8250285031414196,0.0,1.0,0.0,0.0,1.0,0.0,0.0
1.0,0,1,0,-0.7398928007300255,1,1,0,0,0,0,1,0,1,0.7148116702213574,-0.45320751878171134,1.0,0.0,0.0,0.0,0.0,1.0,0.0
1.0,0,1,0,0.6078181725236395,1,1,0,0,0,0,1,1,1,1.018544924293261,1.0268041259431062,1.0,0.0,1.0,0.0,1.0,0.0,0.0
0.0,1,0,0,-1.1482900653523482,1,0,0,0,0,0,0,0,0,-1.489757717849984,-0.9620900933447142,0.0,1.0,0.0,0.0,0.0,0.0,1.0
1.0,0,0,0,-0.5765338948810964,1,1,0,0,0,0,1,0,0,0.6547325650203217,-0.3187257021405751,1.0,0.0,0.0,0.0,0.0,0.0,0.0
1.0,0,1,0,0.689497625448104,1,0,0,1,0,0,1,0,1,0.6881098456875638,0.9089129220379195,1.0,0.0,0.0,0.0,1.0,0.0,0.0
0.0,1,0,0,-0.9440914330411869,1,1,0,0,1,0,1,0,1,0.8483207928903258,-0.6394627220840953,1.0,0.0,0.0,0.0,0.0,1.0,0.0
1.0,0,1,1,-0.37233526256993504,1,0,0,0,0,0,0,0,0,-1.461387029282828,-0.8008320062825547,0.0,1.0,0.0,1.0,0.0,0.0,1.0
1.0,0,1,1,0.4852989931369427,1,0,0,1,1,1,0,0,1,-0.0929185219259015,0.2978179397880206,0.0,0.0,0.0,0.0,0.0,0.0,1.0
0.0,0,0,0,1.1795743429948913,1,1,1,1,1,1,1,1,1,1.6827528095713786,2.107929403332812,1.0,0.0,1.0,0.0,0.0,0.0,1.0
0.0,0,0,1,-1.1482900653523482,1,1,0,1,1,0,0,0,0,0.6463882448535112,-0.8544067865518613,1.0,0.0,0.0,0.0,0.0,0.0,0.0
1.0,0,1,1,-0.08645717733430915,1,0,0,0,0,0,0,0,0,-1.4497049810492932,-0.6861210404755461,0.0,1.0,0.0,1.0,0.0,0.0,1.0
0.0,0,0,0,-1.270809244739045,1,0,0,0,0,0,0,0,1,-0.6469813810021205,-0.9826170847056812,0.0,0.0,0.0,0.0,0.0,0.0,1.0
1.0,0,0,0,0.24026063436354905,1,0,1,1,0,1,1,0,0,0.19746381987910472,0.20181033230666032,0.0,0.0,1.0,0.0,0.0,0.0,1.0
1.0,0,0,0,-0.9440914330411869,1,0,1,0,0,1,0,1,0,0.008882184109187083,-0.7591108407428206,0.0,0.0,0.0,0.0,0.0,0.0,1.0
1.0,0,0,0,-0.49485444195663186,1,0,0,0,0,0,1,0,0,0.4711575213504901,-0.27273456656692385,1.0,0.0,0.0,0.0,0.0,1.0,0.0
1.0,0,0,0,0.97537571068373,1,1,1,1,0,0,0,0,1,0.7248248544215304,1.1866611290878863,1.0,0.0,0.0,0.0,0.0,1.0,0.0
1.0,0,0,0,-0.33149553610770277,1,0,0,0,0,1,0,0,1,-0.4533931531321162,-0.4380624688176608,0.0,0.0,0.0,0.0,1.0,0.0,0.0
0.0,1,0,0,-1.270809244739045,1,0,0,0,0,0,0,0,1,0.16575540324522509,-0.971786483630068,1.0,0.0,0.0,0.0,0.0,1.0,0.0
0.0,0,1,1,1.424612701768285,1,1,1,1,0,1,1,0,0,0.3109465741477281,1.1626425476471014,0.0,0.0,0.0,1.0,1.0,0.0,0.0
1.0,0,1,1,-1.1482900653523482,1,0,0,0,0,0,0,0,0,-1.49476430995007,-0.96867296381367,0.0,1.0,0.0,1.0,0.0,0.0,1.0
1.0,0,1,1,-1.0666106124278838,1,0,0,0,0,0,0,0,1,-1.478075669616449,-0.9549067583397387,0.0,1.0,0.0,1.0,1.0,0.0,0.0
0.0,0,0,0,0.03606200205238767,1,1,1,0,0,1,0,0,0,-0.17636172359400676,-0.1341829347372102,0.0,0.0,1.0,0.0,0.0,1.0,0.0
0.0,0,0,0,-0.7398928007300255,1,0,0,1,0,0,0,0,0,-0.4417111048985814,-0.6790266631796106,0.0,0.0,1.0,0.0,1.0,0.0,0.0
1.0,1,1,0,0.8936962577592654,0,0,0,0,0,0,0,0,1,-1.3262090425804973,-0.39574083874190713,0.0,0.0,0.0,0.0,0.0,0.0,0.0
1.0,0,1,0,1.6288113340794463,1,1,1,1,1,1,1,1,1,0.9117376261580861,2.0138566260230704,0.0,0.0,0.0,1.0,1.0,0.0,0.0
0.0,0,1,1,0.8120168048348009,1,0,0,0,0,0,0,0,0,-1.4880888538166215,-0.5229503626690278,0.0,1.0,0.0,1.0,0.0,0.0,0.0
0.0,1,0,0,-0.5765338948810964,1,0,0,1,0,0,0,0,1,0.33431067061479763,-0.4269427551876677,1.0,0.0,0.0,0.0,0.0,1.0,0.0
1.0,0,1,1,0.5669784460614072,1,0,0,0,0,0,0,0,0,-1.4930954459167078,-0.6191803644229879,0.0,1.0,0.0,1.0,1.0,0.0,0.0
1.0,0,1,0,-0.7807325271922578,1,1,1,0,0,0,0,1,1,0.038921736709704696,-0.6014555408967789,0.0,0.0,0.0,0.0,0.0,1.0,0.0
1.0,0,1,1,1.3429332488438204,1,1,1,1,1,0,0,1,0,0.2592117891135029,1.0672131652745012,0.0,0.0,1.0,0.0,1.0,0.0,0.0
0.0,0,0,0,-1.270809244739045,1,0,0,0,0,0,0,0,1,-1.49476430995007,-0.9939147137537543,0.0,1.0,0.0,0.0,0.0,0.0,1.0
0.0,0,1,1,1.6288113340794463,1,1,1,1,1,1,1,1,1,1.7411630507390523,2.768017843836461,1.0,0.0,0.0,1.0,0.0,0.0,0.0
0.0,0,0,0,-1.270809244739045,1,0,0,0,0,0,0,0,1,0.15073562694496603,-0.971986638475408,1.0,0.0,0.0,0.0,0.0,1.0,0.0
0.0,0,0,0,-1.107450338890116,1,1,0,0,0,0,0,0,0,0.36435022321531524,-0.8237386163603404,1.0,0.0,0.0,0.0,0.0,1.0,0.0
0.0,0,1,0,-1.1482900653523482,1,1,0,1,0,0,1,0,1,0.9000555779245515,-0.84024027138725,1.0,0.0,0.0,0.0,0.0,1.0,0.0
1.0,0,0,0,-1.107450338890116,1,0,0,0,0,0,0,0,1,-1.5164595423837774,-0.9644919514887925,0.0,1.0,0.0,0.0,0.0,0.0,1.0
0.0,0,0,0,-0.04561745087207687,1,1,0,0,0,1,0,0,1,0.5062036660510942,0.06657237513868472,1.0,0.0,0.0,0.0,1.0,0.0,0.0
0.0,0,1,0,-1.229969518276813,0,0,0,0,0,0,0,1,1,-0.9874296438079899,-0.9721867933207479,0.0,0.0,0.0,0.0,0.0,1.0,0.0
0.0,1,0,0,-0.9849311595034191,1,0,0,0,1,0,1,1,1,0.91507535422481,-0.6780926072346911,1.0,0.0,0.0,0.0,0.0,1.0,0.0
1.0,0,0,1,-1.1891297918145805,1,0,0,0,0,0,1,0,1,-0.33323494273004456,-0.9273965868191358,0.0,0.0,0.0,0.0,1.0,0.0,0.0
1.0,0,1,0,0.03606200205238767,1,0,0,0,0,0,0,0,1,-0.6720143415025521,-0.35221827959411434,0.0,0.0,0.0,0.0,1.0,0.0,0.0
1.0,0,1,1,1.6288113340794463,1,1,0,0,0,0,0,1,1,0.6614080211537702,1.7241658465344916,1.0,0.0,0.0,1.0,1.0,0.0,0.0
1.0,0,0,0,-0.6990530742677933,1,1,0,0,0,0,0,0,1,-1.2794808496463583,-0.8343690625906138,0.0,1.0,0.0,0.0,0.0,1.0,0.0
0.0,0,1,1,0.03606200205238767,1,1,0,0,1,1,1,1,1,0.48283956958402513,0.12317171751534944,0.0,0.0,1.0,0.0,0.0,1.0,0.0
0.0,0,0,0,-0.9849311595034191,1,0,0,0,0,0,0,0,0,-1.4830822617165353,-0.9250836863840972,0.0,1.0,0.0,1.0,0.0,0.0,1.0
0.0,0,0,0,-0.2906558096454705,1,0,0,1,0,1,0,1,1,0.03725287267634269,-0.2556769258585144,0.0,0.0,0.0,0.0,0.0,0.0,0.0
0.0,0,0,0,0.8936962577592654,1,0,0,0,1,0,1,1,1,0.9818299155592943,1.248264342598048,1.0,0.0,1.0,0.0,1.0,0.0,0.0
1.0,0,0,0,-0.7807325271922578,1,1,1,0,0,0,1,1,0,1.1170079022616253,-0.4555648980712699,1.0,0.0,0.0,0.0,0.0,0.0,1.0
1.0,0,0,0,-0.6173736213433287,1,1,1,0,0,0,0,1,0,0.035584008642980676,-0.5085169743772968,0.0,0.0,0.0,0.0,0.0,0.0,0.0
0.0,0,0,0,-1.1891297918145805,1,0,0,0,0,0,0,0,0,-1.4930954459167078,-0.9769682701816449,0.0,1.0,0.0,0.0,0.0,0.0,1.0
0.0,0,1,0,1.3020935223815882,1,0,1,0,1,0,1,1,1,1.1453785908287808,1.8331168006811638,1.0,0.0,0.0,1.0,0.0,0.0,0.0
0.0,0,1,1,1.547131881154982,1,1,1,1,1,1,1,0,0,0.5011970739510082,1.551788045842339,0.0,0.0,0.0,1.0,0.0,0.0,0.0
1.0,0,0,0,0.03606200205238767,1,1,0,1,0,0,0,0,1,-0.3349038067634068,-0.2621041203366504,0.0,0.0,0.0,0.0,0.0,0.0,0.0
1.0,0,0,1,-1.270809244739045,1,0,0,0,0,0,0,0,1,-1.5181284064171394,-0.9942260657353942,0.0,1.0,0.0,0.0,0.0,0.0,1.0
1.0,0,1,1,0.9345359842214976,1,0,0,0,0,0,0,0,0,-1.513121814317053,-0.4898136160516485,0.0,1.0,0.0,1.0,0.0,0.0,0.0
1.0,0,0,0,-0.12729690379654143,0,0,1,0,0,1,0,0,0,-0.9707410034743689,-0.5256858122220062,0.0,0.0,1.0,0.0,0.0,0.0,1.0
0.0,1,0,0,1.3837729753060528,1,1,0,1,0,0,0,0,1,0.5262300344514398,1.320965030310943,1.0,0.0,0.0,0.0,1.0,0.0,0.0
0.0,0,0,0,-0.04561745087207687,1,0,0,0,0,0,0,0,0,-1.4597181652494657,-0.6988642322955182,0.0,1.0,1.0,0.0,0.0,0.0,1.0
1.0,0,0,0,-0.9440914330411869,1,1,0,0,0,0,0,0,1,0.37269454338212576,-0.6804499865242496,1.0,0.0,0.0,0.0,0.0,1.0,0.0
1.0,0,0,0,-1.270809244739045,1,0,0,0,0,0,0,0,1,-1.508115222216967,-0.9940926291718342,0.0,1.0,0.0,0.0,0.0,0.0,1.0
0.0,0,0,0,-1.270809244739045,1,0,0,0,0,0,0,0,0,-1.508115222216967,-0.9940926291718342,0.0,1.0,0.0,0.0,0.0,0.0,1.0
0.0,0,0,0,0.07690172851461995,1,0,0,1,1,1,1,1,1,1.3489800028989576,0.6139513982887236,1.0,0.0,0.0,0.0,0.0,1.0,0.0
1.0,0,0,0,-1.1482900653523482,1,0,0,0,0,0,0,0,1,-1.496433173983432,-0.9747443274556462,0.0,1.0,0.0,0.0,0.0,1.0,0.0
1.0,0,0,0,-0.6990530742677933,1,0,0,0,0,0,0,0,1,-1.4981020380167944,-0.8651484299184345,0.0,1.0,0.0,0.0,0.0,0.0,1.0
0.0,0,0,0,-1.0257708859656514,1,0,0,0,1,0,0,0,1,0.3493304469150567,-0.7692520195733743,1.0,0.0,0.0,0.0,0.0,1.0,0.0
1.0,0,0,0,-1.270809244739045,1,0,0,0,0,0,0,0,0,-1.4764068055830868,-0.9936700800538946,0.0,1.0,0.0,1.0,0.0,0.0,1.0
0.0,0,1,1,-0.8624119801167224,1,0,1,0,0,0,0,0,0,-0.4567308811988404,-0.7440325090605501,0.0,0.0,0.0,0.0,0.0,0.0,0.0
1.0,0,1,1,-0.4540147154943996,1,1,1,0,0,0,1,1,1,0.3743634074154883,-0.3134549578799584,0.0,0.0,1.0,0.0,0.0,0.0,0.0
0.0,0,0,0,0.24026063436354905,1,1,1,1,1,0,0,0,1,0.04893492090987771,0.11916862060855193,0.0,0.0,0.0,0.0,0.0,0.0,0.0
0.0,0,1,1,0.8120168048348009,1,0,0,0,1,0,0,0,1,-0.45839974523220245,0.15842120972242746,0.0,0.0,1.0,0.0,0.0,0.0,0.0
1.0,1,1,0,-1.1891297918145805,1,1,0,0,0,0,1,1,1,0.9985185558929154,-0.8784253679926463,1.0,0.0,0.0,0.0,0.0,1.0,0.0
0.0,0,0,0,-1.270809244739045,1,0,0,0,0,0,0,0,0,-1.4981020380167944,-0.9939591926082741,0.0,1.0,0.0,0.0,1.0,0.0,0.0
1.0,0,0,1,-0.20897635672100598,1,0,0,0,0,0,0,0,0,-1.5014397660835184,-0.77623519973301,0.0,1.0,0.0,1.0,1.0,0.0,0.0
1.0,0,1,0,1.0978948900704268,1,1,1,1,1,1,1,0,1,1.404052515999907,1.7784522884761176,1.0,0.0,0.0,0.0,0.0,1.0,0.0
1.0,0,1,1,0.36277981375024587,1,1,0,1,1,0,1,0,0,0.12737153047789648,0.26041122313672377,0.0,0.0,1.0,0.0,0.0,0.0,0.0
0.0,0,0,0,-0.33149553610770277,1,1,0,0,0,0,0,0,0,-1.337891090814032,-0.7335577388210965,0.0,1.0,1.0,0.0,0.0,0.0,0.0
1.0,0,1,0,1.5062921546927495,1,1,0,0,1,0,1,1,0,1.1620672311624018,2.040232586753415,1.0,0.0,1.0,0.0,0.0,0.0,0.0
1.0,0,1,1,0.689497625448104,1,1,0,0,0,1,1,1,1,1.1103324461281767,1.1846595806344875,1.0,0.0,1.0,0.0,0.0,1.0,0.0
0.0,0,1,1,-0.24981608318323825,1,0,0,0,0,0,1,1,1,0.8716848893573954,0.0477355802494765,1.0,0.0,0.0,0.0,0.0,1.0,0.0
0.0,0,1,1,0.8936962577592654,1,1,0,1,1,1,1,1,1,0.7181493982880819,1.009479612107577,0.0,0.0,0.0,0.0,0.0,1.0,0.0
0.0,0,0,0,-0.9032517065789546,0,0,0,0,0,1,0,0,1,-1.1710046874778215,-0.8697519913612517,0.0,0.0,0.0,1.0,0.0,0.0,1.0
1.0,1,0,0,-0.9849311595034191,1,1,0,0,1,0,1,1,1,1.198782239896368,-0.638306271866576,1.0,0.0,0.0,0.0,0.0,1.0,0.0
1.0,0,0,1,-0.9849311595034191,0,0,0,0,0,0,0,0,0,-1.3078515382135143,-0.9070475108762485,0.0,0.0,0.0,0.0,0.0,0.0,1.0
1.0,0,0,1,-1.270809244739045,1,0,0,0,0,0,1,1,1,0.8733537533907574,-0.962356966471834,1.0,0.0,0.0,0.0,0.0,1.0,0.0
1.0,0,1,1,1.261253795919356,1,0,0,0,0,0,0,0,1,-1.5197972704505016,-0.4792276486758951,0.0,1.0,0.0,1.0,0.0,0.0,1.0
1.0,0,0,0,-1.270809244739045,1,0,0,0,0,0,1,0,1,0.49452161781755966,-0.9674053164598508,1.0,0.0,0.0,0.0,0.0,1.0,0.0
1.0,0,1,0,-0.12729690379654143,1,0,0,0,1,0,0,0,1,0.35433703901514274,0.003968387401823743,1.0,0.0,0.0,0.0,1.0,0.0,0.0
1.0,0,1,1,-0.8624119801167224,1,1,1,0,0,0,1,0,1,0.0155576402426356,-0.6810282116330094,0.0,0.0,0.0,0.0,0.0,0.0,0.0
0.0,0,1,1,1.138734616532659,1,1,1,1,1,1,1,1,0,1.687759401671465,2.0033151375018377,1.0,0.0,0.0,1.0,1.0,0.0,0.0
1.0,0,1,1,1.6288113340794463,1,1,0,0,0,0,0,0,0,-1.3328844987139459,-0.21566819621779942,0.0,1.0,0.0,1.0,0.0,0.0,0.0
1.0,0,0,0,-1.229969518276813,1,0,0,0,1,1,0,0,1,0.5062036660510942,-0.9349579920875312,1.0,0.0,0.0,0.0,0.0,1.0,0.0
0.0,0,1,0,1.3020935223815882,1,1,0,0,0,0,0,0,0,-1.3245401785471353,-0.2978651193707082,0.0,1.0,0.0,1.0,1.0,0.0,0.0
1.0,0,0,0,-0.9440914330411869,0,0,0,0,0,0,0,0,1,-1.3262090425804973,-0.9181449850789816,0.0,0.0,0.0,0.0,0.0,1.0,0.0
1.0,1,0,0,-0.82157225365449,0,0,0,0,1,1,0,1,1,-0.70205389410307,-0.7683846819102349,0.0,0.0,0.0,0.0,0.0,1.0,0.0
0.0,1,0,0,0.3219400872880136,1,0,0,0,0,0,1,1,1,0.896717849857827,0.6312091938424726,1.0,0.0,0.0,0.0,0.0,1.0,0.0
1.0,0,0,0,-1.0666106124278838,1,0,1,1,0,0,0,0,1,0.47616411345057663,-0.782617915356626,1.0,0.0,0.0,0.0,0.0,1.0,0.0
0.0,1,1,0,-0.20897635672100598,1,0,1,0,1,0,1,1,1,1.2204774723300755,0.22238180252214748,1.0,0.0,0.0,0.0,0.0,1.0,0.0
0.0,0,1,1,-0.9440914330411869,1,0,1,0,0,0,0,0,0,-0.5368363548002214,-0.8149318031653859,0.0,0.0,1.0,0.0,0.0,0.0,1.0
1.0,0,1,1,1.2204140694571237,1,1,1,1,0,0,1,0,1,1.0102006041264504,1.5733825297117856,1.0,0.0,1.0,0.0,1.0,0.0,0.0
1.0,1,0,0,-1.270809244739045,1,0,0,0,0,0,0,0,0,-0.6503191090688446,-0.9826615635602014,0.0,0.0,0.0,0.0,0.0,1.0,0.0
0.0,1,0,0,-1.229969518276813,1,0,0,0,0,0,0,1,1,0.4978593458842837,-0.9160100000620228,1.0,0.0,0.0,0.0,0.0,1.0,0.0
1.0,0,1,1,1.3837729753060528,0,0,0,0,0,1,1,1,0,-0.4717506574990995,0.4937472939484985,0.0,0.0,0.0,1.0,0.0,0.0,0.0
0.0,0,0,0,-0.5356941684188642,1,0,0,0,0,0,0,0,0,-1.4830822617165353,-0.8321228804373552,0.0,1.0,1.0,0.0,1.0,0.0,0.0
0.0,0,0,0,-0.24981608318323825,1,0,1,0,1,1,0,1,1,1.040240156726968,0.0982413195569049,1.0,0.0,1.0,0.0,0.0,0.0,0.0
1.0,1,0,0,-0.49485444195663186,1,0,0,0,0,0,0,0,0,0.2208279163461743,-0.38486575881177393,1.0,0.0,0.0,0.0,1.0,0.0,0.0
0.0,0,1,1,1.6288113340794463,1,1,0,0,0,0,0,0,0,-1.321202450480411,-0.1764156071039239,0.0,1.0,0.0,1.0,0.0,0.0,0.0
1.0,0,1,0,-1.1891297918145805,1,0,0,0,1,1,0,0,1,-0.2965199339960784,-0.9340239361426116,0.0,0.0,0.0,0.0,0.0,0.0,1.0
1.0,1,1,0,-1.0257708859656514,1,1,1,1,0,0,0,1,1,1.0018562839596399,-0.7033788360292954,1.0,0.0,0.0,0.0,1.0,0.0,0.0
0.0,1,1,0,1.547131881154982,1,1,1,1,1,1,1,1,1,0.9184130822915345,1.8769951906651163,0.0,0.0,0.0,1.0,0.0,0.0,0.0
0.0,0,1,0,0.8120168048348009,0,0,1,0,1,0,0,0,0,-0.9757475955744551,-0.13144748518423188,0.0,0.0,1.0,0.0,0.0,0.0,1.0
0.0,1,0,0,1.3837729753060528,1,1,0,1,1,0,1,1,0,1.449111844900684,2.2168803574794844,1.0,0.0,1.0,0.0,0.0,0.0,0.0
1.0,0,1,0,-1.229969518276813,1,0,0,0,0,0,0,0,0,-1.4914265818833459,-0.9858640410856393,0.0,1.0,0.0,0.0,0.0,0.0,1.0
1.0,0,0,0,0.19942090790131678,0,0,1,1,0,1,0,0,1,-0.8055234641715205,-0.38413185771219444,0.0,0.0,0.0,1.0,0.0,0.0,1.0
0.0,0,1,1,-0.33149553610770277,0,0,1,1,1,0,1,1,0,-0.23644082879504247,-0.394406473106308,0.0,0.0,1.0,0.0,0.0,1.0,0.0
1.0,0,0,1,-1.1482900653523482,1,0,1,0,0,0,0,0,0,-0.5118033942997898,-0.9050682018501096,0.0,0.0,0.0,0.0,0.0,1.0,0.0
1.0,0,0,0,-1.229969518276813,1,1,0,0,0,0,1,0,1,0.6997918939210989,-0.9220368848494791,1.0,0.0,0.0,0.0,0.0,1.0,0.0
0.0,0,1,0,1.1795743429948913,1,1,0,0,0,0,0,0,0,-1.3145269943469626,-0.31116429687217984,0.0,1.0,0.0,1.0,0.0,0.0,0.0
0.0,0,0,0,-1.1891297918145805,1,1,0,0,0,0,0,0,1,0.36101249514859124,-0.90464565273217,1.0,0.0,0.0,0.0,0.0,1.0,0.0
0.0,0,0,0,0.8528565312970331,1,0,1,1,1,1,0,1,0,1.1620672311624018,1.4098782604963673,1.0,0.0,0.0,1.0,0.0,0.0,1.0
0.0,0,0,0,-0.08645717733430915,1,0,1,1,0,0,0,0,1,-0.31320857432969945,-0.3219726585205332,0.0,0.0,0.0,0.0,0.0,0.0,0.0
0.0,0,1,1,-0.37233526256993504,1,0,0,0,1,0,0,0,1,0.35433703901514274,-0.24533559218262085,1.0,0.0,0.0,0.0,1.0,0.0,0.0
0.0,0,0,0,0.5261387195991749,1,1,1,1,1,1,1,1,1,1.701110313938362,1.27699768261795,1.0,0.0,0.0,0.0,0.0,1.0,0.0
0.0,0,0,1,-0.7398928007300255,1,1,1,0,0,1,0,0,1,0.7114739421546333,-0.4850098997634915,1.0,0.0,0.0,0.0,0.0,0.0,1.0
0.0,0,1,1,-1.0257708859656514,1,0,0,0,0,0,0,0,0,-1.4764068055830868,-0.9357141326143705,0.0,1.0,0.0,0.0,0.0,0.0,1.0
1.0,0,0,0,-1.107450338890116,1,0,0,0,0,0,0,0,0,-1.4830822617165353,-0.9539282235402992,0.0,1.0,0.0,0.0,0.0,0.0,1.0
1.0,0,1,0,-0.12729690379654143,1,1,0,1,1,0,0,0,1,0.7047984860211849,0.08262924162039467,1.0,0.0,0.0,0.0,0.0,1.0,0.0
0.0,0,0,0,-0.20897635672100598,1,0,1,1,0,0,0,0,0,-0.39498291196444246,-0.33618365253966426,0.0,0.0,0.0,1.0,0.0,0.0,0.0
1.0,1,1,1,0.5669784460614072,1,1,1,1,1,0,1,0,1,1.2021199679630925,1.017107735657752,1.0,0.0,0.0,0.0,0.0,1.0,0.0
0.0,0,1,0,1.0162154371459622,1,0,0,0,0,0,0,0,0,-1.49476430995007,-0.5065599047784182,0.0,1.0,0.0,1.0,0.0,0.0,0.0
0.0,0,1,1,0.6486578989858718,0,0,1,0,1,0,0,1,0,-0.656994565202293,-0.025876923981077615,0.0,0.0,1.0,0.0,1.0,0.0,0.0
0.0,1,0,0,-0.6173736213433287,1,0,0,0,0,0,0,0,0,-1.4697313494496385,-0.8557189127602005,0.0,1.0,1.0,0.0,0.0,0.0,1.0
0.0,0,0,0,1.3429332488438204,0,0,1,0,1,1,1,1,0,-0.15800421922702346,0.7412943587794041,0.0,0.0,0.0,1.0,1.0,0.0,0.0
0.0,0,0,0,-1.0666106124278838,0,0,1,0,0,0,0,0,0,-1.1760112795779079,-0.9309548951807336,0.0,0.0,0.0,0.0,0.0,0.0,0.0
1.0,0,0,0,-0.7807325271922578,1,0,0,0,0,0,0,0,0,-1.4930954459167078,-0.8943932767653163,0.0,1.0,0.0,1.0,0.0,0.0,1.0
0.0,0,1,1,1.424612701768285,1,1,1,0,1,1,1,1,1,1.4708070773343913,2.1802297813550275,1.0,0.0,0.0,1.0,1.0,0.0,0.0
1.0,0,1,1,-0.37233526256993504,1,0,0,1,1,1,0,0,0,0.738175766688427,-0.13952039727960688,1.0,0.0,1.0,0.0,0.0,0.0,1.0
1.0,0,0,0,-1.270809244739045,1,0,0,0,0,0,0,0,0,-1.4663936213829143,-0.9935366434903345,0.0,1.0,0.0,0.0,1.0,0.0,0.0
1.0,0,0,0,1.2204140694571237,1,1,0,0,0,0,0,0,0,-1.3779438276147227,-0.3668740621584451,0.0,1.0,0.0,1.0,0.0,0.0,0.0
0.0,1,0,0,0.5261387195991749,1,1,1,1,0,1,1,0,1,1.0802928935276586,0.9476540043248156,1.0,0.0,0.0,0.0,0.0,1.0,0.0
0.0,0,1,1,-0.4540147154943996,1,0,0,1,0,0,1,0,1,-0.19471922796098984,-0.4621477685402257,0.0,0.0,1.0,0.0,1.0,0.0,0.0
0.0,0,0,0,-1.270809244739045,1,1,0,0,0,0,0,0,1,-0.49177702589944455,-0.9805488179705028,0.0,0.0,0.0,0.0,0.0,0.0,0.0
0.0,1,1,0,0.24026063436354905,1,1,0,0,0,0,0,0,1,0.34265499078160816,0.2737104006381955,1.0,0.0,0.0,0.0,0.0,0.0,0.0
1.0,0,0,0,0.1585811814390845,1,1,0,0,0,0,0,1,1,0.6747589334206673,0.36148942003336076,1.0,0.0,0.0,0.0,0.0,1.0,0.0
1.0,0,1,1,1.6288113340794463,1,1,1,1,1,1,1,1,0,1.6643953052043956,2.691669890052928,1.0,0.0,0.0,1.0,0.0,0.0,0.0
0.0,1,0,0,-0.9440914330411869,1,0,0,0,0,0,1,0,1,0.5395809467183363,-0.6684406958038571,1.0,0.0,0.0,0.0,0.0,1.0,0.0
1.0,1,1,0,1.5062921546927495,0,0,1,1,0,0,1,1,0,-0.2714869734956468,0.7553274373804554,0.0,0.0,0.0,1.0,1.0,0.0,0.0
0.0,0,0,0,-0.9849311595034191,1,1,0,0,0,0,1,1,0,1.03356470059352,-0.6566760387833246,1.0,0.0,0.0,0.0,0.0,0.0,0.0
0.0,1,1,0,1.6288113340794463,1,1,1,1,1,0,1,1,1,0.6480571088868732,1.7236321002802517,0.0,0.0,0.0,1.0,1.0,0.0,0.0
1.0,0,1,1,1.547131881154982,1,1,1,1,1,1,1,1,1,0.8499896569236883,1.771402390034702,0.0,0.0,0.0,1.0,1.0,0.0,0.0
0.0,1,1,0,0.24026063436354905,1,0,1,0,0,0,0,1,1,0.6263618764531661,0.39705026422207873,1.0,0.0,0.0,0.0,0.0,1.0,0.0
0.0,1,1,0,0.8936962577592654,1,1,1,1,1,1,1,1,1,1.6994414499049997,1.8576913678034486,1.0,0.0,1.0,0.0,0.0,0.0,0.0
0.0,1,0,0,-0.33149553610770277,1,0,0,0,0,0,0,0,1,-1.4814133976831734,-0.7981855144386163,0.0,1.0,0.0,0.0,0.0,0.0,1.0
0.0,0,1,0,-1.1891297918145805,1,0,0,0,0,0,0,0,1,-1.49476430995007,-0.9824169298603415,0.0,1.0,0.0,0.0,0.0,0.0,1.0
1.0,0,1,0,1.6288113340794463,1,1,1,1,1,1,1,1,1,1.6977725858716377,2.744710924067995,1.0,0.0,0.0,1.0,0.0,1.0,0.0
1.0,0,1,1,1.6288113340794463,1,1,0,1,1,0,1,1,1,1.3272847704652504,2.314911752841503,1.0,0.0,1.0,0.0,1.0,0.0,0.0
0.0,0,1,0,-1.229969518276813,1,0,0,0,0,0,0,0,0,-1.4880888538166215,-0.9835733800778607,0.0,1.0,0.0,0.0,0.0,0.0,0.0
0.0,1,1,0,1.4654524282305172,1,1,0,1,0,0,1,1,1,1.1854313276294715,2.044769429914451,1.0,0.0,0.0,0.0,0.0,1.0,0.0
1.0,0,0,0,-1.270809244739045,1,1,0,0,0,0,0,0,1,-1.3562485951810153,-0.9920688412911753,0.0,1.0,0.0,0.0,0.0,0.0,1.0
1.0,0,1,1,0.4444592666747104,1,1,1,0,1,1,0,0,1,0.8867046656576545,0.7825262569194185,1.0,0.0,1.0,0.0,1.0,0.0,0.0
1.0,0,1,0,1.6288113340794463,1,1,0,1,1,1,1,1,1,0.6831032535874778,1.8066074033872601,0.0,0.0,0.0,1.0,0.0,0.0,0.0
1.0,0,1,0,0.40361954021247815,0,0,1,0,0,0,1,0,1,-0.8188743764384173,-0.2795175918812196,0.0,0.0,0.0,0.0,0.0,0.0,0.0
1.0,0,0,0,-1.270809244739045,0,0,0,0,0,0,0,0,1,-1.3445665469474806,-0.9919131653003556,0.0,0.0,0.0,0.0,0.0,1.0,0.0
1.0,0,1,1,1.2204140694571237,1,1,0,0,1,0,1,0,1,0.8149435122230837,1.4042739248268508,1.0,0.0,0.0,1.0,1.0,0.0,0.0
1.0,0,1,0,0.7303373519103363,1,0,0,0,0,0,0,0,0,-1.4981020380167944,-0.5521062518068697,0.0,1.0,0.0,1.0,0.0,1.0,0.0
1.0,0,1,0,1.3837729753060528,1,0,1,1,1,1,1,1,1,0.7081362140879094,1.48595934115278,0.0,0.0,0.0,1.0,0.0,0.0,0.0
1.0,1,1,0,0.5669784460614072,1,0,0,0,0,0,0,1,1,0.5245611704180778,0.6007856573508116,1.0,0.0,0.0,0.0,0.0,1.0,0.0
0.0,0,1,1,1.6288113340794463,1,1,0,0,0,0,0,0,0,-1.3278779066138595,-0.1758151425679042,0.0,1.0,0.0,1.0,0.0,0.0,1.0
0.0,0,1,0,1.5062921546927495,1,1,0,0,1,1,1,1,0,1.3573243230657681,2.2177921739971436,1.0,0.0,0.0,1.0,0.0,0.0,0.0
0.0,0,0,0,-1.270809244739045,1,0,0,0,0,0,0,0,0,-1.4997709020501564,-0.9939814320355342,0.0,1.0,0.0,0.0,0.0,1.0,0.0
1.0,0,0,0,-1.107450338890116,1,0,1,0,1,0,0,0,1,-0.2965199339960784,-0.8807382684276849,0.0,0.0,0.0,0.0,0.0,0.0,1.0
1.0,0,0,0,-1.229969518276813,1,0,0,0,0,0,1,0,1,0.5095413941178187,-0.9251726440931373,1.0,0.0,0.0,0.0,0.0,1.0,0.0
1.0,1,1,1,1.4654524282305172,1,1,0,0,1,1,1,1,1,1.4174034282668042,2.2796845000616854,1.0,0.0,1.0,0.0,1.0,0.0,0.0
1.0,0,0,0,-0.8624119801167224,1,0,0,0,0,1,0,0,1,0.30593998204764156,-0.5907806158119856,1.0,0.0,0.0,0.0,0.0,1.0,0.0
1.0,0,0,0,0.07690172851461995,0,0,0,0,0,0,0,0,1,-1.3228713145137732,-0.6234948133114252,0.0,0.0,0.0,0.0,0.0,0.0,0.0
0.0,0,0,0,-1.270809244739045,1,0,0,0,0,0,0,0,1,0.18578177164557017,-0.9715196105029482,1.0,0.0,0.0,0.0,0.0,1.0,0.0
0.0,0,0,0,1.6288113340794463,1,1,1,0,0,1,0,0,1,0.6680834772872187,1.7483178645388362,1.0,0.0,0.0,1.0,0.0,0.0,0.0
0.0,0,1,1,-0.9849311595034191,1,0,0,0,0,0,0,0,1,-1.496433173983432,-0.9375600050769495,0.0,1.0,0.0,1.0,0.0,0.0,1.0
1.0,1,1,0,-1.0257708859656514,1,1,0,0,1,0,1,1,1,1.2438415687971451,-0.6910359539000032,1.0,0.0,0.0,0.0,0.0,1.0,0.0
1.0,0,1,1,-0.9849311595034191,1,0,0,0,0,0,0,0,0,-1.5047774941502425,-0.9471674376532634,0.0,1.0,0.0,1.0,1.0,0.0,0.0
1.0,0,0,0,-1.270809244739045,1,0,0,0,0,0,0,0,0,-1.489757717849984,-0.9938479954719742,0.0,1.0,0.0,0.0,0.0,0.0,1.0
1.0,0,0,0,-1.270809244739045,0,0,0,0,0,0,0,0,0,-1.3445665469474806,-0.9919131653003556,0.0,0.0,0.0,0.0,0.0,0.0,1.0
0.0,0,1,0,0.7303373519103363,1,1,1,0,1,0,1,1,1,1.3256159064318884,1.3247679723724002,1.0,0.0,1.0,0.0,0.0,0.0,1.0
1.0,0,0,0,-0.6173736213433287,1,1,0,0,1,1,0,0,0,0.736506902655065,-0.3755029599353198,1.0,0.0,1.0,0.0,0.0,1.0,0.0
1.0,0,1,1,-0.2906558096454705,1,1,0,0,0,1,0,0,1,-0.31988403046314773,-0.3506615196859153,0.0,0.0,1.0,0.0,0.0,0.0,1.0
1.0,0,0,0,1.5879716076172141,1,1,1,1,1,1,0,1,0,0.5312366265515258,1.5361759679058287,0.0,0.0,0.0,1.0,0.0,0.0,0.0
0.0,0,0,0,0.40361954021247815,0,0,1,1,1,1,0,1,1,-0.33156607869668253,0.041797653171060045,0.0,0.0,1.0,0.0,0.0,1.0,0.0
0.0,0,0,0,0.1585811814390845,1,0,1,1,1,1,1,0,1,0.3893831837157468,0.1565086189780686,0.0,0.0,1.0,0.0,0.0,0.0,1.0
1.0,0,0,0,-0.9032517065789546,1,0,0,0,0,0,0,0,1,0.17743745147875964,-0.673622482355434,1.0,0.0,0.0,0.0,0.0,1.0,0.0
0.0,0,0,1,-1.270809244739045,1,0,0,0,0,0,1,1,1,0.8232878323898942,-0.9630241492896336,1.0,0.0,0.0,0.0,0.0,1.0,0.0
0.0,1,1,0,-0.08645717733430915,1,1,0,1,0,0,1,0,1,0.8466519288569638,0.16578246014548276,1.0,0.0,0.0,0.0,0.0,1.0,0.0
0.0,1,0,0,0.3219400872880136,1,0,1,1,0,0,0,0,1,0.48450843361738716,0.4356134310908946,1.0,0.0,0.0,0.0,1.0,0.0,0.0
0.0,0,1,1,0.7711770783725685,1,1,0,0,1,0,0,1,1,0.8499896569236883,1.0231790992997285,1.0,0.0,1.0,0.0,0.0,1.0,0.0
1.0,0,0,0,1.5879716076172141,1,1,1,0,1,1,1,1,1,1.4474429808673217,2.347448034922863,1.0,0.0,0.0,1.0,0.0,1.0,0.0
0.0,0,0,1,1.424612701768285,1,1,0,1,0,1,1,1,1,1.3122649941649913,2.12812280328488,1.0,0.0,0.0,1.0,0.0,1.0,0.0
1.0,1,1,0,1.6288113340794463,1,1,0,1,1,1,1,1,0,1.5025154939682714,2.5103740790295217,1.0,0.0,0.0,1.0,1.0,0.0,0.0
1.0,0,1,1,-1.107450338890116,1,1,1,0,1,0,0,0,1,0.6614080211537702,-0.8009432034188546,1.0,0.0,0.0,0.0,0.0,1.0,0.0
1.0,0,1,1,1.6288113340794463,1,1,1,1,1,1,1,1,1,1.5993096079032734,2.6118748250440977,1.0,0.0,0.0,1.0,1.0,0.0,0.0
1.0,0,1,0,1.1795743429948913,1,1,0,1,1,1,1,1,1,1.6493755289041365,2.1695326168429734,1.0,0.0,0.0,0.0,0.0,1.0,0.0
1.0,1,1,0,-0.33149553610770277,1,1,1,0,0,0,0,0,1,0.47282638538385213,-0.21448950657302013,1.0,0.0,0.0,0.0,0.0,1.0,0.0
1.0,0,0,0,-1.229969518276813,1,0,0,1,0,0,0,0,1,-0.48009497766591,-0.9615118682359545,0.0,0.0,0.0,0.0,0.0,0.0,1.0
0.0,0,0,0,-1.270809244739045,1,0,0,1,0,0,0,0,1,0.33431067061479763,-0.9695403014768096,1.0,0.0,0.0,0.0,0.0,1.0,0.0
1.0,0,1,1,-0.9032517065789546,1,0,0,0,0,0,0,0,0,-1.4764068055830868,-0.8949492624468159,0.0,1.0,1.0,0.0,0.0,0.0,1.0
1.0,0,0,0,-0.82157225365449,1,0,1,0,0,1,0,0,0,-0.26814924542892254,-0.7114962269791903,0.0,0.0,0.0,0.0,0.0,0.0,1.0
0.0,0,0,1,-0.82157225365449,1,1,0,1,1,0,1,1,1,1.355655459032406,-0.4353714981192024,1.0,0.0,0.0,0.0,0.0,1.0,0.0
1.0,1,1,0,1.6288113340794463,1,1,0,1,1,0,1,1,1,1.317271586265078,2.417635667355379,1.0,0.0,0.0,1.0,0.0,0.0,0.0
0.0,0,0,0,0.6486578989858718,1,1,0,0,1,1,1,1,1,1.3072584020649047,1.19718037818186,1.0,0.0,0.0,0.0,0.0,1.0,0.0
1.0,0,0,1,1.261253795919356,0,0,1,1,0,1,0,0,1,-0.8038546001381583,0.14876929829159335,0.0,0.0,1.0,0.0,0.0,0.0,0.0
1.0,0,1,0,-0.7398928007300255,1,0,0,0,0,0,0,0,0,-0.6703454774691899,-0.7175453511939066,0.0,0.0,1.0,0.0,0.0,1.0,0.0
0.0,0,0,0,0.3219400872880136,1,0,1,1,0,0,1,0,0,0.013888776209273115,0.14745717208325426,0.0,0.0,0.0,0.0,0.0,0.0,1.0
1.0,1,0,0,-0.20897635672100598,1,1,0,1,0,0,0,0,1,0.5596073151186819,-0.058902473462157025,1.0,0.0,0.0,0.0,0.0,1.0,0.0
1.0,0,0,0,-0.6173736213433287,1,0,0,0,0,0,0,0,0,-1.5197972704505016,-0.850003379954384,0.0,1.0,0.0,1.0,0.0,0.0,1.0
0.0,0,0,0,-0.37233526256993504,1,0,0,0,0,0,0,0,1,-1.5031086301168806,-0.7901126023432413,0.0,1.0,1.0,0.0,1.0,0.0,0.0
1.0,0,1,1,-1.0257708859656514,0,0,1,1,1,0,1,1,0,-0.19471922796098984,-0.7956279803037178,0.0,0.0,0.0,0.0,0.0,0.0,1.0
0.0,0,0,0,0.4444592666747104,1,1,0,1,1,1,1,1,0,0.6814343895541153,0.6261608438544559,0.0,0.0,1.0,0.0,1.0,0.0,0.0
0.0,0,1,0,1.6288113340794463,1,1,1,1,0,1,0,0,0,0.0022067279757385667,1.1343317567451392,0.0,0.0,0.0,1.0,0.0,0.0,0.0
0.0,0,0,1,-0.6173736213433287,1,1,0,1,1,1,0,0,1,0.9351017226251556,-0.31029695920904043,1.0,0.0,0.0,0.0,1.0,0.0,0.0
0.0,0,0,0,1.4654524282305172,1,1,0,1,1,0,1,1,1,0.5329054905848883,1.3680458978203334,0.0,0.0,0.0,1.0,0.0,1.0,0.0
1.0,0,1,1,-0.4131749890321673,1,0,0,0,0,0,0,0,0,-1.4864199897832595,-0.8159992956738652,0.0,1.0,1.0,0.0,0.0,0.0,1.0
1.0,0,1,1,1.1795743429948913,1,1,0,0,1,0,1,1,1,1.175418143429299,1.773314980779061,1.0,0.0,1.0,0.0,0.0,1.0,0.0
0.0,1,0,0,-1.270809244739045,1,0,0,0,0,0,0,0,1,-1.509784086250329,-0.9941148685990943,0.0,1.0,0.0,0.0,0.0,1.0,0.0
1.0,0,1,1,-0.4131749890321673,1,0,0,0,0,0,0,0,0,-1.4830822617165353,-0.7855979986094641,0.0,1.0,1.0,0.0,0.0,0.0,0.0
0.0,0,1,1,0.3219400872880136,1,1,0,0,0,0,0,0,1,-1.3312156346805837,-0.5469911835370729,0.0,1.0,0.0,1.0,0.0,0.0,1.0
1.0,0,0,0,0.8120168048348009,1,1,0,1,1,0,1,1,1,1.2805565775311112,1.3834355814842438,1.0,0.0,0.0,0.0,0.0,1.0,0.0
0.0,1,0,0,0.97537571068373,1,1,0,1,1,0,1,1,0,1.337297954665423,1.595399562699172,1.0,0.0,0.0,0.0,0.0,1.0,0.0
1.0,0,1,0,0.9345359842214976,1,1,0,0,1,1,1,1,1,1.317271586265078,1.551676848706039,1.0,0.0,1.0,0.0,0.0,1.0,0.0
0.0,0,0,0,-1.270809244739045,1,0,0,0,0,0,0,0,1,-0.6352993327685857,-0.9824614087148614,0.0,0.0,0.0,0.0,0.0,1.0,0.0
1.0,1,0,0,0.11774145497685222,1,1,0,0,0,0,1,1,1,1.0268892444600715,0.5424516396478681,1.0,0.0,0.0,0.0,0.0,1.0,0.0
0.0,0,0,0,-0.9849311595034191,1,0,1,0,0,1,0,0,0,-0.3482547190303036,-0.8036119346900529,0.0,0.0,1.0,0.0,0.0,0.0,0.0
1.0,1,0,0,-0.37233526256993504,0,0,0,0,0,0,0,1,1,-1.002449420108249,-0.6609682482445018,0.0,0.0,0.0,0.0,0.0,0.0,0.0
0.0,0,0,0,-1.107450338890116,1,0,0,0,0,0,0,0,1,-1.4747379415497248,-0.9563745605388976,0.0,1.0,0.0,0.0,0.0,0.0,1.0
1.0,1,0,0,-1.270809244739045,1,0,0,0,0,0,0,0,0,-0.6903718458695352,-0.983195309814441,0.0,0.0,0.0,0.0,0.0,1.0,0.0
0.0,0,1,1,0.5669784460614072,1,0,0,0,0,0,0,0,1,-1.4930954459167078,-0.5904025455485659,0.0,1.0,0.0,1.0,0.0,0.0,1.0
0.0,0,0,0,-1.229969518276813,1,0,0,0,0,0,1,0,1,0.5178857142846293,-0.9378046387768092,1.0,0.0,0.0,0.0,0.0,1.0,0.0
0.0,0,0,0,0.19942090790131678,1,1,1,1,1,0,0,0,0,0.8850358016242924,0.5016422906257936,1.0,0.0,0.0,0.0,0.0,0.0,0.0
1.0,0,1,1,0.8120168048348009,0,0,1,0,1,0,0,1,0,-0.6820275257027246,0.00961720192586014,0.0,0.0,1.0,0.0,0.0,0.0,0.0
1.0,0,1,1,-0.5765338948810964,1,0,0,0,0,0,0,0,0,-1.489757717849984,-0.8489136480186447,0.0,1.0,1.0,0.0,0.0,0.0,0.0
0.0,0,0,0,-0.5765338948810964,0,0,1,1,0,1,0,0,1,-0.8172055124050551,-0.6860988010482861,0.0,0.0,1.0,0.0,0.0,0.0,1.0
0.0,1,1,0,1.547131881154982,1,1,0,0,0,0,0,0,1,0.36601908724867777,1.4041627276905508,1.0,0.0,0.0,1.0,1.0,0.0,0.0
1.0,0,0,0,-0.82157225365449,1,1,0,1,1,0,1,1,1,1.4023836519665451,-0.44504564897729637,1.0,0.0,0.0,0.0,0.0,1.0,0.0
0.0,0,0,0,1.0978948900704268,1,1,1,1,1,0,0,1,1,1.1603983671290399,1.498591335836452,1.0,0.0,0.0,0.0,0.0,0.0,0.0
1.0,0,0,0,0.2811003608257813,1,0,0,0,0,0,0,0,0,-1.49476430995007,-0.650871548268468,0.0,1.0,1.0,0.0,0.0,0.0,1.0
0.0,0,0,0,-0.9032517065789546,1,0,0,0,0,1,0,1,1,-0.12462693855978135,-0.7227493771727433,0.0,0.0,0.0,0.0,0.0,0.0,1.0
0.0,0,0,0,-1.1891297918145805,1,1,0,0,0,0,0,0,0,0.3810388635489363,-0.8881884765597803,1.0,0.0,0.0,0.0,0.0,1.0,0.0
1.0,1,0,0,-0.9849311595034191,1,0,0,0,0,0,0,0,1,0.1674242672785871,-0.7479688876855677,1.0,0.0,0.0,0.0,0.0,1.0,0.0
1.0,0,1,1,0.19942090790131678,1,0,1,0,1,1,0,0,1,-0.1980569560277141,-0.02285236187371962,0.0,0.0,1.0,0.0,0.0,0.0,1.0
1.0,0,1,0,0.36277981375024587,1,0,0,0,0,0,0,0,1,-1.4997709020501564,-0.6027009488233381,0.0,1.0,0.0,1.0,0.0,1.0,0.0
1.0,0,1,1,1.5062921546927495,1,1,0,0,1,0,1,1,1,1.1603983671290399,2.1141342035383484,1.0,0.0,0.0,0.0,1.0,0.0,0.0
1.0,0,0,0,-0.82157225365449,1,1,0,0,0,0,1,1,0,0.9968496918595533,-0.48078440858409416,1.0,0.0,0.0,0.0,0.0,1.0,0.0
0.0,0,0,0,-0.658213347805561,1,0,1,0,0,0,0,0,1,-0.4851015697659963,-0.6637259372247402,0.0,0.0,0.0,0.0,0.0,1.0,0.0
1.0,1,1,0,-0.7398928007300255,1,1,0,0,0,0,0,0,1,0.3476615828816942,-0.5520395335250897,1.0,0.0,0.0,0.0,0.0,1.0,0.0
1.0,0,0,0,-0.1681366302587737,1,0,0,0,1,1,0,1,0,0.878360345490844,0.16531543217302316,1.0,0.0,0.0,0.0,0.0,1.0,0.0
0.0,0,0,0,1.547131881154982,1,0,1,0,1,1,1,1,0,0.4978593458842837,1.4833573281633614,0.0,0.0,0.0,1.0,0.0,0.0,0.0
1.0,0,1,1,-0.9440914330411869,1,0,0,1,0,1,1,1,1,1.228821792496886,-0.5994095135888602,1.0,0.0,0.0,0.0,0.0,1.0,0.0
1.0,0,0,0,-1.270809244739045,1,0,0,0,0,0,0,0,1,-0.6603322932690173,-0.9827950001237612,0.0,0.0,0.0,0.0,0.0,0.0,1.0
1.0,0,1,1,0.5261387195991749,1,1,0,1,1,0,0,1,1,1.0435778847936925,0.9795008641611155,1.0,0.0,0.0,0.0,0.0,0.0,0.0
0.0,0,1,1,0.03606200205238767,1,0,0,0,1,0,1,1,1,0.9718167313591217,0.386975803673305,1.0,0.0,1.0,0.0,0.0,1.0,0.0
0.0,0,1,1,1.547131881154982,1,1,1,1,1,1,1,1,1,0.8116057841563598,1.7963772668476663,0.0,0.0,0.0,1.0,0.0,0.0,0.0
1.0,0,0,0,-1.270809244739045,1,0,0,0,0,0,0,0,1,-1.5031086301168806,-0.9940259108900542,0.0,1.0,0.0,0.0,0.0,0.0,0.0
1.0,0,0,0,-1.270809244739045,1,0,0,0,0,0,0,0,0,-1.5031086301168806,-0.9940259108900542,0.0,1.0,0.0,0.0,0.0,0.0,1.0
0.0,0,0,0,0.8936962577592654,1,0,0,0,0,0,0,0,1,-1.4747379415497248,-0.5420985095398759,0.0,1.0,0.0,1.0,0.0,0.0,1.0
1.0,0,1,0,0.07690172851461995,1,0,0,0,0,0,0,0,0,-1.489757717849984,-0.700754583612617,0.0,1.0,0.0,1.0,1.0,0.0,0.0
1.0,0,1,0,1.5062921546927495,1,1,1,1,1,1,1,1,1,1.5976407438699114,2.4694757722984066,1.0,0.0,0.0,1.0,0.0,0.0,0.0
1.0,1,1,0,1.0162154371459622,1,0,0,1,1,0,1,0,1,0.8666782972573094,1.3100454715262897,1.0,0.0,1.0,0.0,0.0,1.0,0.0
1.0,0,1,1,-0.49485444195663186,1,0,0,0,1,0,0,0,1,-0.5034590741329793,-0.5847537310245293,0.0,0.0,0.0,0.0,0.0,1.0,0.0
0.0,0,1,1,-1.270809244739045,1,0,0,1,0,0,0,0,1,0.33431067061479763,-0.9695403014768096,1.0,0.0,0.0,0.0,0.0,1.0,0.0
0.0,0,1,0,0.8528565312970331,1,0,0,0,1,0,1,1,1,1.0068628760597258,1.2212656779044249,1.0,0.0,1.0,0.0,0.0,0.0,0.0
1.0,0,1,1,1.4654524282305172,1,0,1,1,1,0,1,1,1,1.2872320336645597,2.1438460783576896,1.0,0.0,0.0,1.0,1.0,0.0,0.0
0.0,0,1,1,1.424612701768285,1,1,0,0,0,0,0,0,1,-1.3278779066138595,-0.2554100527313946,0.0,1.0,0.0,1.0,0.0,0.0,1.0
0.0,0,1,1,-1.1482900653523482,1,0,0,1,0,1,0,0,0,-0.27315583752900885,-0.898196218826774,0.0,0.0,0.0,0.0,0.0,0.0,1.0
0.0,0,1,1,1.6288113340794463,1,0,1,1,1,1,0,1,1,0.3226286223812626,1.326769520825799,0.0,0.0,0.0,1.0,0.0,1.0,0.0
1.0,0,0,0,-0.82157225365449,1,0,0,0,1,0,1,1,0,1.035233564626882,-0.47613636828675704,1.0,0.0,1.0,0.0,0.0,1.0,0.0
0.0,0,0,0,-0.6173736213433287,1,0,0,0,0,0,0,0,0,-1.4864199897832595,-0.8454665367933468,0.0,1.0,1.0,0.0,0.0,0.0,1.0
1.0,0,1,1,1.6288113340794463,1,1,1,0,1,0,1,1,1,1.3823572835661997,2.488156891196795,1.0,0.0,1.0,0.0,0.0,0.0,0.0
1.0,0,1,0,1.547131881154982,1,1,0,0,0,0,0,0,0,-1.319533586447049,-0.1394981578523469,0.0,1.0,0.0,1.0,0.0,0.0,0.0
1.0,0,1,1,1.5879716076172141,1,0,1,1,1,0,1,1,1,1.333960226598699,2.23903082703043,1.0,0.0,1.0,0.0,0.0,0.0,0.0
0.0,0,0,1,-0.82157225365449,1,1,1,0,0,0,0,0,1,0.45446888101686905,-0.5983420210803808,1.0,0.0,0.0,0.0,0.0,1.0,0.0
0.0,0,1,1,-0.37233526256993504,1,1,1,0,1,1,1,0,1,0.4160850082495409,-0.22020503937883654,0.0,0.0,0.0,1.0,0.0,0.0,0.0
0.0,0,1,1,1.1795743429948913,1,0,1,0,0,0,0,0,1,-0.5001213460662551,0.31443079195123025,0.0,0.0,1.0,0.0,0.0,0.0,0.0
0.0,0,0,0,-1.229969518276813,1,0,1,1,0,0,1,0,1,0.8833669375909304,-0.9278191359370755,1.0,0.0,0.0,0.0,0.0,1.0,0.0
1.0,1,0,0,-0.9032517065789546,1,1,0,0,0,0,1,1,1,1.0235515163933468,-0.6031902162230579,1.0,0.0,0.0,0.0,0.0,1.0,0.0
0.0,0,0,0,-1.270809244739045,1,0,0,0,0,0,0,0,1,-0.6436436529353963,-0.9825726058511614,0.0,0.0,0.0,0.0,0.0,0.0,1.0
1.0,0,1,0,0.4444592666747104,1,1,1,1,0,1,0,0,0,0.05227264897660173,0.29038997108318515,0.0,0.0,0.0,0.0,0.0,0.0,0.0
1.0,0,1,1,0.19942090790131678,1,1,0,1,1,0,1,0,1,0.9434460427919661,0.5162980731901243,1.0,0.0,0.0,0.0,0.0,1.0,0.0
1.0,0,0,0,-1.229969518276813,1,0,0,0,0,0,0,0,0,-0.6453125169687584,-0.9629574310078536,0.0,0.0,0.0,0.0,0.0,1.0,0.0
1.0,0,0,0,-0.9849311595034191,1,0,0,0,0,0,0,0,0,-0.7053916221697942,-0.8535839277432418,0.0,0.0,0.0,0.0,0.0,0.0,1.0
0.0,0,1,0,-0.9440914330411869,1,1,1,1,1,0,0,0,0,0.9033933059912755,-0.6176680833693089,1.0,0.0,0.0,0.0,0.0,0.0,0.0
0.0,0,1,1,-0.08645717733430915,1,1,0,0,1,0,1,1,1,1.1804247355293849,0.35212662115690674,1.0,0.0,0.0,0.0,0.0,1.0,0.0
0.0,0,0,0,-1.270809244739045,1,0,0,0,0,0,0,0,0,-1.4930954459167078,-0.9938924743264944,0.0,1.0,0.0,0.0,1.0,0.0,0.0
1.0,0,1,0,1.261253795919356,1,0,0,0,0,0,0,0,1,-1.4930954459167078,-0.45354111019061116,0.0,1.0,0.0,1.0,0.0,0.0,0.0
1.0,0,1,1,0.97537571068373,1,1,1,1,1,1,1,1,0,1.7077857700718102,1.91856068021403,1.0,0.0,0.0,1.0,0.0,0.0,1.0
0.0,0,1,1,0.6486578989858718,1,1,0,1,0,1,1,1,0,0.4995282099176462,0.7186991006832583,0.0,0.0,0.0,1.0,0.0,1.0,0.0
1.0,0,1,1,0.24026063436354905,1,1,0,0,0,0,0,0,0,-1.3228713145137732,-0.574012087657956,0.0,1.0,0.0,1.0,1.0,0.0,0.0
1.0,0,1,1,1.424612701768285,1,1,0,1,0,0,0,1,1,0.8299632885233428,1.8319158716091242,1.0,0.0,0.0,0.0,0.0,0.0,0.0
0.0,0,0,0,-1.1482900653523482,1,0,0,0,1,0,0,1,1,0.6063355080528205,-0.8606115867573975,1.0,0.0,0.0,0.0,1.0,0.0,0.0
1.0,1,1,0,-0.12729690379654143,1,1,0,0,1,0,1,1,1,1.1286899504951597,0.3334455022585184,1.0,0.0,0.0,0.0,0.0,1.0,0.0
1.0,0,1,0,1.0570551636081944,1,0,0,0,0,0,0,0,0,-1.4663936213829143,-0.4752690306236176,0.0,1.0,0.0,1.0,0.0,0.0,1.0
1.0,0,1,1,-0.04561745087207687,1,0,0,0,0,0,0,0,1,-1.4697313494496385,-0.6905022076457634,0.0,1.0,0.0,0.0,0.0,1.0,0.0
1.0,0,0,0,-1.270809244739045,1,0,0,0,0,0,0,0,1,-1.5047774941502425,-0.9940481503173143,0.0,1.0,0.0,0.0,0.0,0.0,1.0
0.0,0,1,0,1.261253795919356,1,1,0,0,0,1,0,0,1,0.5512629949518714,1.2056535999679148,1.0,0.0,1.0,0.0,1.0,0.0,0.0
1.0,0,1,1,1.261253795919356,1,0,1,1,1,1,1,0,0,0.32763521448134914,1.0764202881601352,0.0,0.0,0.0,1.0,1.0,0.0,0.0
0.0,0,0,1,-0.9849311595034191,1,0,0,0,0,0,0,0,0,-1.489757717849984,-0.9299985998085541,0.0,1.0,0.0,0.0,0.0,0.0,1.0
0.0,0,0,0,0.6078181725236395,1,0,0,0,1,1,1,1,0,0.3259663504479871,0.5585752244113581,0.0,0.0,0.0,1.0,0.0,0.0,1.0
1.0,0,0,0,1.0162154371459622,1,0,0,1,0,1,0,0,1,-0.3349038067634068,0.39151264683434206,0.0,0.0,1.0,0.0,0.0,0.0,1.0
1.0,1,1,1,1.3020935223815882,1,1,0,0,0,0,0,0,1,-1.3445665469474806,-0.3139442252796781,0.0,1.0,0.0,1.0,0.0,0.0,0.0
1.0,0,0,0,-0.8624119801167224,1,0,0,0,1,0,0,0,0,0.2742315654137619,-0.6387288209845157,1.0,0.0,0.0,0.0,0.0,1.0,0.0
1.0,1,1,0,1.3020935223815882,1,1,0,0,1,1,1,1,0,1.248848160897231,1.9054616575578986,1.0,0.0,0.0,1.0,0.0,1.0,0.0
1.0,0,0,0,-0.33149553610770277,1,0,1,0,0,0,0,0,1,-0.5051279381663416,-0.4643939506934843,0.0,0.0,0.0,0.0,0.0,0.0,0.0
1.0,0,1,1,1.3837729753060528,1,1,0,0,1,0,1,0,1,-0.046190328991762584,0.8607645620200496,0.0,0.0,0.0,1.0,0.0,0.0,0.0
0.0,1,1,0,0.97537571068373,1,1,0,0,0,1,0,0,1,0.4060718240493679,0.8990386163344858,1.0,0.0,0.0,0.0,0.0,0.0,0.0
0.0,0,0,0,0.8528565312970331,1,0,0,1,1,0,1,1,1,1.1887690556961954,1.3104902600714894,1.0,0.0,1.0,0.0,0.0,0.0,1.0
0.0,0,0,0,-1.229969518276813,0,0,0,0,0,0,0,0,0,-1.3412288188807564,-0.9821278173059617,0.0,0.0,0.0,0.0,0.0,1.0,0.0
0.0,0,0,0,-0.9032517065789546,1,1,0,0,0,0,0,0,1,-1.3412288188807564,-0.8826063803175236,0.0,1.0,0.0,0.0,0.0,0.0,1.0
1.0,1,1,1,-0.33149553610770277,1,1,1,0,0,0,0,0,1,0.5062036660510942,-0.17646008595844384,1.0,0.0,0.0,0.0,0.0,1.0,0.0
1.0,0,0,0,-1.270809244739045,1,0,0,0,0,0,0,0,0,-1.4930954459167078,-0.9938924743264944,0.0,1.0,0.0,0.0,0.0,0.0,1.0
1.0,0,0,0,-0.6173736213433287,1,0,0,1,1,0,0,1,1,0.8766914814574819,-0.28567791323223574,1.0,0.0,0.0,0.0,1.0,0.0,0.0
1.0,0,0,0,1.0570551636081944,1,0,1,1,0,0,1,1,0,1.1503851829288674,1.541847021857125,1.0,0.0,1.0,0.0,0.0,0.0,0.0
1.0,0,1,1,-0.1681366302587737,1,0,0,0,1,0,1,0,0,0.6931164377876503,0.015755283849616396,1.0,0.0,0.0,0.0,0.0,1.0,0.0
0.0,0,1,0,1.6288113340794463,1,1,0,0,0,0,0,0,1,-1.3161958583803248,-0.18382133638149922,0.0,1.0,0.0,1.0,0.0,0.0,0.0
0.0,0,1,1,1.5879716076172141,1,1,1,1,1,1,1,1,0,0.8416453367568778,1.8183942998350526,0.0,0.0,0.0,1.0,0.0,0.0,0.0
0.0,0,1,1,1.6288113340794463,1,0,1,1,1,1,1,1,0,0.6881098456875638,1.7234319454349118,0.0,0.0,0.0,1.0,0.0,0.0,0.0
1.0,0,0,0,-1.270809244739045,1,0,0,1,0,0,0,0,0,-0.463406337332289,-0.9801707477070828,0.0,0.0,0.0,0.0,0.0,1.0,0.0
0.0,0,1,1,-0.37233526256993504,1,1,0,0,0,0,0,0,1,-1.30451381014679,-0.7738111021616715,0.0,1.0,0.0,1.0,1.0,0.0,0.0
0.0,0,1,1,-1.229969518276813,1,0,0,0,0,0,0,0,1,0.23250996457970932,-0.9423859607923665,1.0,0.0,0.0,0.0,0.0,1.0,0.0
1.0,1,0,0,-1.107450338890116,1,0,0,1,0,0,0,1,1,0.6964541658543744,-0.821069885089142,1.0,0.0,0.0,0.0,0.0,1.0,0.0
0.0,0,1,1,-0.0047777244098446,1,1,0,1,0,0,1,1,1,1.1403719987286942,0.3714526834458346,1.0,0.0,0.0,0.0,0.0,1.0,0.0
0.0,0,1,0,-1.1891297918145805,1,1,0,0,0,0,0,0,1,0.33597953464815966,-0.9006870346798924,1.0,0.0,0.0,0.0,1.0,0.0,0.0
0.0,0,0,0,-1.270809244739045,1,0,0,0,0,0,0,0,1,0.18244404357884614,-0.9715640893574682,1.0,0.0,0.0,0.0,0.0,0.0,1.0
1.0,0,1,1,-1.270809244739045,1,0,0,0,0,0,0,0,1,0.21081473214600174,-0.9711860190940484,1.0,0.0,0.0,0.0,0.0,1.0,0.0
1.0,1,0,0,1.0162154371459622,1,0,0,0,1,1,0,0,1,-0.37328767953073516,0.34752305971408964,0.0,0.0,1.0,0.0,0.0,1.0,0.0
0.0,0,1,0,-0.82157225365449,1,1,1,0,1,0,1,1,0,0.47282638538385213,-0.6127976487993718,0.0,0.0,1.0,0.0,0.0,1.0,0.0
0.0,1,1,0,1.6288113340794463,1,1,1,1,1,0,1,1,1,1.5926341517698253,2.57638069913716,1.0,0.0,0.0,1.0,0.0,1.0,0.0
1.0,0,0,0,-0.4540147154943996,1,0,0,0,0,0,0,0,0,-1.5047774941502425,-0.829120557757257,0.0,1.0,0.0,1.0,0.0,0.0,1.0
0.0,0,1,1,1.2204140694571237,1,0,1,0,1,1,1,0,1,0.20247041197919122,0.8935677172285291,0.0,0.0,1.0,0.0,0.0,0.0,0.0
0.0,0,0,0,-0.04561745087207687,1,0,0,0,0,0,0,0,0,-1.461387029282828,-0.6961510221698,0.0,1.0,0.0,1.0,1.0,0.0,0.0
1.0,1,0,0,-0.6990530742677933,1,0,0,1,0,0,0,0,1,0.32429748641462514,-0.5249296716951667,1.0,0.0,0.0,0.0,0.0,1.0,0.0
0.0,0,0,0,-1.1891297918145805,1,1,0,0,0,0,1,0,1,-0.14799103502685093,-0.926929558846676,0.0,0.0,0.0,0.0,0.0,1.0,0.0
1.0,0,1,1,1.3837729753060528,1,1,0,1,1,0,1,1,0,0.5062036660510942,1.3256797888900598,0.0,0.0,0.0,1.0,0.0,0.0,0.0
0.0,0,0,0,-1.229969518276813,1,0,0,1,0,0,0,0,1,-0.5034590741329793,-0.9517487596688207,0.0,0.0,0.0,0.0,0.0,0.0,1.0
1.0,0,0,1,-0.4131749890321673,1,0,0,1,1,0,1,0,1,0.8249566964232568,-0.11252173258598369,1.0,0.0,0.0,0.0,0.0,1.0,0.0
1.0,0,0,0,-1.1482900653523482,0,0,0,0,1,0,0,0,1,-1.1693358234444595,-0.9500585631970616,0.0,0.0,0.0,0.0,0.0,1.0,0.0
1.0,1,1,0,1.3429332488438204,1,1,1,1,0,0,1,0,1,0.9351017226251556,1.6519099473667964,1.0,0.0,0.0,1.0,1.0,0.0,0.0
1.0,0,1,1,-1.270809244739045,1,0,0,0,0,0,0,0,0,-1.478075669616449,-0.9936923194811544,0.0,1.0,1.0,0.0,0.0,0.0,1.0
1.0,1,1,0,-0.5765338948810964,1,0,0,0,0,0,0,1,0,0.4628132011836796,-0.36998758197484316,1.0,0.0,0.0,0.0,0.0,1.0,0.0
0.0,0,1,1,1.261253795919356,1,0,1,1,1,1,0,0,0,-0.03784600882495206,0.7827041723374982,0.0,0.0,0.0,1.0,0.0,0.0,1.0
1.0,0,0,0,-1.229969518276813,1,1,0,0,0,0,0,0,1,0.39438977581583334,-0.9305101066355339,1.0,0.0,0.0,0.0,0.0,1.0,0.0
1.0,0,0,0,-0.9440914330411869,1,0,1,0,1,1,0,1,1,0.11902721031108594,-0.7461452546502487,0.0,0.0,0.0,0.0,0.0,0.0,0.0
0.0,0,0,0,-0.37233526256993504,1,1,1,0,0,0,0,0,0,-0.34324812693021733,-0.4471139157124751,0.0,0.0,0.0,0.0,0.0,1.0,0.0
1.0,0,0,0,-1.229969518276813,1,0,0,0,0,0,0,0,0,-1.479744533649811,-0.987999026102598,0.0,1.0,0.0,0.0,0.0,0.0,1.0
0.0,0,0,1,-1.270809244739045,1,0,1,0,0,0,0,0,0,-0.4934458899328068,-0.9805710573977626,0.0,0.0,0.0,0.0,0.0,0.0,1.0
0.0,0,0,0,-0.9440914330411869,1,0,0,0,1,0,0,1,1,0.6881098456875638,-0.6552082365841654,1.0,0.0,0.0,0.0,1.0,0.0,0.0
1.0,0,0,0,-0.9032517065789546,1,1,1,0,0,0,0,0,1,-0.33991039886349306,-0.7500371544207463,0.0,0.0,0.0,0.0,1.0,0.0,0.0
0.0,0,1,0,0.97537571068373,1,1,0,0,0,0,0,0,0,-1.3479042750142047,-0.44157629832473855,0.0,1.0,1.0,0.0,0.0,1.0,0.0
0.0,0,0,0,-0.0047777244098446,1,1,1,0,1,1,1,1,1,1.4975089018681849,0.6020310652773709,1.0,0.0,1.0,0.0,0.0,0.0,0.0
0.0,0,0,0,-1.270809244739045,1,0,0,0,0,0,0,0,0,-0.6770209336026384,-0.983017394396361,0.0,0.0,0.0,0.0,0.0,0.0,1.0
1.0,0,0,0,-1.0666106124278838,1,1,0,0,0,0,0,0,1,0.3409861267482462,-0.7938043472683991,1.0,0.0,0.0,0.0,0.0,1.0,0.0
1.0,1,0,0,0.6078181725236395,1,1,0,1,0,1,0,0,0,-0.16968626746055826,0.22218164767680768,0.0,0.0,0.0,1.0,0.0,0.0,0.0
0.0,0,0,0,-1.270809244739045,1,0,1,0,0,0,0,0,1,-0.5418429469003078,-0.9812160007883023,0.0,0.0,0.0,0.0,0.0,0.0,0.0
1.0,0,0,0,-1.1482900653523482,1,0,0,0,0,0,0,0,0,-1.4930954459167078,-0.9724314270206078,0.0,1.0,1.0,0.0,0.0,0.0,1.0
1.0,0,0,1,-0.0047777244098446,1,1,0,1,1,1,1,1,0,0.6347061966199766,0.16849567027120124,0.0,0.0,1.0,0.0,1.0,0.0,0.0
0.0,0,0,0,-1.270809244739045,1,0,0,0,1,0,0,0,1,-0.4750883855658235,-0.9803264236979029,0.0,0.0,0.0,0.0,0.0,0.0,1.0
1.0,0,0,1,0.6486578989858718,1,1,1,1,1,0,0,0,1,-0.009475320257795981,0.3473229048687496,0.0,0.0,1.0,0.0,0.0,0.0,0.0
0.0,0,1,1,-0.658213347805561,1,0,0,1,0,0,0,0,0,0.2859136136472965,-0.4709101028806603,1.0,0.0,0.0,0.0,0.0,0.0,0.0
1.0,0,1,0,0.40361954021247815,1,1,0,0,1,1,1,1,1,1.4557873010341322,1.0371009807644795,1.0,0.0,1.0,0.0,0.0,1.0,0.0
1.0,0,1,0,1.0162154371459622,1,0,1,1,0,1,0,0,1,-0.16467967536047198,0.5318211934175947,0.0,0.0,0.0,1.0,0.0,1.0,0.0
1.0,0,1,1,0.7303373519103363,1,1,1,1,1,0,1,1,1,1.4541184370007703,1.4130584985945451,1.0,0.0,1.0,0.0,0.0,1.0,0.0
1.0,0,1,0,-0.04561745087207687,1,1,0,0,1,1,1,1,1,0.48784616168411116,0.10208874047288254,0.0,0.0,1.0,0.0,0.0,0.0,1.0
1.0,0,0,1,-1.270809244739045,1,1,0,0,1,0,1,1,1,1.1704115513292124,-0.9583983484195564,1.0,0.0,0.0,0.0,0.0,1.0,0.0
1.0,0,1,1,0.3219400872880136,1,0,0,0,0,0,0,0,1,-1.478075669616449,-0.6712651030658754,0.0,1.0,0.0,0.0,0.0,0.0,0.0
1.0,1,1,0,-0.12729690379654143,1,0,1,0,1,0,0,1,0,0.8483207928903258,0.17890372222887457,1.0,0.0,1.0,0.0,0.0,0.0,0.0
0.0,0,1,0,1.6288113340794463,0,0,1,1,1,0,0,1,1,-0.5168099863998762,0.5899995351297184,0.0,0.0,0.0,1.0,0.0,1.0,0.0
1.0,0,1,1,0.19942090790131678,1,1,1,0,1,1,0,0,1,-0.06287896932538364,0.010795891570639447,0.0,0.0,0.0,1.0,1.0,0.0,0.0
0.0,0,0,0,-1.107450338890116,1,1,0,1,0,0,1,0,1,0.8716848893573954,-0.800164823464755,1.0,0.0,0.0,0.0,0.0,1.0,0.0
1.0,0,1,1,0.8528565312970331,1,0,0,0,0,0,0,0,1,-1.511452950283691,-0.5088950446407167,0.0,1.0,0.0,1.0,0.0,0.0,1.0
0.0,0,1,1,-0.4540147154943996,1,0,0,1,1,1,1,1,1,1.2722122573643007,-0.06419545715003377,1.0,0.0,0.0,0.0,0.0,1.0,0.0
1.0,0,1,1,1.6288113340794463,1,1,1,1,1,1,0,1,1,1.3423045467655095,2.436628138235407,1.0,0.0,0.0,1.0,1.0,0.0,0.0
0.0,0,1,0,0.7711770783725685,1,1,0,0,1,0,1,1,1,1.1403719987286942,1.1978475609996597,1.0,0.0,1.0,0.0,0.0,1.0,0.0
0.0,0,1,1,-0.49485444195663186,1,0,0,0,0,0,0,0,0,-1.479744533649811,-0.8059025956978315,0.0,1.0,0.0,0.0,0.0,0.0,1.0
1.0,0,0,0,-0.9849311595034191,1,1,0,1,0,0,1,1,0,1.2071265600631784,-0.638239553584796,1.0,0.0,0.0,0.0,0.0,1.0,0.0
0.0,1,1,0,1.3429332488438204,1,0,0,1,1,1,1,1,1,1.3740129633993892,1.9886593549375065,1.0,0.0,0.0,1.0,1.0,0.0,0.0
1.0,1,1,0,0.8936962577592654,1,1,0,0,1,0,1,1,1,1.1470474548621428,1.3527006930109429,1.0,0.0,0.0,0.0,1.0,0.0,0.0
1.0,0,1,1,1.261253795919356,1,1,0,1,0,0,0,1,1,0.8900423937243784,1.5613065207096128,1.0,0.0,1.0,0.0,0.0,1.0,0.0
1.0,1,1,0,1.138734616532659,1,1,0,1,1,0,1,1,1,1.323947042398526,1.8169487370631536,1.0,0.0,1.0,0.0,0.0,1.0,0.0
1.0,0,1,1,1.4654524282305172,1,1,0,1,0,0,1,1,1,1.213802016196627,2.0086748394714937,1.0,0.0,1.0,0.0,1.0,0.0,0.0
0.0,1,0,0,0.07690172851461995,0,0,0,1,1,0,1,1,1,-0.2815001576958194,-0.21729167440777836,0.0,0.0,0.0,0.0,0.0,1.0,0.0
0.0,0,0,0,-1.1482900653523482,1,0,0,0,0,0,0,0,0,-1.4864199897832595,-0.9651813737338522,0.0,1.0,0.0,0.0,0.0,0.0,1.0
1.0,1,0,0,1.6288113340794463,1,1,0,0,0,0,0,0,0,-1.3111892662802385,-0.19798785154611045,0.0,1.0,0.0,1.0,0.0,0.0,0.0
1.0,0,0,0,1.6288113340794463,1,1,1,0,1,1,1,1,0,0.6547325650203217,1.6646753786140287,0.0,0.0,0.0,1.0,1.0,0.0,0.0
0.0,0,1,1,0.97537571068373,1,1,0,1,1,1,0,1,1,1.1704115513292124,1.4917860710948962,1.0,0.0,1.0,0.0,1.0,0.0,0.0
1.0,0,0,1,0.7303373519103363,0,0,1,1,0,0,1,0,1,-0.7220802625034153,-0.02065065857498087,0.0,0.0,1.0,0.0,0.0,0.0,0.0
0.0,0,1,1,-0.37233526256993504,1,1,0,1,0,1,1,0,1,0.1607488111451386,-0.26793085027876684,0.0,0.0,0.0,0.0,1.0,0.0,0.0
1.0,0,0,0,-0.12729690379654143,1,0,0,0,0,1,1,1,1,0.9851676436260188,0.15706460465956823,1.0,0.0,0.0,0.0,0.0,1.0,0.0
1.0,0,0,0,0.3219400872880136,1,0,0,1,0,1,0,1,1,0.8316321525567048,0.5487231581351842,1.0,0.0,1.0,0.0,1.0,0.0,0.0
0.0,0,0,0,-1.270809244739045,1,0,0,1,1,0,0,0,1,0.5879780036858375,-0.9661599085332915,1.0,0.0,0.0,0.0,0.0,1.0,0.0
0.0,0,0,0,-1.270809244739045,1,1,0,0,0,0,1,1,1,0.9985185558929154,-0.960689009427335,1.0,0.0,0.0,0.0,0.0,1.0,0.0
1.0,0,1,1,0.36277981375024587,1,0,0,0,0,0,0,0,1,-1.4914265818833459,-0.6114410437365128,0.0,1.0,0.0,1.0,0.0,0.0,1.0
0.0,0,1,0,1.6288113340794463,1,1,0,0,1,0,1,1,1,1.106994718061452,2.0401658684716346,1.0,0.0,0.0,1.0,0.0,1.0,0.0
1.0,1,1,0,-0.08645717733430915,1,0,0,1,1,0,0,0,1,0.4995282099176462,0.049225621875895534,1.0,0.0,0.0,0.0,0.0,0.0,1.0
1.0,0,0,0,-1.270809244739045,1,1,0,0,1,0,1,1,1,1.227152928463524,-0.957642207892717,1.0,0.0,0.0,0.0,0.0,1.0,0.0
0.0,0,1,1,1.6288113340794463,0,0,1,1,1,1,1,1,0,-0.007806456224433971,1.0112365268611159,0.0,0.0,0.0,1.0,0.0,0.0,0.0
0.0,1,0,0,0.689497625448104,1,0,0,1,1,0,0,1,1,0.8399764727235153,0.9041314451770225,1.0,0.0,1.0,0.0,0.0,0.0,0.0
0.0,0,0,0,1.3020935223815882,1,1,0,1,1,1,1,1,1,1.529217318502065,2.141555417349911,1.0,0.0,0.0,1.0,1.0,0.0,0.0
1.0,0,1,1,1.5879716076172141,1,0,1,1,1,1,1,1,0,0.6931164377876503,1.6792644428965793,0.0,0.0,0.0,1.0,0.0,0.0,0.0
0.0,0,0,1,-0.8624119801167224,1,0,0,0,0,0,0,0,0,-1.4880888538166215,-0.9043120613232702,0.0,1.0,0.0,0.0,1.0,0.0,0.0
1.0,0,0,1,-1.270809244739045,0,0,0,0,0,0,0,0,0,-1.3328844987139459,-0.9917574893095357,0.0,0.0,0.0,0.0,0.0,1.0,0.0
0.0,0,1,0,1.0162154371459622,1,0,1,1,0,1,1,0,1,0.1891194997122942,0.8318310671548075,0.0,0.0,0.0,1.0,1.0,0.0,0.0
1.0,0,1,1,1.424612701768285,1,0,0,0,0,0,0,0,1,-1.4647247573495523,-0.3747690588357402,0.0,1.0,0.0,1.0,0.0,0.0,1.0
1.0,0,1,1,1.6288113340794463,1,1,0,1,1,1,0,0,0,0.8600028411238608,1.9176488636963709,1.0,0.0,0.0,1.0,0.0,0.0,0.0
0.0,0,0,0,-1.270809244739045,1,0,0,0,0,0,0,0,1,0.19746381987910472,-0.9713639345121284,1.0,0.0,0.0,0.0,0.0,1.0,0.0
0.0,0,1,0,1.6288113340794463,1,1,0,0,0,0,0,0,0,-1.3395599548473942,-0.22407469972207414,0.0,1.0,0.0,1.0,0.0,1.0,0.0
0.0,0,1,1,0.11774145497685222,1,0,0,0,0,0,0,0,0,-1.5031086301168806,-0.6874998849656653,0.0,1.0,1.0,0.0,0.0,0.0,1.0
1.0,0,0,0,0.4852989931369427,0,0,0,1,1,0,1,1,1,-0.35826790323047614,0.053784704464192694,0.0,0.0,1.0,0.0,0.0,0.0,1.0
1.0,0,1,1,-1.270809244739045,1,0,0,0,0,0,0,0,1,0.12737153047789648,-0.9722979904570478,1.0,0.0,0.0,0.0,0.0,1.0,0.0
1.0,0,0,0,-0.6173736213433287,1,0,0,0,1,0,0,0,1,0.39939636791591987,-0.418514012256133,1.0,0.0,0.0,0.0,0.0,1.0,0.0
1.0,0,0,0,-0.20897635672100598,1,1,0,0,1,0,1,1,1,1.195444511829644,0.18635393036096995,1.0,0.0,1.0,0.0,0.0,0.0,0.0
1.0,0,1,0,0.40361954021247815,1,1,1,0,0,0,0,0,0,-0.2865067497959056,0.058877533306729436,0.0,0.0,1.0,0.0,1.0,0.0,0.0
0.0,0,1,1,0.5261387195991749,1,1,1,1,0,0,1,1,1,1.35064886693232,1.1014841226821395,1.0,0.0,0.0,0.0,0.0,1.0,0.0
0.0,0,0,0,-0.12729690379654143,1,0,0,0,0,0,0,0,0,-1.479744533649811,-0.7281757974241799,0.0,1.0,1.0,0.0,0.0,0.0,1.0
1.0,0,1,0,0.3219400872880136,1,1,0,1,0,1,1,0,0,0.20247041197919122,0.29679492613406117,0.0,0.0,1.0,0.0,1.0,0.0,0.0
0.0,0,0,0,-1.0666106124278838,1,0,0,0,0,0,0,0,1,0.15240449097832806,-0.8166664784916647,1.0,0.0,0.0,0.0,0.0,0.0,1.0
0.0,0,0,0,0.5669784460614072,1,0,0,0,1,1,0,0,0,-0.3449169909635793,0.09148053366986919,0.0,0.0,0.0,1.0,1.0,0.0,0.0
1.0,0,1,0,1.6288113340794463,1,1,1,1,1,1,1,1,0,1.684421673604741,2.7109737129145963,1.0,0.0,0.0,1.0,0.0,0.0,0.0
0.0,0,0,0,-0.9440914330411869,1,0,1,1,0,0,1,1,1,0.33264180658143566,-0.6898350248279639,0.0,0.0,0.0,0.0,0.0,1.0,0.0
0.0,0,0,0,-1.0666106124278838,1,0,1,1,0,0,0,0,0,-0.2815001576958194,-0.8296987828660167,0.0,0.0,0.0,0.0,0.0,1.0,0.0
1.0,0,0,0,-1.107450338890116,1,0,0,0,1,1,0,0,0,-0.2848378857625436,-0.8731323843047696,0.0,0.0,0.0,0.0,0.0,1.0,0.0
1.0,1,0,0,-0.2906558096454705,1,1,0,1,0,0,1,0,1,0.8282944244899808,-0.025943642262857614,1.0,0.0,0.0,0.0,0.0,1.0,0.0
0.0,0,0,0,0.7303373519103363,1,0,0,0,1,1,0,1,1,0.8349698806234293,0.9118262870089778,1.0,0.0,0.0,1.0,0.0,0.0,0.0
0.0,0,0,0,0.36277981375024587,1,0,0,0,0,0,0,0,0,-1.4914265818833459,-0.6423538476278935,0.0,1.0,0.0,1.0,0.0,0.0,1.0
0.0,0,1,1,1.3837729753060528,1,0,1,0,0,0,1,0,1,-0.16467967536047198,0.7749648516510232,0.0,0.0,0.0,1.0,0.0,1.0,0.0
1.0,0,1,0,0.97537571068373,0,0,0,0,1,1,1,1,1,-0.3549301751637521,0.3137191302789107,0.0,0.0,1.0,0.0,0.0,0.0,0.0
1.0,0,0,1,0.2811003608257813,1,1,0,0,0,1,1,1,0,1.197113375863006,0.7298410537405112,1.0,0.0,0.0,1.0,0.0,0.0,1.0
1.0,0,0,0,0.6486578989858718,1,0,0,0,0,0,0,0,0,-1.4864199897832595,-0.5655611052991613,0.0,1.0,0.0,1.0,1.0,0.0,0.0
1.0,1,1,0,1.2204140694571237,1,1,1,1,1,0,0,0,1,0.8149435122230837,1.4961894776923736,1.0,0.0,0.0,0.0,0.0,1.0,0.0
0.0,1,0,0,-1.229969518276813,1,0,0,0,0,0,0,0,0,0.20247041197919122,-0.9338904995790518,1.0,0.0,0.0,0.0,0.0,1.0,0.0
0.0,0,0,0,-0.24981608318323825,0,0,0,0,1,0,1,1,1,-0.4784261136325478,-0.43454863931058296,0.0,0.0,0.0,0.0,1.0,0.0,0.0
1.0,1,0,0,-0.37233526256993504,1,1,0,1,1,0,1,1,1,1.3923704677663726,0.10186634620028268,1.0,0.0,0.0,0.0,0.0,1.0,0.0
0.0,1,0,0,1.3837729753060528,1,1,1,0,0,0,1,1,1,1.2588613450974042,1.875838740447597,1.0,0.0,0.0,1.0,0.0,0.0,0.0
1.0,0,0,0,-1.1482900653523482,1,0,0,0,0,0,0,0,1,-1.4680624854162763,-0.965514965142752,0.0,1.0,0.0,0.0,1.0,0.0,0.0
0.0,0,1,0,-1.0257708859656514,1,0,0,0,1,0,0,0,1,0.3493304469150567,-0.7817505776934865,1.0,0.0,0.0,0.0,0.0,0.0,0.0
1.0,0,0,0,-1.1482900653523482,1,0,0,0,0,0,0,1,1,0.5078725300844568,-0.8585210805949587,1.0,0.0,0.0,0.0,0.0,1.0,0.0
0.0,0,0,0,1.5879716076172141,1,1,1,1,1,0,1,1,1,1.404052515999907,2.236740166022652,1.0,0.0,0.0,1.0,1.0,0.0,0.0
1.0,0,1,1,-0.5765338948810964,0,0,0,0,0,0,0,0,0,-1.306182674180152,-0.7946716849315385,0.0,0.0,0.0,0.0,1.0,0.0,0.0
1.0,0,1,1,-1.0666106124278838,1,0,0,0,0,0,0,0,1,-0.6703454774691899,-0.8867651532151412,0.0,0.0,0.0,0.0,0.0,0.0,0.0
1.0,1,1,0,-0.7398928007300255,1,0,0,0,0,0,0,0,0,-1.5031086301168806,-0.9010651049433122,0.0,1.0,1.0,0.0,0.0,0.0,1.0
0.0,0,0,0,-1.229969518276813,0,0,0,0,0,1,0,0,1,-1.127614222610407,-0.9765012422091851,0.0,0.0,0.0,0.0,0.0,1.0,0.0
0.0,0,1,0,1.5879716076172141,1,1,0,1,1,1,1,1,0,1.4874957176680124,2.4255306640326744,1.0,0.0,0.0,1.0,0.0,1.0,0.0
0.0,0,0,0,-1.0666106124278838,1,0,0,1,0,0,0,1,1,0.7098050781212714,-0.7738778204434515,1.0,0.0,0.0,0.0,0.0,0.0,1.0
1.0,0,0,0,0.8120168048348009,1,1,1,1,1,1,1,1,1,0.8199501043231703,1.0665682218839612,0.0,0.0,0.0,1.0,0.0,0.0,1.0
1.0,0,0,0,-1.1482900653523482,1,0,0,0,1,0,0,0,1,0.3376483986815217,-0.859588573103438,1.0,0.0,0.0,0.0,0.0,0.0,0.0
0.0,0,1,1,0.40361954021247815,1,0,0,0,0,0,1,0,1,0.4427868327833345,0.502398431152633,1.0,0.0,0.0,0.0,1.0,0.0,0.0
1.0,0,0,0,-1.270809244739045,1,0,0,0,0,0,0,1,1,0.5395809467183363,-0.9668048519238313,1.0,0.0,0.0,0.0,0.0,0.0,1.0
1.0,0,0,0,-1.0257708859656514,1,0,0,1,0,0,1,1,1,0.9868365076593808,-0.7052024690646143,1.0,0.0,0.0,0.0,0.0,1.0,0.0
1.0,0,0,0,1.3837729753060528,1,1,1,1,1,1,1,1,1,1.656050985037585,2.2814191753879642,1.0,0.0,1.0,0.0,0.0,0.0,0.0
1.0,0,0,0,-0.9032517065789546,1,0,0,0,0,0,0,0,0,0.18244404357884614,-0.6756240308088327,1.0,0.0,0.0,0.0,0.0,0.0,1.0
0.0,1,1,0,1.261253795919356,1,1,0,1,1,0,1,1,1,1.2955763538313703,1.8791968939638544,1.0,0.0,0.0,0.0,0.0,1.0,0.0
0.0,0,0,0,1.3020935223815882,1,1,0,0,0,0,0,0,0,-1.3345533627473078,-0.27208962317638424,0.0,1.0,1.0,0.0,0.0,0.0,1.0
1.0,0,1,0,-0.0047777244098446,1,1,0,1,0,0,1,1,1,1.1403719987286942,0.39649427854057906,1.0,0.0,0.0,0.0,1.0,0.0,0.0
1.0,0,0,0,-1.270809244739045,1,0,0,0,0,0,0,1,0,-0.3048642541628889,-0.9780580021173841,0.0,0.0,0.0,0.0,0.0,0.0,1.0
0.0,1,0,0,-0.9849311595034191,1,0,0,0,1,0,1,1,1,0.9935119637928294,-0.6723103561470948,1.0,0.0,0.0,0.0,1.0,0.0,0.0
0.0,0,0,0,-1.1482900653523482,0,0,0,0,0,0,0,0,1,-1.349573139047567,-0.9600440660367954,0.0,0.0,0.0,0.0,0.0,0.0,1.0
1.0,0,0,0,-1.270809244739045,1,1,0,0,0,0,0,0,1,0.34265499078160816,-0.9694291043405097,1.0,0.0,0.0,0.0,0.0,1.0,0.0
0.0,0,0,0,-0.82157225365449,1,0,0,0,1,0,1,1,0,1.0285581084934334,-0.5067600596237579,1.0,0.0,1.0,0.0,0.0,0.0,1.0
0.0,0,0,0,0.8936962577592654,1,1,1,0,1,0,1,1,1,1.3105961301316293,1.505418840005268,1.0,0.0,1.0,0.0,0.0,0.0,0.0
0.0,0,0,0,-0.33149553610770277,1,0,0,0,0,0,0,0,0,-1.4764068055830868,-0.768206766492155,0.0,1.0,1.0,0.0,1.0,0.0,0.0
1.0,1,0,0,0.4444592666747104,1,1,0,0,0,0,1,0,1,0.6730900693873048,0.6187551145768805,1.0,0.0,0.0,0.0,0.0,1.0,0.0
0.0,0,1,0,1.5879716076172141,1,0,0,0,0,0,0,0,1,-1.461387029282828,-0.33860775011100275,0.0,1.0,0.0,1.0,0.0,0.0,0.0
0.0,0,1,1,0.4444592666747104,1,0,0,0,0,0,1,0,0,-0.2848378857625436,0.10889400521443839,0.0,0.0,0.0,0.0,0.0,1.0,0.0
0.0,1,1,0,1.4654524282305172,1,1,0,1,0,0,0,1,1,0.8316321525567048,1.7227202837625926,1.0,0.0,0.0,0.0,0.0,0.0,0.0
0.0,0,1,0,-1.270809244739045,1,0,0,0,0,0,0,0,1,-1.4814133976831734,-0.9937367983356743,0.0,1.0,0.0,0.0,0.0,0.0,0.0
1.0,1,1,0,1.1795743429948913,1,1,0,1,0,0,0,1,0,-0.021157368491331003,0.7330657706932092,0.0,0.0,1.0,0.0,0.0,0.0,0.0
0.0,0,1,1,1.547131881154982,1,0,0,1,1,1,1,1,1,0.5245611704180778,1.5404681773670061,0.0,0.0,0.0,1.0,0.0,0.0,0.0
1.0,0,1,1,-0.7807325271922578,1,0,0,0,0,0,0,0,1,-1.496433173983432,-0.8906792924128987,0.0,1.0,0.0,0.0,0.0,0.0,1.0
1.0,0,1,1,1.1795743429948913,1,1,1,1,0,0,1,1,1,1.3790195554994755,1.909575951600996,1.0,0.0,1.0,0.0,0.0,1.0,0.0
1.0,0,0,1,0.689497625448104,1,1,0,0,0,0,0,0,0,0.3509993109484187,0.6332997000049115,1.0,0.0,0.0,0.0,1.0,0.0,0.0
0.0,0,1,1,-0.5356941684188642,1,0,0,0,1,0,0,0,1,-0.5034590741329793,-0.5744791156304156,0.0,0.0,0.0,0.0,0.0,0.0,0.0
0.0,0,1,1,-0.7807325271922578,1,0,0,0,0,0,0,0,0,-1.46305589331619,-0.8816278455180844,0.0,1.0,0.0,1.0,0.0,0.0,1.0
0.0,0,1,0,-0.08645717733430915,1,0,0,1,1,1,0,1,0,0.18578177164557017,-0.024720473763558376,0.0,0.0,1.0,0.0,0.0,0.0,0.0
0.0,0,1,1,1.6288113340794463,0,0,1,1,1,1,1,1,0,0.03391514460961866,1.0322972644763229,0.0,0.0,0.0,1.0,0.0,0.0,0.0
1.0,0,0,0,-1.270809244739045,1,0,0,0,0,0,0,0,0,0.15741108307841456,-0.971897680766368,1.0,0.0,0.0,0.0,0.0,0.0,1.0
0.0,0,1,0,0.8936962577592654,1,1,1,1,0,0,1,1,0,1.3973770598664585,1.5606838167463335,1.0,0.0,1.0,0.0,0.0,0.0,0.0
0.0,1,0,0,-0.8624119801167224,1,0,0,0,0,0,1,1,0,0.8349698806234293,-0.5367610469974793,1.0,0.0,0.0,0.0,0.0,0.0,0.0
1.0,0,0,0,0.97537571068373,1,0,0,1,1,1,1,1,1,0.5712893633522165,1.0141054129776539,0.0,0.0,0.0,1.0,1.0,0.0,0.0
0.0,0,0,0,-0.12729690379654143,1,0,0,0,0,0,1,0,1,0.4744952494172146,0.05767660423469027,1.0,0.0,0.0,0.0,0.0,1.0,0.0
1.0,0,1,1,-0.0047777244098446,1,0,0,0,0,0,0,0,1,-1.509784086250329,-0.7027338926387559,0.0,1.0,0.0,0.0,1.0,0.0,0.0
1.0,1,0,0,-0.7807325271922578,1,0,0,1,0,0,1,0,1,-0.1596730832603857,-0.6521169561950274,0.0,0.0,0.0,0.0,0.0,1.0,0.0
1.0,0,0,0,1.3837729753060528,1,1,1,1,1,0,0,1,1,0.33097294254807313,1.1315073494831207,0.0,0.0,0.0,1.0,1.0,0.0,0.0
1.0,0,1,0,1.6288113340794463,1,1,1,1,0,1,0,1,1,1.197113375863006,2.2553545666392605,1.0,0.0,0.0,1.0,0.0,0.0,0.0
0.0,0,0,1,1.547131881154982,1,1,1,1,0,1,0,0,0,0.0439283288097912,1.1729171630412152,0.0,0.0,0.0,1.0,0.0,1.0,0.0
1.0,0,0,1,-0.9440914330411869,1,0,0,0,0,0,1,0,0,-0.3115397102963372,-0.8027223575996535,0.0,0.0,0.0,0.0,0.0,1.0,0.0
0.0,0,0,1,0.6486578989858718,1,0,0,1,1,1,1,0,1,1.0285581084934334,1.0556486630993083,1.0,0.0,0.0,1.0,0.0,0.0,1.0
1.0,0,0,0,-1.0666106124278838,1,0,0,0,0,1,0,0,1,-0.5067968021997036,-0.8636806277192755,0.0,0.0,0.0,0.0,1.0,0.0,0.0
1.0,0,0,0,0.6486578989858718,1,0,0,0,0,0,0,0,0,-1.4930954459167078,-0.5559759121501072,0.0,1.0,1.0,0.0,0.0,0.0,0.0
1.0,0,1,0,-0.6990530742677933,1,1,0,0,1,0,1,1,1,1.215470880229989,-0.3337817943955858,1.0,0.0,0.0,0.0,0.0,1.0,0.0
1.0,0,1,1,1.5879716076172141,1,0,0,0,0,0,0,0,0,-1.509784086250329,-0.38964723567267096,0.0,1.0,0.0,1.0,0.0,0.0,1.0
1.0,0,0,0,-1.270809244739045,1,0,0,0,1,1,1,1,1,0.36101249514859124,-0.9691844706406497,0.0,0.0,0.0,0.0,0.0,1.0,0.0
1.0,0,1,0,0.19942090790131678,1,1,1,0,1,0,1,1,0,0.48617729765074913,0.292369280109324,0.0,0.0,1.0,0.0,0.0,0.0,1.0
0.0,1,1,0,1.3837729753060528,1,1,0,1,1,0,1,0,1,0.20580814004591524,1.1050201916164775,0.0,0.0,1.0,0.0,0.0,0.0,0.0
1.0,0,1,1,-0.9032517065789546,1,0,0,1,0,0,0,0,0,-0.5051279381663416,-0.7911800948517207,0.0,0.0,1.0,0.0,0.0,0.0,1.0
0.0,0,1,0,1.1795743429948913,1,1,0,0,0,0,0,0,0,-1.3445665469474806,-0.37210032756454187,0.0,1.0,0.0,1.0,0.0,0.0,1.0
1.0,0,0,0,-1.229969518276813,1,0,0,0,0,0,0,0,0,-1.511452950283691,-0.9802597054161228,0.0,1.0,0.0,0.0,0.0,0.0,1.0
0.0,0,1,1,0.03606200205238767,1,1,0,0,0,0,0,0,0,-1.349573139047567,-0.6298108106532613,0.0,1.0,0.0,0.0,0.0,0.0,0.0
0.0,1,1,0,0.4444592666747104,0,0,0,1,1,0,1,1,0,-0.3048642541628889,0.03901772476356177,0.0,0.0,0.0,0.0,1.0,0.0,0.0
1.0,0,1,0,1.6288113340794463,1,1,0,1,1,1,1,1,1,1.5325550465687892,2.5387293487860036,1.0,0.0,0.0,1.0,1.0,0.0,0.0
0.0,1,1,0,-0.6173736213433287,1,1,0,0,0,0,1,1,1,0.9300951305250691,-0.28456594186923645,1.0,0.0,0.0,0.0,0.0,1.0,0.0
1.0,0,0,0,-1.270809244739045,1,0,0,0,0,0,0,0,1,0.17243085937867314,-0.9716975259210282,1.0,0.0,0.0,0.0,0.0,1.0,0.0
0.0,0,1,0,1.547131881154982,1,1,1,1,1,1,1,1,1,1.0051940120263638,2.04806086514893,0.0,0.0,0.0,1.0,1.0,0.0,0.0
0.0,0,0,0,-1.270809244739045,1,1,0,0,0,0,0,0,1,-0.4867704337993583,-0.9804820996887227,0.0,0.0,0.0,0.0,0.0,1.0,0.0
1.0,0,0,0,-0.33149553610770277,1,0,0,0,0,0,1,1,1,0.8566651130571363,-0.007106847373649394,1.0,0.0,0.0,0.0,0.0,1.0,0.0
1.0,0,1,1,1.424612701768285,1,0,1,1,0,1,0,0,0,-0.15466649116029943,0.773741683151724,0.0,0.0,1.0,0.0,0.0,0.0,1.0
0.0,0,0,0,-0.49485444195663186,1,1,1,0,0,0,1,0,1,0.8149435122230837,-0.1668971322366498,1.0,0.0,0.0,0.0,0.0,0.0,0.0
1.0,0,0,0,-1.1891297918145805,1,1,0,0,0,0,0,1,1,0.6881098456875638,-0.8849859990343422,1.0,0.0,0.0,0.0,0.0,1.0,0.0
1.0,0,0,0,-0.12729690379654143,1,1,0,1,1,0,0,1,0,0.20747700407927772,-0.1289344299038535,0.0,0.0,1.0,0.0,1.0,0.0,0.0
0.0,1,0,0,-1.1891297918145805,1,0,0,0,1,0,0,0,0,0.30593998204764156,-0.9154095355260032,1.0,0.0,0.0,0.0,0.0,1.0,0.0
1.0,0,0,0,-0.82157225365449,1,0,0,0,0,1,1,0,1,-0.16301081132710996,-0.6790489026068706,0.0,0.0,1.0,0.0,0.0,1.0,0.0
0.0,1,0,0,-1.0666106124278838,1,1,0,1,0,0,1,1,1,1.1203456303283492,-0.7534175473642643,1.0,0.0,0.0,0.0,0.0,1.0,0.0
0.0,1,1,0,1.547131881154982,1,0,0,0,0,0,0,0,1,-1.506446358183605,-0.35246291329397417,0.0,1.0,0.0,1.0,1.0,0.0,0.0
1.0,1,1,1,1.6288113340794463,0,0,1,1,1,1,1,1,1,0.0038755920091005772,1.1021290660726795,0.0,0.0,0.0,1.0,0.0,0.0,0.0
1.0,0,0,0,-0.6173736213433287,0,0,0,0,0,0,0,0,0,-1.321202450480411,-0.8325009507007749,0.0,0.0,0.0,0.0,1.0,0.0,0.0
1.0,0,1,1,0.4444592666747104,0,0,0,1,0,0,0,0,0,-1.1810178716779942,-0.4583225870515082,0.0,0.0,0.0,0.0,1.0,0.0,0.0
0.0,0,1,1,-0.9849311595034191,1,0,0,0,0,1,1,1,1,0.12904039451125848,-0.7517495903197653,0.0,0.0,0.0,0.0,0.0,1.0,0.0
1.0,0,1,0,1.138734616532659,1,1,0,0,1,0,1,1,0,1.2171397442633516,1.6959440133415689,1.0,0.0,0.0,1.0,1.0,0.0,0.0
0.0,0,0,0,-1.270809244739045,1,0,0,0,0,0,0,0,0,0.13237812257798298,-0.9722312721752677,1.0,0.0,0.0,0.0,0.0,1.0,0.0
0.0,0,0,0,0.1585811814390845,1,0,0,0,1,1,0,1,1,0.7632087271888586,0.3663376151760378,1.0,0.0,0.0,0.0,0.0,1.0,0.0
1.0,1,1,0,-0.9440914330411869,1,0,0,0,0,0,0,0,1,-1.4497049810492932,-0.9117845088826254,0.0,1.0,0.0,0.0,0.0,0.0,1.0
0.0,0,1,0,1.6288113340794463,1,1,1,1,1,1,1,1,0,0.7798973675224796,1.8976111397351236,0.0,0.0,0.0,1.0,0.0,0.0,0.0
1.0,0,0,0,-0.6990530742677933,0,0,0,0,1,0,1,1,0,-0.46507520136565095,-0.6966625289967796,0.0,0.0,1.0,0.0,0.0,1.0,0.0
0.0,0,0,0,1.138734616532659,1,1,0,1,1,0,1,1,0,1.335629090632061,1.8144356817827754,1.0,0.0,0.0,1.0,0.0,1.0,0.0
0.0,0,0,0,0.8120168048348009,1,0,1,0,0,0,0,0,1,-0.49845248203289305,0.12501758997792833,0.0,0.0,0.0,0.0,0.0,0.0,0.0
1.0,0,1,0,1.547131881154982,1,1,0,1,1,1,0,1,1,1.1353654066286083,2.047994146867149,1.0,0.0,0.0,1.0,0.0,0.0,0.0
0.0,0,1,0,1.0570551636081944,1,1,0,1,0,1,0,0,1,-0.1596730832603857,0.5562623239763194,0.0,0.0,0.0,1.0,1.0,0.0,0.0
0.0,0,0,0,1.3020935223815882,1,1,0,0,0,0,0,0,1,-1.3445665469474806,-0.2905705872294327,0.0,1.0,1.0,0.0,0.0,0.0,0.0
0.0,0,1,0,-0.6173736213433287,0,0,0,1,1,0,0,0,1,-0.9690721394410069,-0.7154103661769479,0.0,0.0,0.0,0.0,1.0,0.0,0.0
1.0,0,0,0,0.5669784460614072,1,1,1,1,0,0,0,1,1,0.9684790032923977,0.8452414417925794,1.0,0.0,0.0,0.0,0.0,1.0,0.0
0.0,0,1,1,-0.9849311595034191,1,0,0,0,1,0,1,1,1,0.9851676436260188,-0.6570318696194843,1.0,0.0,0.0,0.0,0.0,1.0,0.0
1.0,0,0,0,1.3429332488438204,1,1,0,0,0,0,0,0,1,-1.321202450480411,-0.23550576533370704,0.0,1.0,0.0,1.0,0.0,0.0,0.0
1.0,0,0,0,0.8120168048348009,1,1,1,0,0,1,1,1,1,0.5028659379843702,0.8732631201401619,0.0,0.0,0.0,1.0,1.0,0.0,0.0
0.0,0,0,0,-0.8624119801167224,1,0,0,1,1,1,0,1,1,0.9851676436260188,-0.5580219394580259,1.0,0.0,0.0,0.0,0.0,1.0,0.0
0.0,0,0,0,-1.0257708859656514,1,0,0,0,0,0,0,0,0,-1.4697313494496385,-0.933423471606592,0.0,1.0,0.0,0.0,0.0,0.0,1.0
1.0,0,0,0,-0.0047777244098446,1,0,0,0,0,0,0,0,0,-1.479744533649811,-0.688078110074425,0.0,1.0,1.0,0.0,1.0,0.0,0.0
1.0,1,1,0,-1.270809244739045,1,1,0,0,0,0,1,1,1,1.0152071962265363,-0.9604666151547352,1.0,0.0,0.0,0.0,0.0,1.0,0.0
1.0,0,0,1,-1.270809244739045,1,0,0,0,0,0,0,0,1,0.1924572277790187,-0.9714306527939084,1.0,0.0,0.0,0.0,0.0,0.0,1.0
1.0,0,1,0,1.0570551636081944,1,1,0,0,1,0,1,1,0,1.1904379197295574,1.5241221983309163,1.0,0.0,1.0,0.0,1.0,0.0,0.0
1.0,0,0,1,1.2204140694571237,1,1,0,0,0,0,0,0,1,-1.3445665469474806,-0.3742797914360205,0.0,1.0,0.0,1.0,0.0,0.0,1.0
1.0,0,1,1,0.11774145497685222,1,1,1,1,1,1,0,0,1,0.14906676291160403,0.10482419002586088,0.0,0.0,0.0,1.0,1.0,0.0,0.0
1.0,0,0,0,-0.37233526256993504,1,0,1,0,1,0,1,1,1,1.177087007462661,0.017022931203435565,1.0,0.0,1.0,0.0,1.0,0.0,0.0
0.0,1,0,0,-0.658213347805561,1,1,0,0,0,0,1,1,1,1.0585976610939516,-0.29946635813342715,1.0,0.0,0.0,0.0,0.0,1.0,0.0
1.0,0,1,0,-0.4131749890321673,1,0,0,0,1,0,1,0,1,0.7448512228218755,-0.17961808462936182,1.0,0.0,0.0,0.0,0.0,0.0,0.0
1.0,0,0,0,-1.1482900653523482,1,0,0,0,0,0,0,0,1,-0.6636700213357416,-0.9243942641390377,0.0,0.0,0.0,0.0,1.0,0.0,0.0
1.0,0,1,0,0.24026063436354905,1,0,1,1,0,0,0,0,1,0.4928527537841977,0.337404120310796,1.0,0.0,0.0,0.0,0.0,1.0,0.0
0.0,0,0,1,-1.270809244739045,1,1,0,0,0,0,0,0,0,-1.3579174592143775,-0.9920910807184354,0.0,1.0,0.0,0.0,0.0,0.0,1.0
1.0,0,1,1,-1.270809244739045,1,0,0,0,0,0,1,1,0,0.8166123762564462,-0.9631131069986735,1.0,0.0,0.0,0.0,0.0,0.0,1.0
0.0,0,1,1,1.0978948900704268,1,0,0,1,0,1,1,1,1,0.37603227144885026,1.0176192424847321,0.0,0.0,0.0,1.0,1.0,0.0,0.0
1.0,0,0,0,-0.2906558096454705,1,0,0,0,0,0,0,0,0,0.20914586811263974,-0.21666897044449882,1.0,0.0,0.0,0.0,0.0,0.0,1.0
1.0,0,0,0,-1.270809244739045,1,0,0,0,0,0,1,0,1,0.4961904818509217,-0.9673830770325907,1.0,0.0,0.0,0.0,0.0,1.0,0.0
0.0,0,0,0,0.8936962577592654,0,0,1,0,0,1,0,1,0,-0.687034117802811,0.05124940975655415,0.0,0.0,1.0,0.0,0.0,0.0,0.0
0.0,0,1,0,-1.229969518276813,1,0,0,0,0,0,0,0,0,-1.496433173983432,-0.9796370014528432,0.0,1.0,0.0,0.0,0.0,0.0,0.0
1.0,1,1,1,1.6288113340794463,1,1,1,1,1,1,1,1,1,1.6777462174712925,2.6428988260717783,1.0,0.0,0.0,1.0,0.0,0.0,0.0
1.0,0,1,0,1.0570551636081944,1,0,1,1,1,0,0,0,0,-0.1463221709934889,0.5823714115795433,0.0,0.0,1.0,0.0,1.0,0.0,0.0
0.0,0,1,0,0.1585811814390845,1,1,1,1,1,1,0,1,1,1.3806884195328375,0.7027311919105882,1.0,0.0,0.0,1.0,1.0,0.0,0.0
0.0,1,1,1,0.6078181725236395,1,0,0,0,0,0,0,0,0,0.19579495584574272,0.46915048739895376,1.0,0.0,0.0,0.0,0.0,0.0,0.0
0.0,0,0,0,0.24026063436354905,1,0,0,0,0,0,0,0,0,-1.4814133976831734,-0.6722658772925748,0.0,1.0,0.0,1.0,0.0,0.0,1.0
0.0,0,1,1,1.4654524282305172,1,1,0,1,0,1,1,1,1,1.3039206739981808,2.1283007187029597,1.0,0.0,0.0,1.0,1.0,0.0,0.0
0.0,1,0,0,-1.270809244739045,1,0,0,1,0,0,0,1,1,0.7114739421546333,-0.9645141909160526,1.0,0.0,0.0,0.0,0.0,1.0,0.0
0.0,0,1,1,1.3429332488438204,1,1,0,0,0,0,0,0,1,-1.3145269943469626,-0.2250309950942536,0.0,1.0,0.0,1.0,0.0,0.0,0.0
0.0,1,1,0,-0.33149553610770277,1,1,0,0,0,0,1,1,1,0.9634724111923112,0.004257499956203603,1.0,0.0,0.0,0.0,0.0,1.0,0.0
0.0,0,0,0,-0.4540147154943996,0,0,1,0,0,1,0,0,0,-0.9874296438079899,-0.6601009105813623,0.0,0.0,0.0,1.0,0.0,0.0,1.0
1.0,0,1,1,1.138734616532659,1,0,1,1,1,0,0,0,0,-0.1396467148600404,0.6404830350098869,0.0,0.0,0.0,1.0,0.0,0.0,0.0
1.0,0,1,1,1.6288113340794463,1,1,0,0,0,0,0,0,0,-1.2878251698131689,-0.17926225379320207,0.0,1.0,0.0,1.0,0.0,0.0,1.0
1.0,1,0,0,-0.6173736213433287,1,0,0,0,0,0,0,0,1,-0.6553257011689311,-0.6600119528723225,0.0,0.0,0.0,0.0,0.0,1.0,0.0
0.0,0,0,0,0.6486578989858718,1,1,0,0,0,0,0,0,0,-1.3579174592143775,-0.4765589174046968,0.0,1.0,0.0,1.0,1.0,0.0,0.0
0.0,0,1,1,0.19942090790131678,1,1,0,1,0,0,1,0,1,0.8049303280229112,0.48307236886370514,1.0,0.0,0.0,0.0,0.0,1.0,0.0
0.0,0,1,1,0.5669784460614072,1,1,0,0,0,0,0,0,0,-1.3262090425804973,-0.484187040954872,0.0,1.0,1.0,0.0,0.0,0.0,1.0
1.0,0,0,0,1.424612701768285,1,1,1,1,1,1,1,1,1,0.8049303280229112,1.6228874947925145,0.0,0.0,1.0,0.0,0.0,0.0,0.0
1.0,0,1,0,1.0978948900704268,0,0,0,0,0,0,1,1,1,-0.6803586616693627,0.18337384710813187,0.0,0.0,0.0,0.0,0.0,1.0,0.0
1.0,1,1,0,-0.49485444195663186,1,0,0,1,0,0,0,0,1,0.2992645259141935,-0.3518179699034345,1.0,0.0,0.0,0.0,0.0,1.0,0.0
0.0,0,0,0,-1.270809244739045,1,0,0,1,0,0,0,0,0,-0.5067968021997036,-0.9807489728158425,0.0,0.0,0.0,0.0,0.0,1.0,0.0
1.0,0,1,0,1.4654524282305172,1,1,1,1,1,1,1,1,1,0.8716848893573954,1.800669476308844,0.0,0.0,0.0,1.0,1.0,0.0,0.0
0.0,0,0,0,-1.270809244739045,1,0,0,0,0,0,0,0,1,-1.4830822617165353,-0.9937590377629344,0.0,1.0,0.0,0.0,0.0,0.0,1.0
1.0,0,1,0,-0.6173736213433287,0,0,1,0,1,0,0,0,0,-1.0107937402750595,-0.7391175956360931,0.0,0.0,0.0,0.0,0.0,0.0,1.0
1.0,0,1,0,1.6288113340794463,1,1,1,1,1,0,1,1,1,0.6864409816542018,1.702927193501205,0.0,0.0,0.0,1.0,0.0,1.0,0.0
1.0,0,0,1,-1.270809244739045,1,0,0,0,0,1,0,1,1,-0.1713551314939205,-0.9762788479365853,0.0,0.0,0.0,0.0,0.0,0.0,1.0
0.0,0,0,0,-0.9849311595034191,1,0,1,0,0,0,0,0,1,-0.49511475396616883,-0.8401735531054702,0.0,0.0,0.0,0.0,0.0,1.0,0.0
0.0,0,1,0,-0.24981608318323825,0,0,1,0,1,0,0,0,0,-0.9774164596078174,-0.5674959354707801,0.0,0.0,1.0,0.0,1.0,0.0,0.0
1.0,0,0,0,-1.1482900653523482,1,0,0,0,0,0,0,0,1,0.18411290761220817,-0.8969285714729547,1.0,0.0,0.0,0.0,0.0,1.0,0.0
1.0,0,1,1,0.689497625448104,0,0,0,1,0,0,1,1,1,-0.4300290566650468,0.12755288468556666,0.0,0.0,1.0,0.0,0.0,0.0,0.0
0.0,0,1,1,-0.37233526256993504,1,0,0,1,1,1,0,0,0,0.6380439246867007,-0.1575565727874556,1.0,0.0,0.0,0.0,0.0,1.0,0.0
0.0,0,0,0,-1.1482900653523482,1,0,0,0,0,0,1,0,0,-0.30653311819625095,-0.9016433300520719,0.0,0.0,0.0,0.0,1.0,0.0,0.0
0.0,0,0,0,0.7711770783725685,1,1,0,0,0,0,0,0,0,-1.3262090425804973,-0.42987835958598586,0.0,1.0,0.0,1.0,0.0,0.0,0.0
0.0,0,1,1,1.6288113340794463,1,1,1,1,1,1,0,1,0,0.5395809467183363,1.5880160728488564,0.0,0.0,0.0,1.0,0.0,0.0,0.0
0.0,0,0,0,1.6288113340794463,1,1,0,1,1,1,1,1,1,1.5659323272360313,2.5612134097458497,1.0,0.0,0.0,1.0,0.0,0.0,0.0
1.0,1,1,0,-0.658213347805561,1,0,0,0,1,1,0,1,1,0.896717849857827,-0.31776940676839577,1.0,0.0,0.0,0.0,0.0,1.0,0.0
1.0,0,1,0,1.6288113340794463,1,1,0,0,0,0,0,0,0,-1.3111892662802385,-0.2417772838210231,0.0,1.0,0.0,1.0,0.0,0.0,1.0
0.0,0,0,0,0.5261387195991749,1,0,1,1,0,1,0,0,1,-0.07122328949219417,0.24106292142053584,0.0,0.0,1.0,0.0,1.0,0.0,0.0
0.0,0,1,1,-1.1891297918145805,1,0,0,1,0,1,0,0,1,0.5112102581511807,-0.8954385298465357,1.0,0.0,0.0,0.0,0.0,1.0,0.0
0.0,1,0,0,-1.270809244739045,1,0,0,0,0,0,0,0,1,0.21582132424608824,-0.9711193008122685,1.0,0.0,0.0,0.0,0.0,1.0,0.0
0.0,0,0,0,-0.5765338948810964,1,0,0,0,0,0,0,0,0,-1.4880888538166215,-0.8217148284796817,0.0,1.0,1.0,0.0,0.0,0.0,1.0
0.0,0,0,0,-0.9849311595034191,1,0,0,0,0,0,0,0,0,-1.4914265818833459,-0.939783947802948,0.0,1.0,0.0,1.0,0.0,0.0,1.0
0.0,0,0,0,-1.270809244739045,1,0,0,0,0,0,0,1,1,-0.2815001576958194,-0.9777466501357444,0.0,0.0,0.0,0.0,0.0,1.0,0.0
1.0,0,1,1,1.5062921546927495,1,1,0,1,1,1,1,1,1,0.5762959554523029,1.4886725512784982,0.0,0.0,0.0,1.0,0.0,0.0,0.0
1.0,0,1,1,0.24026063436354905,1,1,0,1,1,0,1,0,1,1.000187419926278,0.6092811185641265,1.0,0.0,0.0,0.0,0.0,1.0,0.0
0.0,0,0,0,-1.270809244739045,1,1,0,0,0,0,0,0,1,0.32763521448134914,-0.9696292591858494,1.0,0.0,0.0,0.0,0.0,1.0,0.0
1.0,0,0,0,-1.229969518276813,1,0,0,0,0,1,1,1,0,0.18745063567893216,-0.9438760024187854,0.0,0.0,0.0,0.0,0.0,1.0,0.0
1.0,0,0,0,-1.1482900653523482,1,0,0,0,0,0,1,1,1,0.7932482797893766,-0.8379051315249515,1.0,0.0,0.0,0.0,0.0,1.0,0.0
0.0,0,1,0,-0.9032517065789546,1,0,0,0,0,0,0,0,0,-1.4880888538166215,-0.9207469980683999,0.0,1.0,1.0,0.0,0.0,0.0,1.0
0.0,0,1,1,0.1585811814390845,1,1,0,1,1,0,1,0,1,1.090306077727831,0.5352683046428925,1.0,0.0,0.0,0.0,0.0,0.0,0.0
0.0,0,0,0,1.0570551636081944,1,1,1,1,1,1,0,0,1,0.21415246021272577,0.9094689077194192,0.0,0.0,1.0,0.0,1.0,0.0,0.0
1.0,0,0,0,0.97537571068373,1,1,1,1,0,1,0,0,1,-0.0011310000909854545,0.627628646053615,0.0,0.0,1.0,0.0,0.0,0.0,0.0
0.0,0,1,1,1.0978948900704268,1,1,1,0,1,1,1,0,1,0.3927209117824713,1.0074558242269183,0.0,0.0,0.0,1.0,0.0,0.0,1.0
0.0,0,1,1,1.4654524282305172,1,1,1,1,1,1,0,1,1,0.4594754731169556,1.3694469817377128,0.0,0.0,1.0,0.0,0.0,1.0,0.0
0.0,0,1,0,1.6288113340794463,1,1,0,1,1,1,1,1,1,1.4874957176680124,2.604380138057483,1.0,0.0,1.0,0.0,0.0,1.0,0.0
1.0,0,0,0,-1.0257708859656514,1,0,0,0,0,0,0,0,1,0.1624176751785006,-0.7708754977633534,1.0,0.0,0.0,0.0,0.0,1.0,0.0
0.0,0,1,1,0.8120168048348009,1,1,0,0,0,0,0,0,0,-1.3896258758482576,-0.4445119027230568,0.0,1.0,0.0,1.0,0.0,0.0,1.0
0.0,0,0,0,-0.7398928007300255,1,0,0,0,1,0,0,0,0,0.3560059030485047,-0.5464351978555732,1.0,0.0,0.0,0.0,0.0,1.0,0.0
1.0,0,1,1,0.8528565312970331,1,1,1,0,0,1,0,1,0,0.23918542071315735,0.69984006636679,0.0,0.0,0.0,0.0,0.0,1.0,0.0
1.0,0,1,1,-0.82157225365449,1,0,0,0,0,0,0,0,0,-1.5014397660835184,-0.8878548851508804,0.0,1.0,0.0,1.0,0.0,0.0,1.0
0.0,0,0,0,0.6078181725236395,1,1,1,0,1,0,1,0,0,1.0085317400930884,1.0500443274297917,1.0,0.0,1.0,0.0,1.0,0.0,0.0
1.0,0,0,1,1.0162154371459622,1,0,0,0,0,0,0,0,1,-1.5047774941502425,-0.48211877421969335,0.0,1.0,0.0,1.0,0.0,0.0,1.0
0.0,0,0,0,1.547131881154982,0,0,1,1,1,1,0,0,1,-0.6703454774691899,0.3574640836993034,0.0,0.0,0.0,1.0,0.0,0.0,0.0
0.0,0,0,0,-0.6990530742677933,1,0,0,0,1,0,1,1,1,0.9784921874925703,-0.3331590904323061,1.0,0.0,0.0,0.0,1.0,0.0,0.0
0.0,1,1,0,0.40361954021247815,1,0,1,0,0,0,0,0,1,0.3159531662478146,0.43363412206475593,1.0,0.0,0.0,0.0,1.0,0.0,0.0
0.0,0,1,0,0.97537571068373,1,0,1,1,1,0,1,1,1,1.3656686432325786,1.6964999990230685,1.0,0.0,1.0,0.0,1.0,0.0,0.0
1.0,0,1,1,-1.229969518276813,1,0,1,0,0,0,1,1,0,1.0819617575610205,-0.9208581952046998,1.0,0.0,0.0,0.0,0.0,1.0,0.0
0.0,1,0,0,0.6078181725236395,1,1,0,1,1,0,0,0,1,0.6847721176208398,0.7627554060852907,1.0,0.0,0.0,0.0,0.0,0.0,0.0
1.0,0,1,0,0.07690172851461995,1,1,0,1,0,0,0,1,0,0.8065991920562732,0.3317108269322394,1.0,0.0,0.0,0.0,0.0,0.0,1.0
1.0,0,1,1,-0.5765338948810964,1,0,0,0,0,1,0,1,1,0.6981230298877363,-0.2904371506658728,1.0,0.0,0.0,0.0,0.0,1.0,0.0
0.0,0,1,0,-0.04561745087207687,1,0,0,0,0,1,0,0,1,-0.5168099863998762,-0.3362281313941843,0.0,0.0,0.0,0.0,0.0,0.0,1.0
0.0,0,0,1,-0.9032517065789546,1,0,0,0,1,1,1,0,1,0.8816980735575679,-0.5738341722398762,1.0,0.0,0.0,0.0,0.0,1.0,0.0
1.0,0,1,1,1.3020935223815882,1,0,1,0,1,1,1,0,0,0.15240449097832806,0.9755422461088381,0.0,0.0,0.0,1.0,0.0,0.0,1.0
0.0,0,0,0,-1.1891297918145805,1,1,0,0,0,0,0,0,1,0.34265499078160816,-0.9082929188028076,1.0,0.0,0.0,0.0,0.0,1.0,0.0
1.0,0,1,1,1.261253795919356,1,1,0,0,0,0,0,0,0,-1.3161958583803248,-0.3030913847768049,0.0,1.0,0.0,1.0,0.0,0.0,1.0
1.0,0,1,0,0.689497625448104,1,1,1,0,1,1,1,1,0,0.6564014290536837,0.8027863751532658,0.0,0.0,1.0,0.0,0.0,1.0,0.0
0.0,0,0,0,-0.49485444195663186,1,0,0,0,0,0,0,0,1,-1.5281415906173121,-0.8481352680645451,0.0,1.0,0.0,0.0,1.0,0.0,0.0
0.0,0,0,0,-1.0257708859656514,1,0,0,0,0,0,0,1,1,0.48784616168411116,-0.7700748783819937,1.0,0.0,0.0,0.0,0.0,1.0,0.0
1.0,0,1,0,1.424612701768285,1,0,1,1,0,0,1,1,1,1.208795424096541,1.992061987308284,1.0,0.0,1.0,0.0,1.0,0.0,0.0
1.0,0,1,0,0.5669784460614072,1,0,0,0,0,0,0,0,0,-1.5047774941502425,-0.6241619961292247,0.0,1.0,0.0,0.0,0.0,1.0,0.0
0.0,0,0,0,-0.4131749890321673,1,1,0,0,0,0,0,0,1,0.3777011354822123,-0.2094411565850033,1.0,0.0,1.0,0.0,1.0,0.0,0.0
1.0,0,1,0,-1.1891297918145805,0,0,1,0,0,1,0,0,0,-0.9874296438079899,-0.9577978838835368,0.0,0.0,0.0,0.0,0.0,0.0,1.0
1.0,0,0,0,-0.12729690379654143,1,0,0,0,0,0,0,0,1,-1.4981020380167944,-0.7482580002399474,0.0,1.0,1.0,0.0,0.0,0.0,1.0
1.0,0,0,0,-1.270809244739045,1,0,0,0,0,0,0,0,0,-0.6469813810021205,-0.9826170847056812,0.0,0.0,0.0,0.0,0.0,1.0,0.0
1.0,0,1,0,-0.1681366302587737,1,0,1,0,0,1,0,0,0,-0.3449169909635793,-0.3682973855030842,0.0,0.0,1.0,0.0,0.0,0.0,1.0
1.0,0,0,0,-1.1482900653523482,1,0,0,0,1,0,0,0,1,0.30760884608100403,-0.8778471428838867,1.0,0.0,0.0,0.0,0.0,1.0,0.0
0.0,0,0,0,0.8120168048348009,0,0,1,1,0,1,0,0,0,-0.8539205211390215,-0.12115063036285835,0.0,0.0,0.0,1.0,0.0,0.0,1.0
1.0,0,0,0,1.6288113340794463,0,0,1,1,1,1,1,1,1,0.03057741654289417,1.0283608858513051,0.0,0.0,0.0,1.0,0.0,0.0,0.0
0.0,0,0,0,-1.229969518276813,1,0,0,1,0,0,0,0,1,-0.5218165784999627,-0.9622457693355341,0.0,0.0,0.0,0.0,1.0,0.0,0.0
0.0,0,0,0,-0.7807325271922578,1,1,0,1,1,1,0,0,0,0.8249566964232568,-0.49910969664632276,1.0,0.0,0.0,0.0,0.0,1.0,0.0
1.0,0,0,0,0.11774145497685222,1,0,1,1,1,0,0,0,0,-0.11628261839297083,-0.10375939824554913,0.0,0.0,1.0,0.0,0.0,0.0,1.0
0.0,0,0,0,-1.107450338890116,1,0,0,0,0,0,0,1,1,0.5112102581511807,-0.8192907309083431,1.0,0.0,0.0,0.0,0.0,1.0,0.0
1.0,0,1,0,-0.4131749890321673,1,0,1,0,0,1,0,0,1,-0.2815001576958194,-0.42801024769614704,0.0,0.0,1.0,0.0,1.0,0.0,0.0
1.0,0,1,1,0.3219400872880136,1,0,0,0,0,0,0,0,0,-1.5047774941502425,-0.6429543121639131,0.0,1.0,0.0,1.0,0.0,0.0,1.0
0.0,1,1,0,0.24026063436354905,1,1,1,1,0,0,0,1,0,1.0118694681598124,0.5945808571452755,1.0,0.0,1.0,0.0,1.0,0.0,0.0
1.0,0,0,0,-0.8624119801167224,1,0,0,0,0,0,0,0,0,-1.479744533649811,-0.9070252714489885,0.0,1.0,0.0,0.0,0.0,0.0,1.0
1.0,0,0,0,-1.270809244739045,1,1,0,0,0,0,0,0,1,0.3593436311152292,-0.9692067100679098,1.0,0.0,0.0,0.0,0.0,1.0,0.0
0.0,0,0,0,1.4654524282305172,1,0,1,0,1,0,0,0,1,-0.3415792628968551,0.6318096583784922,0.0,0.0,1.0,0.0,1.0,0.0,0.0
1.0,0,0,0,1.3020935223815882,1,0,0,0,0,0,0,0,0,-1.506446358183605,-0.4511614914737926,0.0,1.0,0.0,1.0,0.0,0.0,1.0
1.0,1,1,1,0.4444592666747104,1,1,0,1,1,1,1,1,1,1.5375616386688755,1.0823582152385514,1.0,0.0,0.0,0.0,0.0,0.0,0.0
1.0,0,1,0,0.5669784460614072,1,0,1,1,1,1,0,0,0,0.032246280576256656,0.35257140970210643,0.0,0.0,0.0,1.0,0.0,0.0,1.0
1.0,0,1,1,0.8936962577592654,1,0,0,1,0,1,0,0,1,0.5095413941178187,0.9374238677852219,1.0,0.0,0.0,1.0,0.0,0.0,0.0
0.0,0,0,0,-1.270809244739045,1,1,0,0,0,0,0,0,0,0.3777011354822123,-0.9689620763680499,1.0,0.0,0.0,0.0,0.0,1.0,0.0
0.0,0,1,1,1.5879716076172141,1,0,0,0,0,0,0,0,0,-1.496433173983432,-0.41282071887757654,0.0,1.0,0.0,1.0,0.0,0.0,0.0
0.0,0,0,1,1.2204140694571237,1,1,0,0,0,0,0,0,0,-1.2911628978798932,-0.2738910167844431,0.0,1.0,0.0,1.0,0.0,0.0,0.0
1.0,1,0,1,-1.270809244739045,1,0,0,0,1,0,0,0,1,-0.4851015697659963,-0.9804598602614626,0.0,0.0,0.0,0.0,0.0,0.0,1.0
1.0,0,1,0,-0.9849311595034191,1,0,1,0,0,0,0,0,1,0.3443238548149702,-0.7100506642072912,1.0,0.0,0.0,0.0,0.0,0.0,1.0
0.0,0,0,0,-1.270809244739045,1,0,0,0,1,0,1,0,1,0.6964541658543744,-0.9647143457613924,1.0,0.0,0.0,0.0,1.0,0.0,0.0
1.0,0,1,1,1.0570551636081944,1,0,0,0,0,0,0,0,1,-1.506446358183605,-0.5095844668857762,0.0,1.0,1.0,0.0,0.0,1.0,0.0
0.0,0,0,0,1.424612701768285,1,0,0,0,0,0,0,0,0,-1.4730690775163628,-0.4052370741819212,0.0,1.0,1.0,0.0,0.0,1.0,0.0
0.0,0,1,1,-1.1891297918145805,1,0,0,0,0,0,0,0,0,-1.5214661344838636,-0.9796370014528432,0.0,1.0,0.0,1.0,0.0,0.0,1.0
0.0,0,0,0,-1.107450338890116,1,0,0,0,0,0,0,0,1,-1.5031086301168806,-0.9618232202175943,0.0,1.0,0.0,0.0,1.0,0.0,0.0
1.0,0,1,1,1.138734616532659,1,0,1,1,1,1,0,0,1,0.038921736709704696,0.7444968363048422,0.0,0.0,1.0,0.0,0.0,0.0,0.0
1.0,0,0,0,0.8120168048348009,1,0,1,1,0,0,1,0,1,-0.0478591930251246,0.48391746709958444,0.0,0.0,0.0,1.0,1.0,0.0,0.0
0.0,1,1,0,1.5879716076172141,1,0,1,1,1,1,1,1,1,1.5025154939682714,2.5129538525916795,1.0,0.0,0.0,1.0,0.0,0.0,0.0
1.0,0,0,0,-1.0666106124278838,1,0,0,0,0,0,0,0,0,-0.6653388853691036,-0.8822505494813638,0.0,0.0,0.0,0.0,0.0,1.0,0.0
0.0,0,1,1,1.547131881154982,1,1,0,1,1,1,1,1,1,1.5192041343018925,2.4175689490735994,1.0,0.0,0.0,1.0,0.0,1.0,0.0
1.0,0,1,0,1.6288113340794463,1,1,0,1,1,0,1,1,1,1.3039206739981808,2.2647396049429744,1.0,0.0,0.0,1.0,0.0,0.0,0.0
1.0,0,1,1,0.07690172851461995,1,1,0,0,1,0,0,1,1,0.8466519288569638,0.3747441186803126,1.0,0.0,0.0,0.0,1.0,0.0,0.0
0.0,0,0,1,-1.1482900653523482,1,1,0,0,1,1,0,0,1,0.7481889508885995,-0.8508929570447834,1.0,0.0,0.0,0.0,0.0,0.0,1.0
1.0,0,1,0,-1.270809244739045,1,0,0,0,0,0,1,1,1,0.8700160253240334,-0.962401445326354,1.0,0.0,0.0,0.0,0.0,1.0,0.0
0.0,0,0,0,-1.107450338890116,1,0,0,1,0,0,0,0,0,-0.4717506574990995,-0.8939040093655967,0.0,0.0,0.0,0.0,0.0,0.0,0.0
1.0,0,1,1,1.4654524282305172,1,1,0,0,0,0,0,0,0,-1.3111892662802385,-0.282119604870638,0.0,1.0,0.0,1.0,0.0,0.0,0.0
1.0,0,1,1,1.6288113340794463,0,0,1,1,1,0,0,0,0,-0.8739468895393668,0.22618474458360519,0.0,0.0,0.0,1.0,1.0,0.0,0.0
0.0,0,1,0,1.5879716076172141,0,0,0,1,1,1,1,1,1,-0.10960716225952255,0.9144282999983964,0.0,0.0,0.0,1.0,1.0,0.0,0.0
1.0,0,0,0,-0.5356941684188642,1,0,0,0,0,0,0,0,1,-0.656994565202293,-0.6176458439420489,0.0,0.0,0.0,0.0,0.0,0.0,0.0
1.0,1,1,0,-0.37233526256993504,1,0,1,1,0,0,0,1,1,0.8449830648236019,-0.10246951146446999,1.0,0.0,0.0,0.0,0.0,1.0,0.0
0.0,0,0,1,-0.4540147154943996,1,0,0,0,0,0,0,0,0,-1.4663936213829143,-0.8016326256639141,0.0,1.0,0.0,0.0,0.0,0.0,1.0
1.0,0,1,1,1.0978948900704268,0,0,1,0,1,0,0,0,0,-0.9974428280081628,-0.12195124974421782,0.0,0.0,1.0,0.0,0.0,0.0,1.0
0.0,0,0,0,-0.9440914330411869,1,0,0,0,0,0,0,1,1,0.4961904818509217,-0.6810059722057493,1.0,0.0,0.0,0.0,0.0,1.0,0.0
1.0,0,1,1,-1.0257708859656514,1,0,0,0,1,0,0,0,0,-0.5334986267334972,-0.8514267032990231,0.0,0.0,0.0,0.0,0.0,1.0,0.0
0.0,0,1,1,-0.2906558096454705,1,0,0,0,0,0,0,0,0,-1.489757717849984,-0.771431483444853,0.0,1.0,1.0,0.0,0.0,0.0,1.0
1.0,0,0,0,-1.229969518276813,1,0,0,0,0,0,0,0,0,-1.489757717849984,-0.9837735349232007,0.0,1.0,0.0,0.0,0.0,0.0,1.0
1.0,0,1,1,0.36277981375024587,1,1,1,1,1,0,1,0,1,0.32930407851471116,0.342074400035393,0.0,0.0,0.0,0.0,1.0,0.0,0.0
1.0,1,1,0,-1.229969518276813,1,0,0,0,1,0,1,1,1,1.0285581084934334,-0.9219701665676991,1.0,0.0,0.0,0.0,1.0,0.0,0.0
1.0,0,0,0,0.5261387195991749,1,1,1,0,1,1,1,1,1,1.4607938931342188,1.2054756845498347,1.0,0.0,0.0,0.0,1.0,0.0,0.0
0.0,0,0,0,-1.1891297918145805,0,0,1,0,0,1,0,0,0,-1.0158003323751457,-0.9407847220296475,0.0,0.0,0.0,0.0,0.0,0.0,1.0
0.0,0,0,0,-1.270809244739045,1,0,0,0,0,0,0,0,1,-1.4814133976831734,-0.9937367983356743,0.0,1.0,0.0,0.0,0.0,0.0,1.0
0.0,0,0,0,-0.6990530742677933,1,0,1,1,1,1,1,1,0,0.6597391571204082,-0.42994507786776587,0.0,0.0,0.0,0.0,0.0,0.0,1.0
1.0,0,0,0,-0.5765338948810964,1,0,0,0,0,0,0,0,0,-1.5031086301168806,-0.8198467165898428,0.0,1.0,1.0,0.0,0.0,0.0,1.0
1.0,1,1,0,-0.2906558096454705,1,1,1,0,0,0,0,1,1,0.8132746481897217,-0.03426118805809255,1.0,0.0,1.0,0.0,0.0,1.0,0.0
0.0,1,1,0,-1.270809244739045,1,0,0,0,0,0,0,0,1,0.1924572277790187,-0.9714306527939084,1.0,0.0,0.0,0.0,0.0,0.0,1.0
0.0,0,0,0,-0.9032517065789546,1,0,0,1,0,1,0,1,0,0.007213320075825072,-0.6978412186415589,0.0,0.0,1.0,0.0,0.0,0.0,1.0
0.0,0,1,1,1.0162154371459622,1,0,0,0,0,0,0,0,1,-1.4880888538166215,-0.5189695051894904,0.0,1.0,0.0,1.0,0.0,0.0,0.0
0.0,0,0,0,-1.229969518276813,1,0,0,0,0,0,0,0,1,-1.4680624854162763,-0.9850411822770199,0.0,1.0,0.0,0.0,0.0,0.0,0.0
0.0,0,1,1,1.5062921546927495,1,1,1,1,1,1,1,1,0,1.6210048403369808,2.508906276830362,1.0,0.0,0.0,1.0,1.0,0.0,0.0
1.0,1,1,0,-0.20897635672100598,0,0,0,0,0,0,0,1,0,-0.940701450873851,-0.5437442271571149,0.0,0.0,0.0,0.0,0.0,0.0,0.0
1.0,0,0,0,-1.1891297918145805,1,0,0,1,0,0,0,1,0,0.6547325650203217,-0.898218458254034,1.0,0.0,0.0,0.0,0.0,1.0,0.0
1.0,0,1,1,1.261253795919356,1,0,0,1,1,0,0,0,1,0.5212234423513533,1.175074387485434,1.0,0.0,0.0,0.0,1.0,0.0,0.0
1.0,0,1,1,1.138734616532659,1,1,0,1,0,1,1,1,1,1.3039206739981808,1.652599369611856,1.0,0.0,0.0,0.0,0.0,0.0,0.0
0.0,0,0,0,-0.2906558096454705,1,0,0,0,0,0,0,0,1,-1.5181284064171394,-0.7660940209024564,0.0,1.0,0.0,0.0,1.0,0.0,0.0
1.0,0,0,0,-1.0666106124278838,1,0,0,1,0,0,0,1,1,0.6580702930870462,-0.755307898681363,1.0,0.0,0.0,0.0,0.0,1.0,0.0
0.0,0,0,0,-0.9032517065789546,1,0,0,0,0,0,0,0,0,-1.5298104546506741,-0.9301765152266341,0.0,1.0,0.0,0.0,0.0,0.0,1.0
1.0,0,1,1,1.424612701768285,1,0,1,1,0,0,0,0,1,-0.3499235830636656,0.704421388382347,0.0,0.0,0.0,1.0,0.0,0.0,0.0
1.0,0,0,0,0.6486578989858718,1,1,0,1,1,0,1,1,1,1.449111844900684,1.2511777075691062,1.0,0.0,0.0,1.0,0.0,0.0,0.0
1.0,1,0,0,-0.5356941684188642,1,0,0,0,1,0,1,1,1,1.0419090207603305,-0.21197645129264164,1.0,0.0,0.0,0.0,1.0,0.0,0.0
0.0,1,0,0,1.5062921546927495,1,1,1,0,1,1,1,1,0,1.5208729983352545,2.3187146949029613,1.0,0.0,0.0,1.0,1.0,0.0,0.0
1.0,0,0,0,-0.4131749890321673,1,0,1,0,0,1,0,0,0,-0.31988403046314773,-0.4453792403861962,0.0,0.0,0.0,0.0,0.0,0.0,1.0
0.0,0,1,0,1.261253795919356,1,1,0,1,1,1,1,1,1,1.4874957176680124,2.040210347326154,1.0,0.0,0.0,1.0,0.0,0.0,0.0
0.0,0,0,0,-0.9032517065789546,1,0,0,0,0,0,0,0,1,-1.4513738450826552,-0.9037338362145104,0.0,1.0,0.0,0.0,0.0,1.0,0.0
1.0,0,1,0,-0.1681366302587737,1,1,0,1,1,0,1,0,0,1.0652731172273995,0.19120212550364696,1.0,0.0,0.0,0.0,1.0,0.0,0.0
0.0,0,0,0,-0.7807325271922578,1,0,1,0,0,1,0,0,0,-0.3182151664297857,-0.6723325955743547,0.0,0.0,1.0,0.0,0.0,0.0,1.0
0.0,0,1,0,-0.5765338948810964,0,0,0,0,1,0,1,0,1,-0.8555893851723837,-0.7048243988011945,0.0,0.0,0.0,0.0,0.0,1.0,0.0
0.0,0,0,0,-1.270809244739045,1,0,0,0,0,0,0,0,0,-1.478075669616449,-0.9936923194811544,0.0,1.0,0.0,0.0,0.0,0.0,1.0
0.0,1,0,0,-0.24981608318323825,1,0,0,0,0,0,0,1,1,0.4711575213504901,-0.11047570527806501,1.0,0.0,0.0,0.0,0.0,1.0,0.0
0.0,1,1,0,1.138734616532659,1,1,0,0,1,0,1,1,1,1.195444511829644,1.6788641332058998,1.0,0.0,1.0,0.0,1.0,0.0,0.0
0.0,0,1,1,1.6288113340794463,1,1,1,1,1,1,1,1,1,1.6159982482368944,2.666072309276684,1.0,0.0,0.0,1.0,0.0,0.0,0.0
0.0,0,1,0,1.0162154371459622,1,1,0,1,1,0,1,1,1,1.3289536344986124,1.6309826463151498,1.0,0.0,0.0,0.0,1.0,0.0,0.0
1.0,0,0,0,-0.9440914330411869,0,0,1,1,1,0,0,0,0,-0.8389007448387626,-0.8368598784437322,0.0,0.0,1.0,0.0,0.0,0.0,1.0
0.0,0,1,0,1.6288113340794463,1,1,1,0,1,0,1,1,1,1.3623309151658545,2.3527187791834794,1.0,0.0,0.0,1.0,0.0,1.0,0.0
1.0,0,0,0,-0.9032517065789546,1,0,0,0,0,0,0,0,0,-0.6236172845350509,-0.7838855627104453,0.0,0.0,0.0,0.0,0.0,0.0,1.0
0.0,0,1,1,0.4444592666747104,1,1,0,0,1,0,0,1,1,0.9300951305250691,0.7937349282584514,1.0,0.0,0.0,0.0,0.0,0.0,0.0
0.0,0,1,0,0.19942090790131678,1,1,0,0,1,0,1,1,1,1.1620672311624018,0.6705285012381282,1.0,0.0,0.0,0.0,0.0,1.0,0.0
1.0,0,1,1,1.6288113340794463,1,1,1,1,1,1,1,1,1,1.656050985037585,2.5815847251159973,1.0,0.0,0.0,1.0,1.0,0.0,0.0
0.0,0,1,1,1.6288113340794463,1,1,1,0,1,0,1,0,1,0.2258345084462608,1.232674504088798,0.0,0.0,0.0,1.0,0.0,0.0,0.0
1.0,0,1,0,-0.6173736213433287,1,0,0,0,1,0,1,1,1,1.0669419812607621,-0.2963305988897691,1.0,0.0,1.0,0.0,0.0,0.0,0.0
1.0,0,1,0,1.2204140694571237,0,0,1,1,0,1,0,0,1,-0.8706091614726426,0.040507766389981006,0.0,0.0,0.0,1.0,1.0,0.0,0.0
0.0,0,1,0,-0.658213347805561,1,1,0,1,0,0,1,1,1,1.178755871496023,-0.3201267860579543,1.0,0.0,0.0,0.0,0.0,1.0,0.0
0.0,0,0,0,1.3837729753060528,1,1,0,1,0,0,1,0,1,0.8082680560896357,1.6660097442496278,1.0,0.0,1.0,0.0,0.0,0.0,0.0
0.0,0,0,0,0.19942090790131678,1,1,0,1,1,0,1,1,1,1.2421727047637832,0.5741650629206082,1.0,0.0,0.0,0.0,0.0,0.0,0.0
0.0,0,1,0,1.3429332488438204,1,0,0,0,0,0,0,0,0,-1.513121814317053,-0.4156673655668547,0.0,1.0,0.0,1.0,0.0,0.0,0.0
0.0,0,1,1,-0.08645717733430915,1,1,0,1,1,1,1,1,1,1.4290854765003387,0.43946085200687224,1.0,0.0,0.0,0.0,0.0,1.0,0.0
1.0,0,0,0,-1.270809244739045,1,0,0,0,0,0,0,0,0,-1.4830822617165353,-0.9937590377629344,0.0,1.0,0.0,0.0,0.0,0.0,1.0
1.0,0,0,0,-0.04561745087207687,1,1,0,1,0,1,1,0,1,0.21248359617936377,-0.03839772152844985,0.0,0.0,0.0,0.0,0.0,1.0,0.0
0.0,0,0,0,1.5879716076172141,1,0,1,1,1,1,1,0,0,0.422760464382989,1.4658548989097526,0.0,0.0,0.0,1.0,1.0,0.0,0.0
1.0,0,1,0,0.8528565312970331,0,0,0,1,1,1,1,1,1,-0.1413155788934024,0.4135519192489884,0.0,0.0,1.0,0.0,0.0,1.0,0.0
1.0,1,1,0,-1.0257708859656514,1,1,0,0,0,0,0,0,1,0.33931726271488366,-0.7869323642450633,1.0,0.0,0.0,0.0,0.0,1.0,0.0
1.0,0,0,0,-0.24981608318323825,1,0,0,0,0,0,0,0,1,-1.5047774941502425,-0.7928925307507396,0.0,1.0,1.0,0.0,0.0,0.0,0.0
1.0,0,1,0,1.0978948900704268,1,1,1,0,0,1,0,1,1,0.14739789887824156,0.8194881850255152,0.0,0.0,1.0,0.0,0.0,0.0,1.0
1.0,0,0,0,0.7711770783725685,1,1,0,1,1,1,0,0,1,0.75653327105541,0.9867731568751311,1.0,0.0,0.0,0.0,0.0,1.0,0.0
1.0,0,1,1,-0.6173736213433287,1,0,0,0,0,0,1,0,0,0.5395809467183363,-0.3796839722601972,1.0,0.0,0.0,0.0,0.0,1.0,0.0
1.0,0,1,0,1.6288113340794463,1,1,0,1,1,1,1,1,1,1.5041843580016334,2.4483038375469,1.0,0.0,0.0,1.0,1.0,0.0,0.0
0.0,0,0,0,-0.6173736213433287,1,0,0,1,0,0,1,0,1,0.6296996045198902,-0.41157531095101724,1.0,0.0,0.0,0.0,0.0,1.0,0.0
1.0,1,1,0,1.0570551636081944,0,0,0,1,1,0,0,1,1,-0.6469813810021205,0.1764573852302761,0.0,0.0,0.0,0.0,0.0,1.0,0.0
0.0,0,0,0,-1.1891297918145805,0,0,0,0,0,0,1,0,0,-0.9840919157412656,-0.9543062938037191,0.0,0.0,0.0,0.0,1.0,0.0,0.0
1.0,0,1,1,1.6288113340794463,1,1,0,0,0,0,0,0,1,-1.3178647224136868,-0.20263589184344746,0.0,1.0,0.0,1.0,0.0,0.0,0.0
1.0,0,1,0,1.0570551636081944,1,0,0,0,1,0,0,0,0,-0.48009497766591,0.27758006098143323,0.0,0.0,1.0,0.0,1.0,0.0,0.0
0.0,1,0,0,-0.20897635672100598,1,1,0,0,0,0,0,1,1,0.6864409816542018,0.01457659420483709,1.0,0.0,0.0,0.0,0.0,1.0,0.0
1.0,1,1,0,1.5879716076172141,1,1,0,0,0,0,0,0,0,-1.3295467706472215,-0.15722298137855584,0.0,1.0,0.0,1.0,0.0,0.0,0.0
1.0,0,0,0,-0.4131749890321673,1,1,0,1,0,0,0,0,1,0.47282638538385213,-0.29099313634737245,1.0,0.0,0.0,0.0,0.0,0.0,1.0
0.0,0,1,1,0.9345359842214976,1,0,0,0,0,0,0,0,1,0.14572903484487953,0.7063784579812258,1.0,0.0,0.0,1.0,1.0,0.0,0.0
1.0,1,1,0,1.6288113340794463,0,0,1,1,1,1,1,1,1,-0.05286578512521087,1.0813129621573323,0.0,0.0,0.0,1.0,0.0,0.0,0.0
1.0,0,1,0,1.5879716076172141,1,0,1,1,1,1,1,1,1,0.7148116702213574,1.6863810596197748,0.0,0.0,0.0,1.0,0.0,0.0,0.0
0.0,0,1,1,1.6288113340794463,0,0,0,1,1,1,1,1,1,-0.15633535519366146,0.8938123509283891,0.0,0.0,0.0,1.0,0.0,1.0,0.0
1.0,0,0,1,-0.4131749890321673,1,0,0,0,0,0,0,0,0,-1.4864199897832595,-0.8103949600043487,0.0,1.0,0.0,0.0,1.0,0.0,0.0
0.0,0,0,0,-1.270809244739045,1,1,0,0,0,0,0,0,1,0.3459927188483322,-0.9693846254859895,1.0,0.0,0.0,0.0,0.0,0.0,1.0
1.0,0,0,0,-0.33149553610770277,1,1,0,0,1,0,1,0,1,0.8399764727235153,-0.03977656601856895,1.0,0.0,0.0,0.0,0.0,0.0,1.0
1.0,1,1,0,0.5669784460614072,1,1,0,0,1,0,1,1,1,1.212133152163265,1.0788666251587338,1.0,0.0,0.0,0.0,0.0,1.0,0.0
1.0,0,0,0,1.5879716076172141,1,0,0,0,0,0,0,0,1,-1.49476430995007,-0.4000330482030845,0.0,1.0,0.0,1.0,1.0,0.0,0.0
0.0,0,0,0,-1.107450338890116,1,1,0,0,0,0,1,0,1,0.6447193808201491,-0.8138420712296466,1.0,0.0,0.0,0.0,0.0,1.0,0.0
0.0,0,0,0,0.8936962577592654,1,0,1,0,1,1,1,1,0,0.5312366265515258,0.909802499128319,0.0,0.0,0.0,1.0,0.0,1.0,0.0
0.0,0,0,0,-1.270809244739045,1,1,0,0,0,0,0,0,1,-1.3011760820800657,-0.991334940191596,0.0,1.0,0.0,0.0,0.0,1.0,0.0
0.0,0,1,0,1.0162154371459622,1,1,1,0,0,0,1,1,1,1.1670738232624884,1.4422588665869072,1.0,0.0,0.0,0.0,0.0,1.0,0.0
1.0,1,1,0,1.6288113340794463,1,1,1,1,1,1,1,1,1,1.6093227921034463,2.582896851324336,1.0,0.0,0.0,0.0,1.0,0.0,0.0
1.0,0,0,0,0.5669784460614072,1,0,0,0,0,0,0,0,0,-1.5181284064171394,-0.5988312884801005,0.0,1.0,0.0,1.0,1.0,0.0,0.0
0.0,0,0,0,-1.270809244739045,1,0,0,0,0,0,0,0,0,-1.511452950283691,-0.9941371080263541,0.0,1.0,0.0,0.0,1.0,0.0,0.0
1.0,1,1,0,0.3219400872880136,1,0,1,1,1,1,1,0,1,1.1170079022616253,0.8283394770749899,1.0,0.0,1.0,0.0,1.0,0.0,0.0
0.0,0,0,0,-0.4131749890321673,1,0,0,0,0,0,1,1,0,0.8199501043231703,-0.15417617984393778,1.0,0.0,0.0,0.0,0.0,1.0,0.0
0.0,0,1,0,-0.1681366302587737,1,0,0,1,1,0,0,1,0,0.8416453367568778,0.07962691894029654,1.0,0.0,0.0,0.0,1.0,0.0,0.0
0.0,0,1,1,-0.2906558096454705,1,0,0,0,0,0,0,0,0,-1.4880888538166215,-0.7865765334089035,0.0,1.0,0.0,1.0,0.0,0.0,1.0
0.0,1,1,0,1.6288113340794463,1,1,1,1,1,1,1,1,1,1.674408489404568,2.696962873740805,1.0,0.0,0.0,1.0,0.0,0.0,0.0
1.0,0,0,1,1.5879716076172141,1,0,1,1,1,1,1,0,1,0.4077406880827304,1.45366769277128,0.0,0.0,0.0,1.0,1.0,0.0,0.0
0.0,1,0,0,-1.270809244739045,0,0,0,0,0,0,0,0,1,-1.3011760820800657,-0.991334940191596,0.0,0.0,0.0,0.0,0.0,0.0,1.0
1.0,0,0,0,0.36277981375024587,1,0,0,1,0,1,1,1,1,1.1670738232624884,0.8743973309304213,1.0,0.0,0.0,1.0,1.0,0.0,0.0
0.0,0,0,0,0.5669784460614072,1,1,0,0,1,0,1,1,1,1.215470880229989,1.076353569878355,1.0,0.0,1.0,0.0,0.0,1.0,0.0
0.0,0,1,1,-0.4131749890321673,1,0,0,0,0,0,0,0,0,-1.4663936213829143,-0.8015659073821342,0.0,1.0,1.0,0.0,0.0,0.0,0.0
1.0,0,1,1,-1.0666106124278838,1,0,0,0,0,0,0,0,0,-1.506446358183605,-0.9481014935981829,0.0,1.0,0.0,0.0,0.0,0.0,1.0
1.0,0,1,0,1.5879716076172141,1,1,0,0,0,0,0,0,0,-1.3428976829141184,-0.23299271005332856,0.0,1.0,0.0,1.0,0.0,0.0,0.0
0.0,0,1,1,1.1795743429948913,1,1,1,1,0,0,0,0,0,-0.16301081132710996,0.6169314815415616,0.0,0.0,0.0,0.0,0.0,1.0,0.0
1.0,0,0,0,0.8120168048348009,1,0,1,0,1,0,1,0,0,0.8867046656576545,1.1047755579166176,1.0,0.0,1.0,0.0,0.0,1.0,0.0
0.0,0,0,0,1.0978948900704268,1,1,1,1,1,1,0,1,0,0.5062036660510942,1.1260364503771645,0.0,0.0,1.0,0.0,1.0,0.0,0.0
0.0,1,0,0,-1.270809244739045,1,0,0,0,1,0,0,0,1,0.35433703901514274,-0.9692734283496895,1.0,0.0,0.0,0.0,0.0,0.0,0.0
1.0,0,1,1,-0.6990530742677933,1,0,0,0,0,0,0,0,1,-1.4914265818833459,-0.8746446653584486,0.0,1.0,0.0,0.0,0.0,1.0,0.0
0.0,0,0,0,0.3219400872880136,1,1,0,1,1,0,1,0,1,0.9584658190922252,0.6680376853850098,1.0,0.0,0.0,0.0,0.0,0.0,0.0
1.0,0,1,1,-0.9440914330411869,1,1,0,1,1,0,1,1,1,1.265536801230852,-0.6034570893501777,1.0,0.0,0.0,0.0,1.0,0.0,0.0
0.0,1,1,0,-0.12729690379654143,1,1,0,0,1,0,1,1,1,1.1470474548621428,0.3106278498897725,1.0,0.0,0.0,0.0,0.0,0.0,0.0
1.0,0,1,0,1.3837729753060528,0,0,1,1,1,1,1,0,1,-0.26981810946228457,0.6826267496675607,0.0,0.0,0.0,1.0,0.0,0.0,0.0
0.0,0,0,1,0.4852989931369427,1,0,0,0,0,0,0,0,0,-1.49476430995007,-0.6166450697153495,0.0,1.0,0.0,1.0,0.0,0.0,1.0
0.0,0,0,0,-1.270809244739045,1,0,1,0,0,0,1,1,1,1.0318958365601574,-0.9602442208821353,1.0,0.0,0.0,0.0,0.0,1.0,0.0
0.0,0,1,1,-0.20897635672100598,1,0,1,0,0,0,0,0,0,0.32429748641462514,-0.12548731867855564,1.0,0.0,0.0,0.0,0.0,0.0,1.0
1.0,1,0,0,-1.1891297918145805,0,0,0,0,1,0,0,1,1,-0.7854970957711752,-0.9439649601278255,0.0,0.0,0.0,0.0,0.0,1.0,0.0
0.0,0,1,1,-1.107450338890116,1,0,0,1,0,0,0,1,1,0.6313684685532521,-0.8229824758335008,1.0,0.0,0.0,0.0,0.0,1.0,0.0
0.0,0,0,0,0.7303373519103363,1,1,1,0,1,1,1,1,1,0.594653459819286,0.8560498034409327,0.0,0.0,1.0,0.0,1.0,0.0,0.0
1.0,0,1,1,-0.04561745087207687,1,0,0,0,1,1,0,0,0,-0.3449169909635793,-0.2701992718592854,0.0,0.0,0.0,0.0,0.0,0.0,1.0
0.0,0,0,0,0.5261387195991749,1,0,1,0,1,1,1,1,0,0.5662827712521304,0.6067903027110079,0.0,0.0,0.0,1.0,0.0,0.0,0.0
0.0,0,1,0,-0.5765338948810964,1,0,0,0,1,0,1,1,1,1.0435778847936925,-0.2263876001571127,1.0,0.0,0.0,0.0,1.0,0.0,0.0
0.0,0,0,0,-0.4131749890321673,1,1,0,0,0,0,0,0,0,-1.2828185777130827,-0.7332686262667167,0.0,1.0,0.0,1.0,0.0,0.0,1.0
1.0,0,1,1,1.0978948900704268,1,1,0,0,1,0,1,1,1,1.1620672311624018,1.604473249021246,1.0,0.0,0.0,1.0,1.0,0.0,0.0
1.0,0,1,1,-0.12729690379654143,1,0,0,0,0,0,0,0,1,-1.4697313494496385,-0.7114962269791903,0.0,1.0,0.0,0.0,0.0,0.0,1.0
1.0,0,1,0,0.8528565312970331,1,1,1,0,1,0,0,1,0,0.9751544594258462,1.2341645457152168,1.0,0.0,0.0,0.0,0.0,1.0,0.0
1.0,1,0,0,-1.1891297918145805,1,1,0,0,0,0,1,1,1,1.0068628760597258,-0.8534282517524219,1.0,0.0,0.0,0.0,0.0,1.0,0.0
1.0,0,1,0,1.6288113340794463,1,1,0,0,0,0,0,0,0,-1.2995072180467038,-0.1735911998419056,0.0,1.0,0.0,1.0,1.0,0.0,0.0
1.0,0,0,0,1.261253795919356,1,1,1,1,1,1,0,0,0,0.2275033724796228,1.0327198135942626,0.0,0.0,1.0,0.0,0.0,1.0,0.0
1.0,1,1,0,-0.49485444195663186,1,1,0,0,0,0,1,1,1,0.9968496918595533,-0.15782344591457542,1.0,0.0,0.0,0.0,0.0,1.0,0.0
0.0,1,1,0,-0.8624119801167224,1,0,0,0,0,1,1,0,1,0.6080043720861831,-0.6113298466002128,1.0,0.0,0.0,0.0,0.0,1.0,0.0
1.0,0,0,0,-0.4131749890321673,1,0,0,1,0,1,0,0,1,-0.3182151664297857,-0.47211103195269954,0.0,0.0,1.0,0.0,1.0,0.0,0.0
1.0,0,1,1,1.6288113340794463,1,1,1,1,1,1,1,1,1,1.6477066648707746,2.7637923526570636,1.0,0.0,0.0,1.0,1.0,0.0,0.0
1.0,0,1,0,1.1795743429948913,1,1,0,0,0,0,0,0,0,-1.3095204022468763,-0.3184143501589354,0.0,1.0,0.0,1.0,0.0,0.0,0.0
1.0,0,1,1,-1.1891297918145805,1,0,1,1,0,0,1,0,0,0.8399764727235153,-0.8922805311756176,1.0,0.0,0.0,0.0,0.0,1.0,0.0
1.0,0,1,1,0.7303373519103363,1,1,1,0,0,1,1,0,1,0.1941260918123807,0.5480559753173846,0.0,0.0,0.0,1.0,1.0,0.0,0.0
1.0,0,1,0,-0.7807325271922578,1,1,0,0,1,0,1,1,1,0.35433703901514274,-0.562669979755363,0.0,0.0,1.0,0.0,0.0,0.0,1.0
0.0,1,0,0,-1.229969518276813,1,1,0,0,1,0,0,1,1,0.7965860078561007,-0.9230376590761785,1.0,0.0,0.0,0.0,0.0,1.0,0.0
0.0,0,1,0,-1.1891297918145805,1,1,0,0,0,0,1,1,0,1.0085317400930884,-0.8812497752546645,1.0,0.0,0.0,0.0,0.0,1.0,0.0
0.0,1,1,0,-0.2906558096454705,1,0,0,1,1,0,1,1,1,1.1286899504951597,0.11565479110147409,1.0,0.0,0.0,0.0,0.0,1.0,0.0
0.0,0,0,1,-0.6990530742677933,1,0,1,1,1,1,0,0,0,0.03057741654289417,-0.5535295751515088,0.0,0.0,1.0,0.0,1.0,0.0,0.0
0.0,0,1,1,-0.6990530742677933,1,0,0,0,0,0,0,0,0,-1.4981020380167944,-0.8813609723909644,0.0,1.0,0.0,0.0,0.0,0.0,1.0
0.0,0,1,0,1.547131881154982,1,1,0,0,1,1,1,1,1,1.3222781783651638,2.194596451364978,1.0,0.0,0.0,1.0,0.0,0.0,0.0
1.0,0,0,0,1.3837729753060528,1,0,1,1,0,0,0,0,1,-0.3298972146633205,0.5387376552954503,0.0,0.0,1.0,0.0,0.0,0.0,1.0
0.0,0,0,0,-0.7398928007300255,1,0,1,0,0,0,0,0,0,-0.4867704337993583,-0.6871885329840255,0.0,0.0,0.0,0.0,0.0,0.0,0.0
1.0,0,0,0,-1.270809244739045,1,0,0,0,0,0,0,0,0,-0.6703454774691899,-0.9829284366873212,0.0,0.0,0.0,0.0,0.0,0.0,1.0
1.0,0,0,0,0.07690172851461995,1,0,1,0,1,0,0,0,0,-0.25813606122874977,-0.16233804964835263,0.0,0.0,1.0,0.0,0.0,0.0,1.0
1.0,0,0,0,1.0978948900704268,1,0,0,0,0,0,0,0,1,-1.4847511257498973,-0.47244462336159937,0.0,1.0,0.0,1.0,0.0,0.0,0.0
1.0,1,0,0,0.11774145497685222,1,1,0,0,1,0,1,1,1,1.1470474548621428,0.5076469359859899,1.0,0.0,0.0,0.0,0.0,1.0,0.0
1.0,0,1,1,0.11774145497685222,1,1,0,0,0,0,0,0,0,-1.3095204022468763,-0.6428208756003532,0.0,1.0,0.0,1.0,0.0,0.0,0.0
1.0,1,0,0,0.8120168048348009,1,1,0,0,0,0,0,0,1,0.27590042944712395,0.7006629251754094,1.0,0.0,0.0,0.0,0.0,0.0,0.0
0.0,0,1,1,1.3837729753060528,1,1,0,0,0,0,0,0,1,0.3192908943145386,1.158572732458524,1.0,0.0,1.0,0.0,0.0,0.0,0.0
0.0,0,1,0,-1.1891297918145805,1,1,0,0,0,0,1,1,1,1.018544924293261,-0.87250968034149,1.0,0.0,0.0,0.0,0.0,1.0,0.0
1.0,0,1,0,-0.49485444195663186,1,0,1,0,0,1,0,1,1,-0.017819640424606507,-0.4359052443734421,0.0,0.0,1.0,0.0,0.0,0.0,1.0
1.0,0,1,0,-0.9849311595034191,1,1,0,0,0,0,0,1,1,0.6997918939210989,-0.7094501996712715,1.0,0.0,0.0,0.0,0.0,0.0,0.0
1.0,0,0,0,-0.6173736213433287,1,0,0,0,0,0,0,0,0,-1.4547115731493794,-0.8312777822014757,0.0,1.0,0.0,0.0,1.0,0.0,0.0
1.0,0,1,0,0.03606200205238767,1,0,1,1,0,1,0,0,1,-0.12128921049305733,-0.10500480617210833,0.0,0.0,0.0,1.0,0.0,0.0,1.0
1.0,0,1,0,-1.1482900653523482,1,0,0,0,0,1,0,0,0,-0.48843929783272055,-0.9229931802216585,0.0,0.0,0.0,0.0,0.0,0.0,1.0
0.0,0,1,1,1.138734616532659,0,0,1,0,1,1,1,1,0,-0.16134194729374773,0.5941138291728157,0.0,0.0,0.0,1.0,1.0,0.0,0.0
1.0,1,0,0,0.7711770783725685,1,1,0,0,0,0,0,0,0,-1.3245401785471353,-0.4420210868699383,0.0,1.0,1.0,0.0,0.0,0.0,0.0
1.0,0,1,1,0.5261387195991749,1,0,1,0,0,1,0,0,0,-0.3349038067634068,0.13309050207330314,0.0,0.0,0.0,1.0,0.0,0.0,0.0
1.0,0,0,0,1.6288113340794463,1,1,1,1,1,1,1,1,0,0.733169174588341,1.7659537303560056,0.0,0.0,0.0,1.0,0.0,0.0,0.0
1.0,1,1,0,1.3429332488438204,1,1,0,1,1,0,1,1,1,1.323947042398526,1.9232976782204076,1.0,0.0,0.0,0.0,0.0,1.0,0.0
0.0,0,1,1,0.97537571068373,1,1,1,0,0,0,1,0,0,0.01722650427599761,0.5593980832199775,0.0,0.0,1.0,0.0,0.0,0.0,0.0
0.0,0,1,0,0.07690172851461995,1,1,0,0,0,0,0,0,0,-1.3345533627473078,-0.655741982838405,0.0,1.0,0.0,0.0,0.0,1.0,0.0
1.0,1,0,0,1.3020935223815882,1,1,0,0,1,1,1,1,0,1.248848160897231,1.9720242633470368,1.0,0.0,1.0,0.0,0.0,1.0,0.0
0.0,0,0,0,-1.1891297918145805,1,0,0,0,0,0,1,0,1,0.5278988984848018,-0.8994193873260733,1.0,0.0,0.0,0.0,0.0,1.0,0.0
0.0,0,1,0,0.7711770783725685,1,0,0,0,0,0,0,0,0,0.14906676291160403,0.6205342687576794,1.0,0.0,0.0,0.0,0.0,0.0,1.0
0.0,0,0,0,0.2811003608257813,0,0,1,1,0,1,0,0,0,-0.7854970957711752,-0.2462251692730203,0.0,0.0,1.0,0.0,0.0,0.0,0.0
0.0,0,0,0,-0.6990530742677933,1,0,0,0,0,0,0,0,0,-1.5047774941502425,-0.8552741242150007,0.0,1.0,0.0,1.0,0.0,0.0,1.0
0.0,0,0,0,1.4654524282305172,1,1,1,0,0,0,0,0,0,-0.3415792628968551,0.6375029517570489,0.0,0.0,0.0,0.0,0.0,0.0,1.0
0.0,0,1,1,-0.4540147154943996,0,0,1,0,1,0,1,1,1,-0.2915133418959919,-0.4881234195798896,0.0,0.0,1.0,0.0,0.0,1.0,0.0
1.0,1,1,0,-1.107450338890116,1,1,0,0,1,0,0,0,1,0.5078725300844568,-0.8497809856817842,1.0,0.0,0.0,0.0,0.0,0.0,0.0
1.0,0,1,1,-1.0666106124278838,1,0,0,0,0,0,0,0,0,-1.496433173983432,-0.9410071163022473,0.0,1.0,0.0,0.0,1.0,0.0,0.0
1.0,0,0,0,-0.9032517065789546,1,1,0,1,0,0,0,0,0,0.5062036660510942,-0.6481583381427498,1.0,0.0,0.0,0.0,0.0,1.0,0.0
1.0,0,0,0,-0.49485444195663186,1,0,0,0,0,0,0,0,1,-1.5014397660835184,-0.816221689946465,0.0,1.0,0.0,1.0,0.0,0.0,1.0
1.0,0,0,0,-1.270809244739045,1,0,0,0,0,0,0,0,0,-0.6369681968019478,-0.9824836481421214,0.0,0.0,0.0,0.0,0.0,0.0,1.0
0.0,0,0,0,0.2811003608257813,1,0,0,0,0,0,0,0,0,-1.4864199897832595,-0.6353706674682578,0.0,1.0,0.0,1.0,0.0,0.0,1.0
1.0,0,0,1,-0.9032517065789546,1,1,0,0,0,0,1,1,0,1.018544924293261,-0.5889347433494067,1.0,0.0,0.0,0.0,0.0,1.0,0.0
0.0,0,1,0,-1.1482900653523482,0,0,0,0,0,0,0,0,1,-1.319533586447049,-0.9583093907105166,0.0,0.0,0.0,0.0,0.0,1.0,0.0
1.0,0,1,1,-0.6990530742677933,1,0,0,0,0,0,0,0,0,-1.5031086301168806,-0.8548070962425409,0.0,1.0,1.0,0.0,0.0,0.0,1.0
1.0,0,1,1,1.547131881154982,1,0,0,0,0,0,0,0,0,-1.489757717849984,-0.3977423871953059,0.0,1.0,0.0,1.0,1.0,0.0,0.0
1.0,0,1,1,1.6288113340794463,1,1,0,0,0,0,0,0,0,-1.3328844987139459,-0.17585962142242426,0.0,1.0,0.0,1.0,1.0,0.0,0.0
0.0,0,1,1,-1.270809244739045,1,0,0,0,0,0,0,0,1,-1.4580493012161038,-0.9934254463540346,0.0,1.0,0.0,0.0,0.0,1.0,0.0
1.0,0,0,1,1.5879716076172141,1,1,0,0,0,0,0,0,0,-1.3462354109808425,-0.26681887891576755,0.0,1.0,0.0,1.0,0.0,0.0,1.0
1.0,0,0,0,-0.7807325271922578,1,0,0,0,1,0,1,0,1,0.6180175562863556,-0.5310232747644029,1.0,0.0,0.0,0.0,0.0,1.0,0.0
0.0,0,0,0,0.3219400872880136,1,0,0,0,0,0,0,0,1,-1.4714002134830004,-0.6347924423594982,0.0,1.0,0.0,1.0,0.0,0.0,0.0
1.0,0,0,0,-0.658213347805561,1,0,0,0,0,1,0,0,1,-0.5084656662330657,-0.6473799581886504,0.0,0.0,0.0,0.0,0.0,0.0,1.0
0.0,0,1,1,0.03606200205238767,1,0,1,1,1,0,0,0,1,-0.2080701402278866,-0.13302648451969087,0.0,0.0,1.0,0.0,0.0,0.0,1.0
1.0,0,0,0,-0.82157225365449,1,0,0,1,0,1,0,0,1,-0.36494335936392464,-0.7142539159594286,0.0,0.0,0.0,0.0,0.0,0.0,1.0
1.0,0,0,0,-1.270809244739045,1,0,0,0,0,0,0,0,1,-1.4997709020501564,-0.9939814320355342,0.0,1.0,0.0,0.0,1.0,0.0,0.0
1.0,0,1,1,-1.229969518276813,1,0,0,0,0,0,0,0,0,0.17576858744539764,-0.9387609341489886,1.0,0.0,0.0,0.0,0.0,0.0,1.0
0.0,0,0,0,-1.229969518276813,1,0,0,0,0,0,0,0,1,-1.4730690775163628,-0.9878211106845182,0.0,1.0,0.0,0.0,0.0,0.0,1.0
0.0,0,0,0,-1.0666106124278838,1,0,0,0,0,0,0,0,0,-1.4847511257498973,-0.947767902189283,0.0,1.0,0.0,0.0,0.0,0.0,1.0
0.0,0,0,0,-0.658213347805561,1,1,0,0,1,0,0,1,1,0.7932482797893766,-0.3702322156747031,1.0,0.0,0.0,0.0,0.0,1.0,0.0
1.0,0,1,1,1.5879716076172141,1,1,0,0,0,0,0,0,0,-1.3128581303136004,-0.18099692911948104,0.0,1.0,0.0,1.0,1.0,0.0,0.0
1.0,0,0,0,-0.9032517065789546,1,0,1,0,0,1,1,0,0,-0.08123647369236671,-0.7301328670230587,0.0,0.0,0.0,0.0,0.0,0.0,0.0
1.0,0,0,0,-1.229969518276813,1,0,0,0,0,0,0,0,0,-1.4930954459167078,-0.9815495921972021,0.0,1.0,1.0,0.0,0.0,0.0,1.0
0.0,0,1,1,-0.33149553610770277,1,0,0,0,0,0,0,0,1,-1.4547115731493794,-0.7845305061009847,0.0,1.0,0.0,1.0,1.0,0.0,0.0
0.0,0,1,1,1.0570551636081944,1,0,1,1,0,0,1,1,0,1.1537229109955913,1.59775694198873,1.0,0.0,1.0,0.0,1.0,0.0,0.0
0.0,0,1,1,-1.1891297918145805,1,1,0,1,1,0,1,0,1,0.14906676291160403,-0.8982406976812939,0.0,0.0,0.0,0.0,0.0,0.0,0.0
0.0,0,0,0,0.40361954021247815,1,0,0,1,0,0,0,0,1,-0.5051279381663416,-0.07851764830546497,0.0,0.0,0.0,0.0,0.0,1.0,0.0
0.0,0,1,0,0.5669784460614072,1,0,1,1,0,1,0,1,0,0.19746381987910472,0.4343680231643355,0.0,0.0,1.0,0.0,0.0,0.0,1.0
1.0,0,0,1,-0.37233526256993504,1,0,0,1,0,1,0,0,1,-0.31320857432969945,-0.4315685560577448,0.0,0.0,0.0,0.0,0.0,0.0,0.0
0.0,0,1,0,-1.1891297918145805,1,1,0,0,0,0,0,0,1,0.3142843022144521,-0.901354217497692,1.0,0.0,0.0,0.0,1.0,0.0,0.0
1.0,0,1,1,1.6288113340794463,1,0,0,0,0,0,0,0,0,-1.4814133976831734,-0.3795505356966372,0.0,1.0,0.0,1.0,0.0,0.0,0.0
0.0,0,1,0,0.5669784460614072,1,0,0,1,0,1,1,0,1,-0.016150776391244497,0.33582512097533684,0.0,0.0,0.0,1.0,1.0,0.0,0.0
1.0,0,0,0,-1.0666106124278838,1,0,0,1,0,0,1,0,1,0.6897787097209258,-0.7850642523552245,1.0,0.0,0.0,0.0,0.0,1.0,0.0
1.0,0,1,1,1.0162154371459622,1,1,0,0,0,0,0,0,1,0.32095975834790064,0.7845500448000771,1.0,0.0,0.0,0.0,0.0,1.0,0.0
1.0,0,0,0,-1.270809244739045,1,0,0,0,0,0,0,0,1,-0.63863706083531,-0.9825058875693813,0.0,0.0,0.0,0.0,0.0,0.0,1.0
0.0,1,0,0,-1.270809244739045,1,0,0,0,0,0,0,0,1,0.17576858744539764,-0.9716530470665082,1.0,0.0,0.0,0.0,0.0,1.0,0.0
1.0,1,1,0,-0.9032517065789546,1,1,0,0,0,0,0,1,1,0.733169174588341,-0.6217378985578862,1.0,0.0,0.0,0.0,0.0,1.0,0.0
1.0,0,1,0,1.5062921546927495,0,0,1,0,1,1,1,1,0,-0.14799103502685093,0.8010739392542469,0.0,0.0,0.0,1.0,0.0,0.0,0.0
1.0,0,1,1,-1.1482900653523482,1,0,0,0,0,0,0,0,1,-1.4747379415497248,-0.9682504146957304,0.0,1.0,0.0,0.0,0.0,0.0,1.0
1.0,0,0,0,-0.1681366302587737,1,1,0,1,1,0,1,1,1,1.369006371299303,0.3224814646193452,1.0,0.0,0.0,0.0,0.0,1.0,0.0
1.0,0,1,1,-1.229969518276813,1,0,0,0,0,0,0,0,0,-1.4814133976831734,-0.98486326685894,0.0,1.0,0.0,0.0,0.0,0.0,1.0
0.0,1,0,0,0.8528565312970331,1,0,1,1,0,1,0,1,1,1.070279709327486,1.3130477942063878,1.0,0.0,1.0,0.0,0.0,0.0,1.0
0.0,0,1,1,1.547131881154982,1,1,0,0,0,0,0,0,0,-1.3562485951810153,-0.21782542066201804,0.0,1.0,0.0,1.0,0.0,0.0,1.0
1.0,1,1,0,1.0978948900704268,0,0,1,0,1,1,1,1,1,-0.021157368491331003,0.7260603511063136,0.0,0.0,0.0,1.0,1.0,0.0,0.0
0.0,0,1,1,-1.270809244739045,1,0,0,0,0,0,0,0,0,-1.489757717849984,-0.9938479954719742,0.0,1.0,0.0,0.0,0.0,0.0,1.0
1.0,0,0,0,0.97537571068373,1,1,0,1,0,0,1,1,0,1.1320276785618837,1.479621104383684,1.0,0.0,0.0,0.0,0.0,1.0,0.0
1.0,1,1,0,-0.20897635672100598,1,1,0,0,0,0,0,0,1,0.36101249514859124,-0.16035874062221384,1.0,0.0,0.0,0.0,0.0,1.0,0.0
0.0,0,1,0,-0.9440914330411869,1,0,0,0,0,0,1,1,0,0.8266255604566187,-0.6233168978933453,1.0,0.0,0.0,0.0,0.0,1.0,0.0
0.0,1,0,0,-0.6990530742677933,1,0,0,0,0,0,1,1,1,0.895048985824465,-0.379928605960057,1.0,0.0,0.0,0.0,0.0,1.0,0.0
1.0,0,0,0,0.36277981375024587,1,0,0,0,0,0,0,0,0,-1.4864199897832595,-0.6458899165622313,0.0,1.0,0.0,1.0,0.0,0.0,1.0
1.0,0,1,0,-0.9849311595034191,1,0,0,1,1,0,0,0,1,-0.33156607869668253,-0.8044570329259324,0.0,0.0,0.0,0.0,0.0,0.0,1.0
1.0,0,0,0,-1.270809244739045,1,0,0,0,0,0,0,0,0,-1.4847511257498973,-0.9937812771901945,0.0,1.0,0.0,0.0,0.0,0.0,1.0
0.0,0,0,1,0.4444592666747104,1,0,1,1,0,1,1,1,1,1.3790195554994755,1.0131491176054748,1.0,0.0,1.0,0.0,1.0,0.0,0.0
1.0,0,0,0,-0.1681366302587737,1,1,0,1,0,0,1,1,0,1.1854313276294715,0.19302575853896578,1.0,0.0,1.0,0.0,0.0,1.0,0.0
0.0,0,1,0,-1.229969518276813,1,0,0,0,0,0,0,0,0,-1.479744533649811,-0.9841516051866204,0.0,1.0,0.0,0.0,0.0,0.0,1.0
0.0,0,1,1,-1.270809244739045,1,0,0,0,1,0,0,0,0,-0.4750883855658235,-0.9803264236979029,0.0,0.0,0.0,0.0,0.0,0.0,1.0
0.0,1,1,0,0.07690172851461995,1,0,0,0,1,1,1,0,0,-0.016150776391244497,-0.06590789304905266,0.0,0.0,1.0,0.0,0.0,0.0,0.0
0.0,1,0,0,1.5879716076172141,1,1,1,1,1,1,1,1,0,0.8399764727235153,1.7964884639839662,0.0,0.0,0.0,1.0,0.0,0.0,1.0
1.0,0,1,1,1.6288113340794463,1,1,1,1,1,1,0,1,0,1.3105961301316293,2.341020840444727,1.0,0.0,0.0,1.0,1.0,0.0,0.0
1.0,1,1,0,1.547131881154982,1,1,1,1,1,1,1,1,1,0.7965860078561007,1.8022929544988229,0.0,0.0,0.0,1.0,1.0,0.0,0.0
0.0,0,0,0,-0.82157225365449,1,0,1,0,0,1,1,1,1,1.1420408627620569,-0.5041802860615996,1.0,0.0,0.0,0.0,0.0,0.0,0.0
0.0,0,0,0,0.6078181725236395,1,0,1,0,1,1,1,1,1,1.3022518099648188,1.1013506861185798,1.0,0.0,1.0,0.0,0.0,1.0,0.0
1.0,0,0,0,-1.0257708859656514,1,0,1,0,0,0,0,0,1,-0.4567308811988404,-0.845288621375267,0.0,0.0,0.0,0.0,0.0,0.0,1.0
1.0,1,1,1,1.6288113340794463,1,1,1,1,1,1,1,1,1,1.704448042005086,2.7330797036110224,1.0,0.0,0.0,1.0,1.0,0.0,0.0
0.0,0,0,1,-0.24981608318323825,0,0,0,0,1,0,0,0,1,-1.1643292313443732,-0.6529398150036468,0.0,0.0,0.0,0.0,0.0,0.0,1.0
0.0,1,0,0,-1.1891297918145805,1,0,0,0,0,0,0,0,1,0.19078836374565666,-0.9117177906008456,1.0,0.0,0.0,0.0,0.0,1.0,0.0
1.0,0,0,0,1.2204140694571237,1,1,1,1,0,0,0,1,1,0.9217508103582586,1.5465173015817222,1.0,0.0,1.0,0.0,0.0,0.0,0.0
1.0,0,0,0,-0.6173736213433287,1,0,0,0,0,0,0,0,0,-1.4930954459167078,-0.8646146836641949,0.0,1.0,1.0,0.0,0.0,0.0,1.0
0.0,0,1,0,1.5879716076172141,1,0,0,0,0,0,0,0,0,-1.496433173983432,-0.3891357288456913,0.0,1.0,0.0,1.0,1.0,0.0,0.0
1.0,0,0,0,-0.33149553610770277,1,1,0,0,0,0,1,1,1,0.9818299155592943,0.03041106641394718,1.0,0.0,0.0,0.0,0.0,1.0,0.0
1.0,1,1,0,0.1585811814390845,1,1,0,0,0,0,0,1,1,0.6864409816542018,0.39064530917120266,1.0,0.0,0.0,0.0,1.0,0.0,0.0
1.0,0,0,0,-1.270809244739045,1,1,0,0,0,0,0,0,1,-1.3245401785471353,-0.9916462921732357,0.0,1.0,0.0,0.0,0.0,0.0,1.0
0.0,0,0,0,-1.270809244739045,1,0,0,0,0,0,0,0,0,-0.6453125169687584,-0.9825948452784214,0.0,0.0,0.0,0.0,0.0,0.0,1.0
0.0,1,0,0,0.11774145497685222,1,1,1,0,0,0,1,1,1,1.1470474548621428,0.5782793569637057,1.0,0.0,0.0,0.0,0.0,1.0,0.0
0.0,0,0,0,-0.24981608318323825,1,1,0,0,1,0,0,0,1,0.5345743546182503,-0.02734472618023678,1.0,0.0,0.0,0.0,0.0,1.0,0.0
1.0,0,0,0,-1.270809244739045,1,0,0,0,0,0,0,0,0,-1.4847511257498973,-0.9937812771901945,0.0,1.0,0.0,0.0,0.0,0.0,0.0
0.0,0,0,0,-1.107450338890116,1,0,0,0,0,0,0,0,0,-1.4930954459167078,-0.9540171812493392,0.0,1.0,0.0,0.0,0.0,0.0,1.0
1.0,0,1,1,0.8528565312970331,1,1,0,0,1,1,1,1,1,0.4694886573171281,0.7507905942194181,0.0,0.0,1.0,0.0,0.0,0.0,1.0
0.0,0,1,1,1.6288113340794463,1,1,1,1,1,0,1,1,0,1.4975089018681849,2.5053924473232843,1.0,0.0,0.0,1.0,1.0,0.0,0.0
0.0,1,1,1,0.9345359842214976,1,1,1,0,1,1,1,0,0,0.3860454556490228,0.8451302446562795,0.0,0.0,1.0,0.0,0.0,1.0,0.0
1.0,0,1,0,0.03606200205238767,1,0,0,0,1,0,1,1,1,1.038571292693606,0.3479456088320293,1.0,0.0,1.0,0.0,0.0,1.0,0.0
1.0,0,1,0,-1.1482900653523482,1,0,0,0,0,0,1,0,1,0.5228923063847153,-0.8660380070088339,1.0,0.0,0.0,0.0,0.0,1.0,0.0
0.0,0,0,0,-0.82157225365449,1,0,0,0,0,0,0,0,1,-0.656994565202293,-0.7695411321277542,0.0,0.0,0.0,0.0,0.0,0.0,0.0
0.0,0,0,0,-0.82157225365449,1,0,0,0,0,0,0,0,0,-1.5014397660835184,-0.9047568498684699,0.0,1.0,0.0,0.0,0.0,0.0,1.0
1.0,0,1,1,-1.1891297918145805,1,0,0,0,1,0,0,0,1,-0.4851015697659963,-0.9279748119278953,0.0,0.0,0.0,0.0,0.0,1.0,0.0
1.0,0,0,0,-1.1891297918145805,1,0,0,0,0,0,1,0,0,0.48617729765074913,-0.883740591107783,1.0,0.0,0.0,0.0,0.0,1.0,0.0
0.0,0,1,0,1.6288113340794463,1,1,1,1,1,1,1,1,1,1.7511762349392253,2.791057890477806,1.0,0.0,0.0,1.0,1.0,0.0,0.0
0.0,0,0,0,-1.270809244739045,0,0,0,0,0,0,0,1,0,-0.9890985078413521,-0.9871761672939784,0.0,0.0,0.0,0.0,0.0,0.0,1.0
0.0,0,1,1,0.6078181725236395,1,0,0,0,0,0,0,0,0,-1.489757717849984,-0.5505494918986706,0.0,1.0,0.0,1.0,1.0,0.0,0.0
1.0,0,1,1,0.689497625448104,1,0,1,1,0,1,0,0,0,-0.16968626746055826,0.3183894100035078,0.0,0.0,0.0,0.0,1.0,0.0,0.0
0.0,0,0,1,0.5669784460614072,1,1,0,0,1,1,0,0,1,0.6714212053539428,0.7580851263606936,1.0,0.0,0.0,0.0,0.0,0.0,0.0
0.0,0,0,0,0.8528565312970331,1,1,0,1,1,0,1,1,0,1.3639997791992164,1.5246337051578958,1.0,0.0,0.0,1.0,0.0,1.0,0.0
0.0,0,1,1,-0.08645717733430915,1,0,0,0,1,0,0,1,0,0.7264937184548924,0.12612956134092765,1.0,0.0,1.0,0.0,0.0,1.0,0.0
0.0,0,0,0,-1.107450338890116,0,0,0,0,1,0,0,1,0,-0.8405696088721247,-0.9090268199023872,0.0,0.0,0.0,0.0,0.0,1.0,0.0
1.0,0,0,0,-1.270809244739045,1,0,0,0,0,0,0,0,1,-1.5147906783504155,-0.9941815868808741,0.0,1.0,0.0,0.0,0.0,0.0,1.0
1.0,0,1,0,-0.2906558096454705,1,0,0,0,0,0,0,0,1,-1.4597181652494657,-0.782528957647586,0.0,1.0,1.0,0.0,0.0,0.0,0.0
0.0,0,0,0,-1.0666106124278838,1,0,0,0,1,1,1,1,1,1.177087007462661,-0.7591775590246006,1.0,0.0,0.0,0.0,0.0,0.0,1.0
1.0,0,0,0,1.0162154371459622,1,0,0,0,0,0,0,0,0,-1.4730690775163628,-0.44551267694975616,0.0,1.0,0.0,1.0,1.0,0.0,0.0
1.0,0,1,0,-1.270809244739045,1,0,0,0,0,0,0,0,0,0.17743745147875964,-0.9716308076392481,1.0,0.0,0.0,0.0,0.0,1.0,0.0
0.0,0,1,0,1.6288113340794463,1,1,1,0,1,1,1,1,1,1.5175352702685305,2.5027014766248263,1.0,0.0,0.0,1.0,1.0,0.0,0.0
0.0,0,1,0,0.3219400872880136,1,1,0,0,0,1,0,0,1,0.47282638538385213,0.38802105675452425,1.0,0.0,0.0,0.0,1.0,0.0,0.0
0.0,1,0,0,0.5669784460614072,1,0,0,1,0,0,1,1,0,1.020213788326623,0.9650674758693846,1.0,0.0,1.0,0.0,1.0,0.0,0.0
1.0,0,0,0,-1.270809244739045,1,0,0,0,0,0,1,1,1,0.7899105517226521,-0.9634689378348333,1.0,0.0,0.0,0.0,0.0,1.0,0.0
0.0,1,0,0,-1.1482900653523482,1,1,0,0,1,0,1,0,1,0.8182812402898082,-0.8487802114550848,1.0,0.0,0.0,0.0,0.0,1.0,0.0
1.0,0,1,1,-0.9849311595034191,1,0,0,0,0,0,0,0,1,-1.513121814317053,-0.9348912738057511,0.0,1.0,0.0,0.0,0.0,0.0,1.0
0.0,0,0,0,-1.0666106124278838,1,1,0,0,0,0,1,1,1,0.9634724111923112,-0.7641814301580975,1.0,0.0,0.0,0.0,0.0,0.0,0.0
0.0,0,1,0,0.6078181725236395,1,0,0,1,0,0,1,0,1,-0.20306354812780036,0.2085711181936962,0.0,0.0,0.0,0.0,0.0,0.0,0.0
0.0,0,1,0,-1.229969518276813,1,0,1,0,0,1,0,0,1,0.5162168502512673,-0.9162323943346227,1.0,0.0,0.0,0.0,0.0,1.0,0.0
0.0,0,1,0,0.689497625448104,1,1,1,1,1,1,0,1,0,1.4007147879331832,1.2987256030509569,1.0,0.0,0.0,1.0,1.0,0.0,0.0
1.0,0,1,1,-0.12729690379654143,0,0,1,1,1,1,0,1,1,-0.3115397102963372,-0.27466939673854257,0.0,0.0,1.0,0.0,1.0,0.0,0.0
1.0,1,0,0,0.5261387195991749,1,0,1,0,1,0,0,1,0,-0.06621669739210766,0.23886121812179728,0.0,0.0,1.0,0.0,1.0,0.0,0.0
0.0,0,1,1,0.2811003608257813,1,0,1,0,0,0,0,0,0,-0.45506201716547845,-0.08383287142060157,0.0,0.0,0.0,0.0,1.0,0.0,0.0
1.0,0,0,0,1.0978948900704268,1,1,0,0,1,0,0,0,0,-0.35159244709702786,0.3832618193208873,0.0,0.0,0.0,1.0,1.0,0.0,0.0
0.0,0,1,1,-0.9849311595034191,1,1,0,1,0,0,0,0,0,-0.2981887980294404,-0.8040344838079927,0.0,0.0,0.0,0.0,0.0,1.0,0.0
1.0,0,1,1,-0.12729690379654143,1,1,0,0,1,0,0,1,1,0.8182812402898082,0.19742916513644307,1.0,0.0,0.0,0.0,0.0,1.0,0.0
0.0,0,1,1,1.5879716076172141,1,1,0,0,0,0,0,0,0,-1.3345533627473078,-0.19745410529187077,0.0,1.0,0.0,1.0,0.0,0.0,0.0
1.0,0,1,1,1.547131881154982,1,1,1,1,0,0,1,1,1,1.3806884195328375,2.3571889040627374,1.0,0.0,0.0,0.0,0.0,1.0,0.0
0.0,0,0,0,-0.7807325271922578,0,0,0,1,0,0,0,0,1,-1.1025812621099753,-0.8293207126025969,0.0,0.0,0.0,0.0,0.0,1.0,0.0
0.0,1,1,0,0.9345359842214976,1,1,0,1,1,1,0,0,0,0.8600028411238608,1.2411032470203327,1.0,0.0,0.0,0.0,0.0,1.0,0.0
0.0,0,1,0,0.9345359842214976,1,1,1,1,1,1,1,1,1,0.8499896569236883,1.184237031516548,0.0,0.0,1.0,0.0,0.0,1.0,0.0
0.0,1,0,0,-0.9440914330411869,1,0,0,0,1,0,0,0,0,0.36101249514859124,-0.7192577870929254,1.0,0.0,0.0,0.0,1.0,0.0,0.0
1.0,0,0,1,0.24026063436354905,1,1,0,1,0,0,0,0,1,0.5729582273855784,0.39462616665074013,1.0,0.0,0.0,0.0,0.0,0.0,1.0
0.0,0,1,1,-1.0257708859656514,0,0,1,0,0,1,0,0,0,-1.002449420108249,-0.8930811505569772,0.0,0.0,0.0,0.0,0.0,0.0,1.0
0.0,0,1,0,-0.33149553610770277,1,0,0,0,0,0,0,0,0,-1.4864199897832595,-0.7995643589287355,0.0,1.0,1.0,0.0,0.0,0.0,1.0
1.0,0,1,0,1.3429332488438204,1,0,0,0,0,0,0,0,1,-1.478075669616449,-0.3736348480454809,0.0,1.0,0.0,1.0,1.0,0.0,0.0
0.0,0,1,0,1.6288113340794463,1,1,0,1,1,0,1,1,1,1.2238152003967995,2.2544872289761204,1.0,0.0,1.0,0.0,0.0,1.0,0.0
0.0,1,0,0,-0.20897635672100598,1,1,0,1,1,0,0,0,1,0.7264937184548924,0.06519353064856562,1.0,0.0,0.0,0.0,0.0,0.0,0.0
1.0,0,0,0,-1.1891297918145805,1,0,0,0,0,1,0,0,1,-0.4734195215324615,-0.9370484982499697,0.0,0.0,0.0,0.0,0.0,0.0,1.0
0.0,0,0,0,0.1585811814390845,1,1,1,0,0,0,0,0,0,-0.3415792628968551,-0.16055889546755375,0.0,0.0,1.0,0.0,0.0,0.0,1.0
1.0,0,0,0,-1.0257708859656514,1,0,1,0,0,0,0,0,0,0.3226286223812626,-0.7654268380846567,1.0,0.0,0.0,0.0,0.0,0.0,1.0
0.0,0,0,0,0.40361954021247815,1,0,0,0,1,1,0,1,0,0.06061696914341226,0.22607354744730526,0.0,0.0,0.0,1.0,1.0,0.0,0.0
0.0,1,0,0,-0.8624119801167224,1,1,0,0,0,0,0,1,1,0.6714212053539428,-0.5994095135888602,1.0,0.0,0.0,0.0,1.0,0.0,0.0
1.0,0,0,0,-0.8624119801167224,1,0,0,0,0,0,0,0,0,-1.4830822617165353,-0.9102499884016865,0.0,1.0,0.0,0.0,0.0,0.0,1.0
1.0,0,1,1,1.424612701768285,1,1,1,0,1,0,1,1,1,0.5011970739510082,1.3516776793569836,0.0,0.0,0.0,1.0,0.0,1.0,0.0
1.0,0,0,0,-0.9440914330411869,1,0,0,0,0,0,0,1,1,0.5379120826849744,-0.6855872942213065,1.0,0.0,0.0,0.0,0.0,1.0,0.0
0.0,1,0,0,1.261253795919356,1,1,1,1,1,1,1,0,0,0.611342100152907,1.3292825761061777,0.0,0.0,1.0,0.0,0.0,0.0,0.0
0.0,1,1,0,0.7711770783725685,1,1,1,0,0,0,0,0,1,0.42776705648307545,0.6906996617629356,1.0,0.0,0.0,0.0,0.0,1.0,0.0
1.0,0,1,0,1.5879716076172141,1,1,1,1,0,1,1,0,0,0.29425793381410703,1.3802998222405858,0.0,0.0,0.0,1.0,1.0,0.0,0.0
0.0,0,0,1,0.5669784460614072,1,0,0,1,1,0,1,1,1,1.1720804153625743,0.9504116933050538,1.0,0.0,0.0,0.0,0.0,1.0,0.0
1.0,0,1,1,-0.82157225365449,1,0,0,0,0,0,0,0,0,-1.4747379415497248,-0.8891225325046996,0.0,1.0,0.0,0.0,0.0,0.0,1.0
1.0,0,0,0,-1.270809244739045,1,0,0,0,0,0,0,0,0,-1.489757717849984,-0.9938479954719742,0.0,1.0,0.0,0.0,0.0,0.0,1.0
0.0,0,1,0,0.5261387195991749,1,1,0,0,0,0,0,0,0,-1.3078515382135143,-0.5041358072070796,0.0,1.0,0.0,1.0,0.0,0.0,1.0
0.0,0,0,0,0.5261387195991749,1,1,1,1,0,0,0,1,0,1.070279709327486,0.9733183033828395,1.0,0.0,1.0,0.0,0.0,0.0,0.0
0.0,1,0,0,-1.270809244739045,1,0,0,0,0,0,0,0,1,0.16408653921186261,-0.9718087230573281,1.0,0.0,0.0,0.0,0.0,1.0,0.0
0.0,1,0,0,0.03606200205238767,1,1,0,1,1,1,1,1,1,1.527548454468703,0.6231362817470977,1.0,0.0,0.0,0.0,0.0,1.0,0.0
1.0,0,1,0,1.6288113340794463,1,1,0,1,1,1,1,1,1,1.4591250291008568,2.4307791688660307,1.0,0.0,0.0,1.0,0.0,1.0,0.0
1.0,0,0,0,-1.1891297918145805,1,0,0,1,1,1,1,1,1,1.4441052528005978,-0.8610563753025972,1.0,0.0,0.0,0.0,0.0,1.0,0.0
0.0,0,0,1,-0.33149553610770277,1,0,0,0,0,0,0,0,0,-1.4997709020501564,-0.7812168314392469,0.0,1.0,0.0,1.0,0.0,0.0,1.0
1.0,1,0,0,-0.6173736213433287,1,0,0,1,1,0,1,1,1,1.2388349766970586,-0.22329631976797462,1.0,0.0,0.0,0.0,0.0,1.0,0.0
0.0,0,1,1,-1.229969518276813,0,0,0,1,0,0,0,0,1,-1.1493094550441143,-0.9744107360467464,0.0,0.0,0.0,0.0,0.0,0.0,1.0
0.0,0,1,0,-0.6990530742677933,1,1,0,0,0,0,0,0,1,-0.4533931531321162,-0.6864546318844459,0.0,0.0,0.0,0.0,0.0,1.0,0.0
0.0,0,1,0,-0.8624119801167224,1,0,0,0,0,0,0,0,1,-0.6887029818361732,-0.7876217864901228,0.0,0.0,0.0,0.0,0.0,1.0,0.0
0.0,0,0,0,-0.9440914330411869,1,0,0,0,0,0,1,0,1,0.432773648583162,-0.6851202662488467,1.0,0.0,0.0,0.0,0.0,0.0,0.0
1.0,0,0,0,-0.24981608318323825,1,1,0,0,0,0,0,1,1,0.6430505167867872,-0.00012366721401382762,1.0,0.0,0.0,0.0,0.0,1.0,0.0
0.0,0,0,0,-1.107450338890116,1,0,1,0,1,0,0,0,0,-0.2965199339960784,-0.869151526825232,0.0,0.0,0.0,0.0,1.0,0.0,0.0
1.0,0,1,1,-1.107450338890116,1,0,0,0,0,0,0,0,0,-1.4730690775163628,-0.9585317849831164,0.0,1.0,1.0,0.0,0.0,1.0,0.0
1.0,1,1,1,1.6288113340794463,1,0,1,0,1,1,1,1,1,1.3156027222317155,2.3098856422807463,1.0,0.0,0.0,1.0,1.0,0.0,0.0
1.0,0,0,0,-1.1891297918145805,1,0,0,0,0,0,0,0,0,-1.4680624854162763,-0.9771906644542447,0.0,1.0,0.0,0.0,0.0,0.0,1.0
1.0,1,1,0,1.6288113340794463,1,1,1,1,1,0,0,1,1,1.2672056652642147,2.3555209470182383,1.0,0.0,0.0,1.0,1.0,0.0,0.0
1.0,0,0,1,1.138734616532659,1,1,1,0,1,1,1,1,1,0.6764277974540293,1.2144381737356094,0.0,0.0,0.0,1.0,0.0,1.0,0.0
0.0,1,0,0,-1.229969518276813,1,0,0,0,0,0,0,0,1,0.1891194997122942,-0.9409181585932073,1.0,0.0,0.0,0.0,0.0,1.0,0.0
0.0,0,1,1,0.6486578989858718,1,0,1,1,1,0,0,1,1,0.18077517954548367,0.43763721897155344,0.0,0.0,0.0,1.0,1.0,0.0,0.0
0.0,0,1,1,-0.24981608318323825,0,0,1,1,0,1,0,0,0,-0.862264841305832,-0.5467910286917329,0.0,0.0,0.0,0.0,1.0,0.0,0.0
1.0,1,1,0,1.5879716076172141,1,1,1,1,1,0,1,1,1,1.4290854765003387,2.428132677022093,1.0,0.0,0.0,0.0,0.0,1.0,0.0
0.0,0,0,1,-0.4131749890321673,1,0,0,0,0,0,0,0,1,-1.4730690775163628,-0.7937821078411391,0.0,1.0,0.0,0.0,0.0,1.0,0.0
1.0,0,1,0,1.424612701768285,1,1,0,1,0,0,1,0,1,0.7915794157560146,1.5762514158283238,1.0,0.0,1.0,0.0,0.0,0.0,0.0
1.0,1,0,0,-0.8624119801167224,1,1,1,1,0,0,0,0,0,-0.14799103502685093,-0.7078934397630725,0.0,0.0,0.0,0.0,0.0,0.0,0.0
1.0,0,1,0,1.5879716076172141,1,1,1,0,1,1,1,1,1,1.4641316212009428,2.3847435544378595,1.0,0.0,0.0,1.0,1.0,0.0,0.0
0.0,1,1,0,-0.2906558096454705,1,0,0,0,0,0,0,0,1,0.15407335501169006,-0.1963198945016115,1.0,0.0,0.0,0.0,0.0,1.0,0.0
1.0,0,1,0,-0.08645717733430915,1,1,0,0,0,0,0,0,0,-0.4934458899328068,-0.36140316305248854,0.0,0.0,0.0,0.0,0.0,1.0,0.0
0.0,0,0,0,-1.1482900653523482,1,0,0,0,0,0,0,0,0,-1.4764068055830868,-0.9659152748334318,0.0,1.0,0.0,0.0,1.0,0.0,0.0
0.0,0,1,1,1.547131881154982,1,1,1,1,0,0,1,0,1,0.15073562694496603,1.1643994624006406,0.0,0.0,0.0,1.0,1.0,0.0,0.0
1.0,0,0,0,0.07690172851461995,1,1,0,1,0,1,1,1,1,1.3573243230657681,0.5720745567581697,1.0,0.0,0.0,0.0,0.0,1.0,0.0
0.0,0,1,1,-0.0047777244098446,1,0,1,1,1,1,0,1,0,0.38771431968238484,0.06657237513868472,0.0,0.0,0.0,0.0,0.0,0.0,0.0
0.0,0,1,0,1.547131881154982,0,0,1,1,1,1,1,1,0,-0.00446872815770995,1.000961911467002,0.0,0.0,0.0,1.0,0.0,0.0,0.0
0.0,0,0,1,-0.9849311595034191,0,0,1,0,0,0,0,1,1,-0.8739468895393668,-0.8556299550511605,0.0,0.0,0.0,0.0,0.0,1.0,0.0
1.0,1,1,0,-1.0257708859656514,1,0,0,0,0,0,1,1,1,0.8116057841563598,-0.7334687811120566,1.0,0.0,0.0,0.0,0.0,1.0,0.0
1.0,0,0,0,-1.270809244739045,1,0,0,0,0,0,0,0,0,-1.4997709020501564,-0.9939814320355342,0.0,1.0,0.0,0.0,0.0,0.0,0.0
0.0,0,0,0,0.07690172851461995,1,0,0,0,0,0,0,0,1,0.17743745147875964,0.07188759825382132,1.0,0.0,0.0,0.0,1.0,0.0,0.0
0.0,0,0,0,-1.270809244739045,1,0,0,1,0,0,0,0,1,0.32095975834790064,-0.9697182168948894,1.0,0.0,0.0,0.0,1.0,0.0,0.0
1.0,0,1,0,-0.9440914330411869,1,0,1,1,0,1,1,0,1,0.1423913067781555,-0.7386283282363735,0.0,0.0,0.0,0.0,0.0,0.0,1.0
1.0,0,0,0,1.3837729753060528,1,0,0,1,1,0,1,1,0,1.1620672311624018,1.9819875267595106,1.0,0.0,0.0,0.0,0.0,1.0,0.0
1.0,0,1,0,1.3429332488438204,1,1,1,0,1,1,0,1,0,0.3827077275822988,1.1898413671860646,0.0,0.0,0.0,1.0,0.0,0.0,0.0
1.0,0,1,1,1.4654524282305172,1,1,1,1,0,0,0,0,1,0.6947853018210123,1.531016420781512,1.0,0.0,1.0,0.0,0.0,0.0,0.0
0.0,0,1,1,0.8120168048348009,1,1,0,0,1,0,1,1,0,1.2204774723300755,1.3551025511550217,1.0,0.0,1.0,0.0,0.0,0.0,0.0
0.0,0,0,0,-0.20897635672100598,1,0,0,0,0,0,0,0,1,-1.4830822617165353,-0.763380810776738,0.0,1.0,0.0,1.0,0.0,0.0,0.0
1.0,1,0,0,1.3020935223815882,1,1,1,1,0,0,1,1,1,1.2955763538313703,1.9099985007189353,1.0,0.0,0.0,0.0,0.0,0.0,0.0
0.0,1,0,0,-1.229969518276813,1,0,0,0,0,0,0,0,0,-0.6920407099028972,-0.9649145006067325,0.0,0.0,0.0,0.0,0.0,1.0,0.0
0.0,0,0,0,-1.0257708859656514,1,0,0,0,1,0,1,1,1,1.0235515163933468,-0.708805256280732,1.0,0.0,0.0,0.0,0.0,1.0,0.0
0.0,0,1,0,1.5879716076172141,1,1,1,1,1,1,1,1,0,0.7765596394557556,1.8284687603838263,0.0,0.0,0.0,1.0,0.0,0.0,0.0
1.0,1,0,0,0.03606200205238767,1,1,0,0,0,0,0,0,1,-1.3278779066138595,-0.6256742771829038,0.0,1.0,1.0,0.0,0.0,0.0,0.0
0.0,0,1,1,-1.1891297918145805,1,0,0,0,0,0,0,0,0,-0.6803586616693627,-0.9429419464738661,0.0,0.0,0.0,0.0,0.0,0.0,1.0
1.0,1,1,0,-0.6990530742677933,1,1,0,0,0,0,0,1,1,0.6981230298877363,-0.40428077880974184,1.0,0.0,0.0,0.0,0.0,0.0,0.0
0.0,0,1,1,-0.0047777244098446,1,1,1,0,0,0,1,0,0,0.8316321525567048,0.2879213946573268,1.0,0.0,0.0,0.0,0.0,1.0,0.0
1.0,0,1,0,0.36277981375024587,1,1,0,0,1,0,1,1,1,0.277569293480486,0.33213337605017906,0.0,0.0,1.0,0.0,0.0,1.0,0.0
0.0,0,0,0,-1.229969518276813,1,0,0,0,0,0,0,1,0,0.5362432186516123,-0.9318444722711331,1.0,0.0,0.0,0.0,0.0,1.0,0.0
1.0,0,0,1,0.8120168048348009,1,1,0,0,0,0,0,0,0,-1.30451381014679,-0.40919569223419877,0.0,1.0,0.0,1.0,1.0,0.0,0.0
1.0,0,1,1,1.2204140694571237,1,0,0,0,0,0,0,0,0,-1.4697313494496385,-0.4608134029046266,0.0,1.0,0.0,1.0,1.0,0.0,0.0
1.0,1,1,0,-0.6173736213433287,1,0,0,0,0,0,0,1,0,0.5612761791520439,-0.41155307152375725,1.0,0.0,0.0,0.0,0.0,0.0,0.0
0.0,0,0,0,1.5062921546927495,1,1,0,1,1,1,1,1,1,1.529217318502065,2.313332753506044,1.0,0.0,0.0,1.0,0.0,0.0,0.0
1.0,0,1,1,1.424612701768285,1,0,1,1,1,0,1,1,0,0.5562695870519574,1.3984694343119946,0.0,0.0,0.0,1.0,1.0,0.0,0.0
1.0,1,1,0,1.0162154371459622,1,1,0,1,1,0,1,0,1,0.21415246021272577,0.8387030501781435,0.0,0.0,1.0,0.0,1.0,0.0,0.0
0.0,0,1,0,1.6288113340794463,1,1,1,1,1,1,1,0,0,0.48450843361738716,1.3999372365111533,0.0,0.0,0.0,1.0,1.0,0.0,0.0
1.0,0,1,0,0.97537571068373,1,1,0,0,0,0,0,0,1,-1.319533586447049,-0.4124648880414167,0.0,1.0,0.0,1.0,1.0,0.0,0.0
1.0,0,0,0,-1.229969518276813,1,0,1,1,0,0,0,0,1,-0.36160563129720036,-0.9546621246398788,0.0,0.0,0.0,0.0,0.0,0.0,1.0
1.0,0,1,0,-1.107450338890116,0,0,0,0,0,0,0,0,1,-1.3262090425804973,-0.9581092358651766,0.0,0.0,0.0,0.0,0.0,1.0,0.0
1.0,0,1,1,1.3020935223815882,1,1,1,0,1,0,0,1,0,0.9584658190922252,1.5869263409131171,1.0,0.0,0.0,1.0,0.0,0.0,0.0
1.0,0,1,1,-0.04561745087207687,0,0,1,0,0,1,0,0,0,-0.9774164596078174,-0.5235063483505276,0.0,0.0,0.0,0.0,0.0,0.0,0.0
1.0,1,1,0,1.1795743429948913,1,1,0,0,0,0,0,0,0,-1.3245401785471353,-0.33480480804954516,0.0,1.0,0.0,1.0,0.0,0.0,0.0
1.0,0,1,1,-1.270809244739045,1,0,0,0,0,0,0,1,1,0.5462564028517849,-0.9667158942147912,1.0,0.0,0.0,0.0,0.0,1.0,0.0
0.0,0,1,0,1.6288113340794463,1,1,1,1,1,1,1,1,1,0.8766914814574819,1.8743931776756977,0.0,0.0,0.0,1.0,0.0,0.0,0.0
0.0,0,1,1,-0.04561745087207687,1,0,0,0,0,0,0,0,1,-1.506446358183605,-0.7096725939438715,0.0,1.0,0.0,0.0,0.0,0.0,1.0
0.0,0,1,1,-0.658213347805561,1,0,1,1,0,1,0,1,0,0.11902721031108594,-0.5068934961873179,0.0,0.0,0.0,1.0,0.0,0.0,0.0
1.0,1,1,0,-1.0666106124278838,1,0,0,0,1,0,1,1,1,1.036902428660244,-0.7475685779948879,1.0,0.0,0.0,0.0,0.0,1.0,0.0
0.0,0,1,1,-0.5356941684188642,0,0,0,0,0,0,0,0,1,-1.3295467706472215,-0.8093719463503893,0.0,0.0,0.0,0.0,0.0,0.0,1.0
1.0,0,1,0,1.547131881154982,1,0,1,1,1,1,0,1,0,1.212133152163265,2.1487832312094066,1.0,0.0,0.0,1.0,1.0,0.0,0.0
0.0,0,1,1,-0.5765338948810964,1,0,0,0,1,1,0,0,1,-0.34324812693021733,-0.5770588891925742,0.0,0.0,1.0,0.0,1.0,0.0,0.0
0.0,1,0,0,-0.37233526256993504,1,1,0,0,1,0,0,0,1,0.4895150257174732,-0.18644558879817763,1.0,0.0,0.0,0.0,0.0,0.0,1.0
1.0,0,1,1,1.547131881154982,1,1,0,0,0,0,0,0,0,-1.3111892662802385,-0.21013057883006286,0.0,1.0,0.0,1.0,0.0,0.0,1.0
1.0,0,1,1,-0.6990530742677933,1,0,0,0,0,0,0,0,0,-1.513121814317053,-0.8787367199742862,0.0,1.0,0.0,1.0,0.0,0.0,1.0
1.0,0,0,0,-1.1891297918145805,1,0,0,0,1,1,1,0,1,0.7899105517226521,-0.8862091675336414,1.0,0.0,0.0,0.0,0.0,0.0,1.0
1.0,0,1,1,0.11774145497685222,1,0,0,0,0,0,0,0,0,-1.4747379415497248,-0.6650158240058194,0.0,1.0,0.0,1.0,0.0,0.0,0.0
0.0,0,0,1,-1.229969518276813,1,0,0,0,0,0,0,0,1,-1.5047774941502425,-0.9868203364578187,0.0,1.0,0.0,0.0,0.0,1.0,0.0
1.0,0,1,1,1.2204140694571237,1,0,1,0,1,1,0,1,0,0.2241656444128988,0.9931336330714872,0.0,0.0,1.0,0.0,1.0,0.0,0.0
1.0,1,0,0,-1.107450338890116,0,0,0,0,1,1,1,0,0,-0.6436436529353963,-0.9072476657215883,0.0,0.0,0.0,0.0,1.0,0.0,0.0
0.0,0,1,1,-0.9849311595034191,1,0,0,1,0,1,0,0,0,-0.27983129366245735,-0.8241834049055401,0.0,0.0,0.0,0.0,0.0,0.0,0.0
0.0,0,0,0,0.11774145497685222,1,1,0,0,0,0,0,0,0,-1.381281555681447,-0.6482250564245298,0.0,1.0,0.0,1.0,0.0,0.0,0.0
0.0,0,0,1,-0.9440914330411869,1,0,0,0,1,1,1,1,1,0.2742315654137619,-0.7130307474601293,0.0,0.0,0.0,0.0,0.0,0.0,1.0
1.0,0,1,0,1.5879716076172141,1,1,1,1,1,1,1,1,1,1.7161300902386207,2.6936714385063265,1.0,0.0,0.0,1.0,0.0,0.0,0.0
1.0,1,1,0,1.6288113340794463,1,1,0,1,1,1,1,1,1,1.5676011912693937,2.565705774052367,1.0,0.0,0.0,1.0,0.0,0.0,0.0
0.0,1,1,0,0.11774145497685222,1,1,1,1,0,1,1,0,1,1.195444511829644,0.6222022258021783,1.0,0.0,0.0,0.0,0.0,0.0,0.0
0.0,0,0,0,0.7711770783725685,1,1,0,1,1,1,1,1,1,1.562594599169307,1.53397426460709,1.0,0.0,1.0,0.0,0.0,1.0,0.0
1.0,0,0,0,-0.658213347805561,1,0,0,0,0,0,0,0,0,-1.52647272658395,-0.8574091092319595,0.0,1.0,0.0,1.0,1.0,0.0,0.0
1.0,0,1,0,-0.33149553610770277,1,1,0,0,1,0,1,1,1,1.213802016196627,0.061079236605468185,1.0,0.0,0.0,0.0,0.0,1.0,0.0
1.0,0,0,0,0.36277981375024587,1,1,0,1,1,0,1,1,1,1.335629090632061,0.9304629270528461,1.0,0.0,0.0,0.0,0.0,1.0,0.0
1.0,0,1,0,-0.4540147154943996,1,1,0,1,1,1,1,1,1,1.5525814149691346,0.027853532279048774,1.0,0.0,0.0,0.0,0.0,1.0,0.0
1.0,0,0,0,-0.5356941684188642,1,1,0,1,0,0,1,1,1,1.177087007462661,-0.14354573361366435,1.0,0.0,0.0,0.0,0.0,1.0,0.0
0.0,0,1,1,0.9345359842214976,1,1,1,0,1,1,1,1,1,0.6814343895541153,1.0690367983098197,0.0,0.0,0.0,1.0,0.0,0.0,0.0
0.0,0,0,0,-0.08645717733430915,0,0,0,0,0,1,0,1,1,-0.8121989203049689,-0.4747797632238979,0.0,0.0,1.0,0.0,1.0,0.0,0.0
1.0,0,0,0,-0.04561745087207687,1,1,0,1,0,0,0,0,1,0.5262300344514398,0.07766984934141773,1.0,0.0,0.0,0.0,0.0,1.0,0.0
1.0,0,0,0,-1.270809244739045,1,0,0,0,1,0,1,0,1,0.6730900693873048,-0.9650256977430324,1.0,0.0,0.0,0.0,0.0,1.0,0.0
0.0,0,0,0,-0.9849311595034191,1,0,0,1,0,1,1,0,1,0.025570824442808136,-0.7561529969172425,0.0,0.0,0.0,0.0,0.0,1.0,0.0
0.0,0,0,0,-0.8624119801167224,1,0,0,0,0,1,1,1,0,0.1941260918123807,-0.6339028652690987,0.0,0.0,0.0,0.0,0.0,0.0,1.0
1.0,0,0,0,-1.270809244739045,1,0,0,0,0,0,0,0,1,0.1740997234120356,-0.9716752864937681,1.0,0.0,0.0,0.0,0.0,1.0,0.0
0.0,1,0,0,1.547131881154982,1,1,0,1,1,1,1,0,1,0.36101249514859124,1.315761004332106,0.0,0.0,0.0,1.0,0.0,0.0,0.0
0.0,0,0,0,-1.229969518276813,1,0,0,0,0,0,0,0,1,-1.4914265818833459,-0.9845741543045601,0.0,1.0,0.0,0.0,0.0,0.0,1.0
1.0,0,0,0,0.5669784460614072,1,1,1,0,0,0,1,0,1,0.8166123762564462,0.8856060022694543,1.0,0.0,0.0,0.0,1.0,0.0,0.0
0.0,1,0,0,0.689497625448104,1,1,1,0,0,0,1,1,0,1.230490656530248,1.2524898337774453,1.0,0.0,0.0,0.0,1.0,0.0,0.0
0.0,0,0,0,0.19942090790131678,1,1,1,1,1,1,1,0,1,0.4744952494172146,0.3213472538290858,0.0,0.0,0.0,0.0,1.0,0.0,0.0
0.0,0,1,1,-0.7398928007300255,1,0,0,0,0,0,0,1,1,0.5412498107516989,-0.4900137708969884,1.0,0.0,0.0,0.0,0.0,0.0,0.0
1.0,1,0,0,-0.4540147154943996,1,0,0,0,1,0,1,1,1,1.071948573360848,-0.09971182248423169,1.0,0.0,0.0,0.0,0.0,0.0,0.0
0.0,0,0,0,0.8120168048348009,1,1,0,1,0,0,0,0,1,0.5178857142846293,0.9087572460470998,1.0,0.0,1.0,0.0,0.0,0.0,1.0
1.0,1,1,0,0.4444592666747104,1,1,0,1,0,1,1,0,1,0.9885053716927428,0.7555498316530552,1.0,0.0,0.0,0.0,0.0,1.0,0.0
1.0,0,0,0,-1.1891297918145805,1,0,0,0,0,0,0,0,1,-0.7137359423366048,-0.947767902189283,0.0,0.0,0.0,0.0,0.0,1.0,0.0
0.0,0,0,0,0.07690172851461995,1,1,0,0,0,0,1,0,0,0.6897787097209258,0.2856084942222881,1.0,0.0,0.0,0.0,0.0,1.0,0.0
1.0,0,1,0,0.4444592666747104,1,0,0,0,0,0,1,0,1,-0.2781624296290951,0.06079012405108832,0.0,0.0,1.0,0.0,0.0,0.0,1.0
1.0,0,0,0,-0.4131749890321673,1,1,1,0,0,0,0,0,1,-0.3415792628968551,-0.5013336393723213,0.0,0.0,0.0,0.0,0.0,1.0,0.0
1.0,0,0,0,0.9345359842214976,1,1,0,0,0,0,1,1,1,1.071948573360848,1.3474744276048463,1.0,0.0,0.0,0.0,0.0,1.0,0.0
1.0,0,1,0,-0.9032517065789546,1,1,0,0,1,0,1,1,1,1.1286899504951597,-0.5411866930222164,1.0,0.0,0.0,0.0,0.0,1.0,0.0
1.0,0,1,0,-0.12729690379654143,1,1,0,1,0,0,0,0,1,0.5162168502512673,0.00479124621044319,1.0,0.0,0.0,0.0,0.0,0.0,0.0
0.0,0,0,0,-1.0666106124278838,1,0,0,0,0,0,0,0,0,-1.5014397660835184,-0.9451436497726046,0.0,1.0,0.0,0.0,1.0,0.0,0.0
0.0,0,1,0,1.424612701768285,1,0,0,0,0,0,0,0,1,-1.46305589331619,-0.41235369090511675,0.0,1.0,1.0,0.0,0.0,0.0,0.0
1.0,0,1,1,-0.6173736213433287,1,0,0,0,0,0,0,0,0,-1.49476430995007,-0.8560969830236203,0.0,1.0,1.0,0.0,0.0,0.0,0.0
0.0,1,1,0,1.5879716076172141,1,0,1,1,1,1,1,0,1,1.158729503095678,2.1855894833246836,1.0,0.0,0.0,1.0,0.0,1.0,0.0
0.0,0,0,0,0.24026063436354905,1,0,0,1,1,1,0,0,1,0.6530637009869596,0.44924620000126614,1.0,0.0,0.0,0.0,1.0,0.0,0.0
1.0,0,1,0,-1.270809244739045,1,1,0,0,0,0,0,0,1,0.33097294254807313,-0.9695847803313296,1.0,0.0,0.0,0.0,0.0,0.0,0.0
0.0,0,0,0,-0.9032517065789546,1,0,0,1,0,0,0,0,0,-0.4500554250653919,-0.781150113157467,0.0,0.0,0.0,0.0,0.0,1.0,0.0
0.0,1,0,0,-0.6990530742677933,1,1,0,1,0,0,0,1,0,0.8399764727235153,-0.3689645683208838,1.0,0.0,0.0,0.0,0.0,1.0,0.0
0.0,1,1,0,-1.270809244739045,1,1,0,0,0,0,0,0,1,0.3259663504479871,-0.9696514986131095,1.0,0.0,0.0,0.0,0.0,1.0,0.0
1.0,0,0,0,-0.9032517065789546,1,0,0,0,0,0,0,0,1,-1.496433173983432,-0.9168995771524222,0.0,1.0,0.0,0.0,0.0,0.0,1.0
0.0,0,1,1,-0.9849311595034191,1,0,0,0,0,0,0,0,0,-1.523134998517226,-0.9130521562364448,0.0,1.0,0.0,1.0,0.0,0.0,1.0
0.0,1,0,0,1.0162154371459622,1,1,1,0,1,1,0,1,0,1.2221463363634375,1.567933870033089,1.0,0.0,0.0,1.0,1.0,0.0,0.0
1.0,0,0,0,-1.1891297918145805,1,0,1,0,1,0,1,1,1,0.42442932841635145,-0.9110728472103059,0.0,0.0,0.0,0.0,0.0,1.0,0.0
0.0,0,1,0,-1.107450338890116,1,1,0,0,1,1,1,0,0,0.10901402611091342,-0.8469565784197659,0.0,0.0,0.0,0.0,0.0,0.0,0.0
1.0,0,0,0,0.11774145497685222,1,1,1,0,0,0,0,0,0,-0.3148774383630615,-0.14694836598444228,0.0,0.0,0.0,1.0,0.0,0.0,1.0
0.0,0,1,1,-0.658213347805561,1,0,0,1,1,0,1,0,1,0.8266255604566187,-0.36660718903132533,1.0,0.0,0.0,0.0,1.0,0.0,0.0
0.0,0,0,0,-1.229969518276813,1,0,0,0,0,0,0,0,0,-1.4764068055830868,-0.9872873644302783,0.0,1.0,1.0,0.0,0.0,0.0,1.0
0.0,1,0,0,0.11774145497685222,1,1,1,1,1,0,1,1,1,1.4574561650674944,0.6545828318927182,1.0,0.0,1.0,0.0,0.0,1.0,0.0
1.0,0,0,1,-1.229969518276813,1,0,0,0,0,0,0,1,1,-0.31320857432969945,-0.9544397303672789,0.0,0.0,0.0,0.0,0.0,1.0,0.0
0.0,0,1,1,1.1795743429948913,0,0,0,1,1,1,1,0,0,-0.4450488329653057,0.44030595024275176,0.0,0.0,0.0,1.0,1.0,0.0,0.0
0.0,0,1,1,0.24026063436354905,1,0,0,0,0,0,0,0,1,-1.4847511257498973,-0.6709315116569756,0.0,1.0,0.0,1.0,0.0,0.0,1.0
0.0,0,1,0,0.97537571068373,1,1,0,0,0,0,1,0,1,0.6981230298877363,1.177943273601972,1.0,0.0,0.0,0.0,0.0,0.0,0.0
1.0,0,1,0,1.5062921546927495,1,0,1,1,1,1,1,1,1,0.6680834772872187,1.612101372571421,0.0,0.0,0.0,1.0,0.0,0.0,1.0
0.0,0,0,0,-1.270809244739045,1,0,0,0,0,0,0,0,0,-1.49476430995007,-0.9939147137537543,0.0,1.0,0.0,0.0,0.0,0.0,0.0
1.0,0,1,1,1.1795743429948913,1,0,1,1,1,1,1,1,0,0.6747589334206673,1.3388232904007116,0.0,0.0,1.0,0.0,0.0,0.0,0.0
0.0,0,0,0,1.261253795919356,1,0,0,0,1,1,1,0,1,0.8466519288569638,1.5845689616235585,1.0,0.0,1.0,0.0,1.0,0.0,0.0
0.0,1,0,0,0.8936962577592654,1,1,1,1,0,1,1,1,0,0.592984595785924,0.9321086446700854,0.0,0.0,1.0,0.0,0.0,0.0,0.0
1.0,0,1,1,-0.2906558096454705,1,0,0,1,1,0,0,0,0,-0.3682810874306489,-0.39987737221226455,0.0,0.0,1.0,0.0,0.0,0.0,1.0
0.0,0,1,0,-0.0047777244098446,1,0,1,0,0,0,0,0,1,0.36101249514859124,0.031233925222566628,1.0,0.0,0.0,0.0,0.0,0.0,0.0
1.0,0,0,0,-0.9032517065789546,1,0,0,0,0,0,0,1,1,-0.2648115173621983,-0.7789261704314683,0.0,0.0,0.0,0.0,0.0,0.0,0.0
1.0,0,0,0,1.0162154371459622,0,0,0,1,0,0,1,0,1,-0.8472450650055732,-0.06361723204127426,0.0,0.0,0.0,0.0,0.0,1.0,0.0
0.0,0,0,1,-1.1482900653523482,1,0,0,0,1,1,1,1,1,1.1153390382282626,-0.8264963053405787,1.0,0.0,0.0,0.0,0.0,0.0,0.0
1.0,0,1,0,1.6288113340794463,1,0,0,0,0,0,0,0,0,-1.5147906783504155,-0.4224059120266305,0.0,1.0,0.0,1.0,1.0,0.0,0.0
1.0,0,0,0,-1.229969518276813,1,0,0,0,0,0,0,0,0,-0.6286238766351373,-0.9667381336420512,0.0,0.0,0.0,0.0,0.0,0.0,1.0
0.0,0,0,0,-1.1482900653523482,0,0,0,0,0,0,0,0,1,-1.3428976829141184,-0.9642473177889328,0.0,0.0,0.0,0.0,0.0,1.0,0.0
0.0,0,1,0,-0.7807325271922578,1,1,1,1,0,1,1,0,1,0.3843765916156608,-0.5662282881169609,0.0,0.0,0.0,0.0,0.0,1.0,0.0
1.0,0,1,1,-0.5356941684188642,1,0,1,0,0,0,0,0,1,-0.5251543065666867,-0.5777260720103737,0.0,0.0,1.0,0.0,0.0,0.0,0.0
1.0,1,1,0,1.424612701768285,1,0,1,1,0,1,0,0,1,-0.12462693855978135,0.829495927292509,0.0,0.0,1.0,0.0,0.0,0.0,0.0
1.0,0,0,0,-1.229969518276813,1,0,0,1,0,0,0,0,1,0.33597953464815966,-0.9383606244583088,1.0,0.0,0.0,0.0,0.0,1.0,0.0
0.0,0,1,0,1.1795743429948913,1,0,0,0,0,0,0,0,0,-1.4830822617165353,-0.43397041420182336,0.0,1.0,0.0,1.0,1.0,0.0,0.0
0.0,0,0,0,-0.5765338948810964,1,1,0,0,1,1,0,1,1,1.0135383321931744,-0.25578812299481435,1.0,0.0,0.0,0.0,0.0,0.0,0.0
1.0,0,0,0,0.36277981375024587,1,0,0,1,0,1,1,0,1,0.8299632885233428,0.6561840706554372,1.0,0.0,1.0,0.0,0.0,1.0,0.0
1.0,0,0,0,-1.1482900653523482,1,1,0,0,0,0,0,0,0,-0.47675724959918575,-0.9108726923649662,0.0,0.0,0.0,0.0,0.0,0.0,1.0
0.0,0,1,1,-0.24981608318323825,1,0,0,0,0,0,0,0,0,-1.5031086301168806,-0.7826401547838859,0.0,1.0,0.0,1.0,1.0,0.0,0.0
1.0,0,1,0,1.3837729753060528,1,1,1,1,0,1,1,1,0,0.6864409816542018,1.4606286335036558,0.0,0.0,0.0,1.0,0.0,1.0,0.0
1.0,0,0,1,-1.1482900653523482,1,1,0,1,0,0,1,1,1,1.2354972486303346,-0.8406183416506698,1.0,0.0,0.0,0.0,0.0,1.0,0.0
0.0,0,1,0,-0.2906558096454705,1,0,0,0,0,1,1,1,1,1.016876060259899,0.06281391193174694,1.0,0.0,0.0,0.0,0.0,1.0,0.0
1.0,0,0,0,-0.9440914330411869,1,1,0,0,0,0,1,0,1,0.6947853018210123,-0.6506269145686082,1.0,0.0,0.0,0.0,0.0,1.0,0.0
1.0,0,1,1,1.6288113340794463,0,0,1,1,1,1,1,1,1,0.013888776209273115,1.1118921746398132,0.0,0.0,0.0,1.0,1.0,0.0,0.0
0.0,0,0,0,-0.6990530742677933,1,0,0,1,0,0,1,0,1,0.6180175562863556,-0.500154949727542,1.0,0.0,0.0,0.0,0.0,0.0,0.0
1.0,0,1,1,-0.2906558096454705,1,0,0,0,0,0,0,0,0,-1.5047774941502425,-0.8198911954443627,0.0,1.0,1.0,0.0,0.0,1.0,0.0
0.0,1,1,1,-0.0047777244098446,1,1,0,0,1,0,1,0,1,0.8900423937243784,0.28558625479502825,1.0,0.0,0.0,0.0,0.0,0.0,1.0
0.0,0,1,1,-1.1891297918145805,1,0,0,0,0,0,0,0,0,-1.5031086301168806,-0.9757895805368656,0.0,1.0,0.0,0.0,0.0,0.0,1.0
0.0,0,1,1,-0.1681366302587737,1,0,1,0,0,0,0,1,1,0.6063355080528205,0.02949924989628787,1.0,0.0,1.0,0.0,0.0,0.0,0.0
0.0,0,1,1,0.11774145497685222,1,0,0,0,0,0,0,0,0,-1.5014397660835184,-0.6778924523893513,0.0,1.0,0.0,1.0,1.0,0.0,0.0
0.0,0,0,0,1.547131881154982,1,1,1,1,1,0,1,1,1,1.5509125509357726,2.4388076021068863,1.0,0.0,0.0,1.0,0.0,0.0,1.0
0.0,1,0,0,0.4444592666747104,0,0,1,1,0,0,0,0,1,-1.0425021569089394,-0.3354719908673447,0.0,0.0,0.0,0.0,1.0,0.0,0.0
1.0,0,0,0,0.1585811814390845,1,0,1,0,1,1,1,1,1,0.48450843361738716,0.2670830513147196,0.0,0.0,0.0,0.0,1.0,0.0,0.0
1.0,0,1,1,1.5062921546927495,1,0,1,1,1,1,1,0,1,0.36935681531540177,1.3938213940146573,0.0,0.0,0.0,1.0,0.0,0.0,0.0
1.0,0,0,0,-0.9440914330411869,1,0,1,0,0,0,0,0,0,0.36435022321531524,-0.7085161437263522,1.0,0.0,0.0,0.0,0.0,1.0,0.0
0.0,0,1,1,-0.9032517065789546,1,0,0,1,1,0,0,1,1,0.04059060074306718,-0.7091833265441518,0.0,0.0,1.0,0.0,0.0,0.0,1.0
1.0,0,1,0,-0.9032517065789546,1,1,0,0,0,0,0,1,1,0.6864409816542018,-0.6223383630939059,1.0,0.0,0.0,0.0,0.0,1.0,0.0
0.0,1,0,0,-0.08645717733430915,1,1,0,1,0,0,1,1,1,1.1687426872958504,0.3170772837951685,1.0,0.0,0.0,0.0,0.0,1.0,0.0
0.0,0,1,0,1.4654524282305172,0,0,1,0,1,0,1,1,1,-0.34324812693021733,0.6534708605297189,0.0,0.0,1.0,0.0,0.0,1.0,0.0
0.0,0,0,0,-0.0047777244098446,1,0,0,0,0,0,0,0,0,-1.4997709020501564,-0.7251512353168218,0.0,1.0,1.0,0.0,0.0,0.0,0.0
0.0,0,1,0,0.689497625448104,1,0,0,0,0,0,0,0,0,-1.4680624854162763,-0.5437219877298549,0.0,1.0,1.0,0.0,1.0,0.0,0.0
0.0,1,0,0,-1.1482900653523482,1,1,0,0,1,0,0,1,1,0.8065991920562732,-0.837104512143592,1.0,0.0,0.0,0.0,0.0,1.0,0.0
1.0,0,1,0,0.9345359842214976,1,1,0,0,0,0,0,0,0,-1.3011760820800657,-0.360647022525649,0.0,1.0,0.0,1.0,0.0,0.0,0.0
1.0,1,0,0,-1.1891297918145805,1,1,0,1,0,0,0,0,1,0.5562695870519574,-0.8988189227900536,1.0,0.0,0.0,0.0,0.0,1.0,0.0
1.0,1,1,0,1.6288113340794463,1,1,0,1,0,0,1,1,1,1.0869683496611071,2.1699551659609138,1.0,0.0,1.0,0.0,1.0,0.0,0.0
1.0,1,1,0,0.36277981375024587,1,0,0,1,0,0,1,1,1,0.9968496918595533,0.7103148366062434,1.0,0.0,0.0,0.0,0.0,1.0,0.0
1.0,0,0,0,0.4444592666747104,1,0,1,1,1,1,0,0,1,0.8666782972573094,0.7240365632256549,1.0,0.0,1.0,0.0,1.0,0.0,0.0
0.0,0,1,1,1.5879716076172141,1,0,0,0,0,0,0,0,0,-1.49476430995007,-0.38479904052999403,0.0,1.0,0.0,1.0,0.0,0.0,0.0
0.0,1,1,1,1.138734616532659,1,0,1,1,1,1,0,1,1,0.33931726271488366,0.9793674275975559,0.0,0.0,1.0,0.0,1.0,0.0,0.0
1.0,0,0,0,0.8120168048348009,1,0,0,0,0,0,0,0,0,-1.5031086301168806,-0.546835507546253,0.0,1.0,0.0,1.0,0.0,0.0,1.0
0.0,0,0,0,-0.1681366302587737,0,0,0,0,1,1,0,0,1,-0.9657344113742826,-0.5751462984482153,0.0,0.0,0.0,0.0,0.0,0.0,1.0
0.0,0,0,0,-0.9032517065789546,1,0,0,0,1,1,0,0,0,-0.3482547190303036,-0.7434542839517904,0.0,0.0,0.0,0.0,0.0,1.0,0.0
0.0,0,0,0,0.36277981375024587,1,1,1,1,1,1,1,0,1,1.3957081958330966,0.9019964601600637,1.0,0.0,0.0,0.0,0.0,1.0,0.0
0.0,0,1,1,1.424612701768285,1,0,0,1,0,0,0,0,0,-0.4717506574990995,0.5236370841859198,0.0,0.0,1.0,0.0,1.0,0.0,0.0
1.0,0,0,0,-1.0257708859656514,1,1,0,0,0,0,1,1,0,1.051922204960503,-0.7182347734389661,1.0,0.0,0.0,0.0,0.0,1.0,0.0
0.0,0,1,0,0.19942090790131678,0,0,1,0,0,1,1,0,0,-0.6436436529353963,-0.29417337444555053,0.0,0.0,0.0,1.0,0.0,1.0,0.0
0.0,0,1,1,0.8528565312970331,1,0,0,0,0,0,0,0,0,-1.461387029282828,-0.49301609357708653,0.0,1.0,0.0,1.0,0.0,0.0,1.0
0.0,1,0,0,-0.04561745087207687,1,0,1,0,0,0,0,0,1,0.29592679784746906,-0.07108967960062947,1.0,0.0,0.0,0.0,1.0,0.0,0.0
0.0,0,1,0,1.0570551636081944,1,1,1,1,1,0,1,1,1,1.5342239106021516,1.9002131527245414,1.0,0.0,1.0,0.0,1.0,0.0,0.0
0.0,1,1,0,1.547131881154982,1,1,0,1,0,1,1,1,1,1.3639997791992164,2.197643252899596,1.0,0.0,1.0,0.0,0.0,0.0,0.0
0.0,0,1,0,1.3429332488438204,1,0,0,0,0,1,1,0,1,-0.16301081132710996,0.6910777320263554,0.0,0.0,0.0,1.0,1.0,0.0,0.0
0.0,0,1,0,-0.9032517065789546,1,1,1,0,0,0,0,0,1,0.449462288916783,-0.6624360504436608,1.0,0.0,0.0,0.0,1.0,0.0,0.0
0.0,0,0,0,-0.37233526256993504,0,0,0,0,0,0,1,1,1,-0.6586634292356551,-0.5593785445208852,0.0,0.0,0.0,0.0,0.0,1.0,0.0
1.0,0,0,0,-0.33149553610770277,0,0,1,0,0,0,1,1,1,-0.47008179346573725,-0.4295447681770861,0.0,0.0,1.0,0.0,0.0,0.0,1.0
1.0,0,0,0,-1.270809244739045,1,0,0,0,0,0,0,0,1,-1.4880888538166215,-0.9938257560447143,0.0,1.0,0.0,0.0,0.0,0.0,1.0
0.0,0,0,0,-0.9440914330411869,1,1,0,0,0,0,0,0,1,0.3509993109484187,-0.7208367864283846,1.0,0.0,0.0,0.0,1.0,0.0,0.0
1.0,0,1,1,0.8120168048348009,0,0,0,1,1,1,1,0,0,-0.483432705732634,0.13322393863686313,0.0,0.0,0.0,1.0,0.0,0.0,1.0
1.0,0,0,0,-0.5765338948810964,1,0,1,0,0,0,0,0,0,-0.5101345302664279,-0.6136649864625113,0.0,0.0,0.0,0.0,0.0,1.0,0.0
1.0,1,1,0,0.689497625448104,1,0,0,1,0,0,0,0,0,-0.4967836179995311,0.06401484100378632,0.0,0.0,0.0,1.0,0.0,0.0,1.0
1.0,0,1,0,1.261253795919356,1,1,0,1,1,0,1,1,1,1.2922386257646463,1.9341727581505403,1.0,0.0,0.0,0.0,0.0,1.0,0.0
0.0,0,0,0,-1.270809244739045,1,0,0,0,0,0,0,1,1,0.5479252668851469,-0.9666936547875313,1.0,0.0,0.0,0.0,0.0,1.0,0.0
0.0,0,1,1,-0.4131749890321673,1,0,0,1,0,1,0,0,0,-0.3182151664297857,-0.46632878086510315,0.0,0.0,0.0,0.0,0.0,1.0,0.0
0.0,0,1,1,-0.2906558096454705,1,1,0,0,1,0,0,1,1,0.8149435122230837,0.05067118464779463,1.0,0.0,0.0,0.0,0.0,1.0,0.0
1.0,0,1,0,-0.33149553610770277,1,0,1,0,0,1,1,1,0,0.32429748641462514,-0.24088770673062362,0.0,0.0,1.0,0.0,0.0,0.0,0.0
1.0,0,0,0,0.2811003608257813,1,0,1,0,1,0,1,1,1,1.193775647796282,0.6881866064825571,1.0,0.0,0.0,1.0,0.0,1.0,0.0
0.0,1,0,0,0.97537571068373,1,1,0,1,1,0,1,1,1,1.337297954665423,1.4483079908016232,1.0,0.0,1.0,0.0,0.0,0.0,0.0
1.0,0,0,0,-1.1482900653523482,1,1,0,1,0,0,0,1,1,0.8466519288569638,-0.8390393423152108,1.0,0.0,0.0,0.0,0.0,1.0,0.0
1.0,0,0,0,-1.270809244739045,1,0,0,1,0,0,0,0,1,-0.46507520136565095,-0.9801929871343429,0.0,0.0,0.0,0.0,0.0,1.0,0.0
0.0,0,0,0,-0.33149553610770277,1,1,0,0,1,0,1,1,1,1.1370342706619703,0.06797345905606389,1.0,0.0,0.0,0.0,0.0,1.0,0.0
0.0,0,0,0,-1.270809244739045,1,0,0,0,0,0,0,0,0,-0.6469813810021205,-0.9826170847056812,0.0,0.0,0.0,0.0,0.0,0.0,1.0
1.0,0,1,1,0.9345359842214976,1,0,0,0,0,0,0,0,0,-1.508115222216967,-0.5462572824374934,0.0,1.0,1.0,0.0,0.0,0.0,1.0
0.0,0,1,1,1.138734616532659,1,1,1,1,0,0,1,0,0,0.9834987795926567,1.58225606118852,1.0,0.0,1.0,0.0,0.0,0.0,0.0
1.0,1,1,0,0.07690172851461995,1,0,1,0,0,1,1,0,0,0.8499896569236883,0.3888883944176639,1.0,0.0,1.0,0.0,0.0,0.0,1.0
0.0,0,0,1,0.3219400872880136,1,0,1,0,0,1,1,0,1,-0.019488504457968993,0.09156949137890906,0.0,0.0,0.0,0.0,1.0,0.0,0.0
0.0,0,0,1,-0.24981608318323825,0,0,1,0,0,1,0,1,0,-0.6302927406684995,-0.49259354445914677,0.0,0.0,0.0,0.0,0.0,0.0,1.0
1.0,0,1,1,0.1585811814390845,1,0,1,0,1,0,0,1,1,-0.03283941672486555,-0.02934627463363553,0.0,0.0,1.0,0.0,1.0,0.0,0.0
1.0,1,1,0,0.07690172851461995,1,1,0,0,0,0,0,0,1,0.36268135918195327,0.07602413172417882,1.0,0.0,0.0,0.0,0.0,1.0,0.0
0.0,0,0,0,-0.9849311595034191,1,0,0,1,0,0,0,0,0,0.36435022321531524,-0.7645595004215173,1.0,0.0,0.0,0.0,0.0,1.0,0.0
1.0,0,0,0,-1.270809244739045,1,0,0,0,0,1,0,0,0,-0.5218165784999627,-0.9809491276611823,0.0,0.0,0.0,0.0,0.0,0.0,1.0
0.0,1,1,0,0.9345359842214976,1,0,0,0,1,1,1,0,0,0.8049303280229112,1.134576390444999,1.0,0.0,0.0,1.0,1.0,0.0,0.0
0.0,0,1,1,-0.6173736213433287,1,1,1,0,1,0,1,1,1,1.3189404502984399,-0.22727717724751215,1.0,0.0,0.0,0.0,0.0,1.0,0.0
1.0,1,1,0,0.5669784460614072,0,0,0,1,1,1,1,1,1,-0.1596730832603857,0.2500476500335704,0.0,0.0,1.0,0.0,0.0,0.0,0.0
0.0,0,0,0,0.97537571068373,1,1,1,1,0,0,1,1,1,1.3990459238998207,1.618795440176677,1.0,0.0,0.0,0.0,1.0,0.0,0.0
0.0,0,1,1,-1.1482900653523482,1,0,1,0,0,0,0,0,0,-0.48009497766591,-0.906202412640369,0.0,0.0,0.0,0.0,0.0,1.0,0.0
1.0,0,0,0,0.8528565312970331,1,1,0,1,1,1,0,1,1,0.30760884608100403,0.7578182532335738,0.0,0.0,0.0,1.0,0.0,0.0,0.0
0.0,0,1,0,-1.229969518276813,1,0,1,0,0,0,0,0,1,0.32429748641462514,-0.9407624826023874,1.0,0.0,0.0,0.0,0.0,1.0,0.0
0.0,0,0,0,-1.1891297918145805,1,0,0,0,0,0,1,0,1,-0.3499235830636656,-0.9403176940571877,0.0,0.0,0.0,0.0,0.0,1.0,0.0
0.0,0,0,0,-1.1482900653523482,1,0,0,0,0,0,0,0,1,-1.4864199897832595,-0.9723202298843079,0.0,1.0,0.0,0.0,1.0,0.0,0.0
0.0,0,0,0,-0.1681366302587737,1,1,0,0,0,1,0,0,1,-0.3265594865965963,-0.33329252699586603,0.0,0.0,0.0,0.0,1.0,0.0,0.0
1.0,0,1,0,-1.1891297918145805,1,0,0,0,0,0,0,0,1,0.18745063567893216,-0.9098719181382667,1.0,0.0,0.0,0.0,0.0,1.0,0.0
1.0,0,0,0,-1.270809244739045,1,0,0,0,0,0,0,0,1,-0.6953784379696215,-0.983262028096221,0.0,0.0,0.0,0.0,0.0,0.0,0.0
0.0,0,0,0,-0.6990530742677933,1,1,0,0,0,0,0,0,1,-0.5301608986667732,-0.6824737744049084,0.0,0.0,0.0,0.0,0.0,0.0,1.0
0.0,0,1,0,1.0162154371459622,1,1,0,1,1,1,1,1,1,1.492502309768099,1.7783633307670776,1.0,0.0,1.0,0.0,0.0,0.0,0.0
1.0,0,1,1,1.0570551636081944,1,0,0,1,0,1,1,1,1,0.3509993109484187,0.910180569391739,0.0,0.0,1.0,0.0,1.0,0.0,0.0
1.0,0,0,1,-0.20897635672100598,1,0,0,0,0,0,0,0,0,-1.4714002134830004,-0.7439657907787701,0.0,1.0,0.0,1.0,0.0,0.0,1.0
1.0,0,0,0,-1.107450338890116,1,0,0,1,0,0,0,0,1,0.33264180658143566,-0.8321228804373552,1.0,0.0,0.0,0.0,0.0,1.0,0.0
0.0,1,1,1,1.1795743429948913,1,1,0,0,1,0,1,0,1,0.01722650427599761,0.760842815340932,0.0,0.0,1.0,0.0,0.0,1.0,0.0
1.0,0,1,0,-0.9032517065789546,1,0,0,0,0,0,1,0,1,0.5095413941178187,-0.6214932648580264,1.0,0.0,0.0,0.0,0.0,1.0,0.0
0.0,0,0,0,-0.2906558096454705,0,0,0,0,1,1,1,1,0,-0.3499235830636656,-0.3697651877022433,0.0,0.0,1.0,0.0,0.0,1.0,0.0
0.0,0,0,0,-1.0666106124278838,1,0,0,0,0,0,1,1,1,0.8816980735575679,-0.8002537811737951,1.0,0.0,0.0,0.0,0.0,1.0,0.0
1.0,0,1,1,-0.33149553610770277,1,1,0,0,0,0,0,0,1,-1.354579731147653,-0.7414972143529116,0.0,1.0,0.0,1.0,0.0,0.0,0.0
0.0,0,0,0,0.36277981375024587,0,0,0,1,0,0,0,1,1,-0.8121989203049689,-0.256477545239874,0.0,0.0,0.0,0.0,0.0,1.0,0.0
1.0,0,0,0,-0.7398928007300255,1,0,0,0,0,0,0,0,0,-1.49476430995007,-0.8765572561028074,0.0,1.0,0.0,0.0,0.0,0.0,1.0
1.0,0,1,0,0.8120168048348009,1,1,1,0,1,1,0,0,1,0.898386713891189,1.0556264236720483,1.0,0.0,0.0,1.0,1.0,0.0,0.0
0.0,0,1,1,0.03606200205238767,1,1,0,0,0,0,0,0,0,-1.352910867114291,-0.6468017330798906,0.0,1.0,1.0,0.0,1.0,0.0,0.0
1.0,0,1,1,-0.658213347805561,1,0,1,0,1,0,1,0,0,-0.014481912357882487,-0.5473025355187127,0.0,0.0,0.0,1.0,0.0,0.0,1.0
0.0,1,0,0,0.11774145497685222,0,0,0,0,1,0,1,0,1,-0.8288875606385899,-0.36467235885970656,0.0,0.0,0.0,0.0,0.0,1.0,0.0
0.0,0,1,0,1.5879716076172141,1,1,0,0,0,0,0,0,0,-1.3629240513144636,-0.2590350793747724,0.0,1.0,0.0,1.0,0.0,0.0,1.0
1.0,0,0,0,-0.6990530742677933,1,0,0,0,1,0,1,0,0,0.6881098456875638,-0.460190698941347,1.0,0.0,0.0,0.0,0.0,1.0,0.0
0.0,0,0,0,-1.229969518276813,1,0,0,0,0,0,0,0,0,-1.5147906783504155,-0.983017394396361,0.0,1.0,0.0,0.0,0.0,0.0,1.0
1.0,0,0,0,1.424612701768285,1,0,0,0,0,0,0,0,1,-1.509784086250329,-0.4708211451716203,0.0,1.0,1.0,0.0,0.0,0.0,1.0
0.0,0,1,0,-0.04561745087207687,1,0,1,0,0,1,0,1,1,-0.022826232524693017,-0.15288629306285853,0.0,0.0,1.0,0.0,0.0,1.0,0.0
0.0,1,0,0,-0.24981608318323825,1,0,0,0,0,0,1,1,1,0.8867046656576545,0.04328769479747927,1.0,0.0,0.0,0.0,0.0,1.0,0.0
0.0,1,0,0,-1.1482900653523482,1,0,0,1,1,0,1,1,1,1.1720804153625743,-0.8057913985615316,1.0,0.0,0.0,0.0,1.0,0.0,0.0
0.0,0,1,0,1.261253795919356,1,0,1,0,1,0,0,0,1,0.5495941309185094,1.3210317485927228,1.0,0.0,1.0,0.0,1.0,0.0,0.0
1.0,1,1,0,-1.270809244739045,1,0,0,0,0,0,0,0,1,0.18745063567893216,-0.9714973710756882,1.0,0.0,0.0,0.0,0.0,1.0,0.0
0.0,0,0,0,-0.9440914330411869,1,0,0,0,0,0,0,0,0,-1.523134998517226,-0.9326450916524924,0.0,1.0,0.0,0.0,0.0,0.0,1.0
1.0,0,1,1,0.6078181725236395,0,0,1,0,1,1,0,0,0,-0.8138677843383311,-0.2044595248787664,0.0,0.0,1.0,0.0,0.0,1.0,0.0
1.0,0,0,0,0.24026063436354905,1,0,0,0,0,0,0,0,1,0.1924572277790187,0.152616719207571,1.0,0.0,1.0,0.0,0.0,0.0,0.0
0.0,1,0,0,-1.229969518276813,0,0,0,0,1,0,0,0,1,-1.144302862944028,-0.9677833867232706,0.0,0.0,0.0,0.0,0.0,1.0,0.0
0.0,0,1,0,-0.24981608318323825,1,1,0,0,0,0,0,0,0,-1.2911628978798932,-0.6985084014593584,0.0,1.0,1.0,0.0,0.0,0.0,1.0
1.0,0,0,0,1.6288113340794463,1,1,1,1,1,1,1,1,1,1.7862223796398293,2.7989084083005813,1.0,0.0,0.0,1.0,0.0,1.0,0.0
0.0,0,1,1,-1.0666106124278838,1,0,0,0,0,0,0,0,0,-1.4880888538166215,-0.9581314752924367,0.0,1.0,0.0,1.0,0.0,0.0,1.0
1.0,0,0,0,-1.1891297918145805,1,0,0,1,1,0,0,1,0,0.8583339770904989,-0.8833625208443632,1.0,0.0,0.0,0.0,0.0,1.0,0.0
1.0,1,1,0,1.6288113340794463,1,1,1,1,1,1,1,1,1,1.7144612262052588,2.735637237745921,1.0,0.0,0.0,1.0,0.0,0.0,0.0
1.0,1,1,1,-0.9032517065789546,0,0,0,0,0,0,0,1,1,-1.0057871481749732,-0.8414856793138094,0.0,0.0,0.0,0.0,0.0,0.0,0.0
1.0,0,1,1,1.3020935223815882,1,0,0,0,0,0,0,0,1,-1.5014397660835184,-0.436083159791522,0.0,1.0,0.0,1.0,0.0,0.0,0.0
0.0,0,0,1,0.19942090790131678,1,0,0,0,0,0,0,0,0,-1.4814133976831734,-0.6667727387593582,0.0,1.0,1.0,0.0,0.0,0.0,0.0
0.0,0,0,0,-0.6990530742677933,0,0,1,1,1,1,0,0,0,-0.6269550126017752,-0.694327389134481,0.0,0.0,1.0,0.0,0.0,0.0,1.0
0.0,0,0,0,0.7303373519103363,0,0,0,1,1,1,0,0,0,-0.8338941527386762,-0.14310094506846463,0.0,0.0,0.0,1.0,1.0,0.0,0.0
1.0,0,1,1,1.4654524282305172,1,0,1,0,0,1,1,1,1,1.1637360951957638,1.9630840135885224,1.0,0.0,0.0,1.0,0.0,1.0,0.0
1.0,0,0,0,1.0570551636081944,1,1,0,0,0,1,0,0,0,0.5329054905848883,1.1354882069626586,1.0,0.0,0.0,0.0,0.0,0.0,0.0
1.0,0,0,0,1.3837729753060528,0,0,0,0,0,1,0,0,0,-1.1760112795779079,-0.12068360239039856,0.0,0.0,1.0,0.0,1.0,0.0,0.0
1.0,1,0,0,-0.4540147154943996,1,1,0,1,1,0,1,1,1,1.323947042398526,0.0077268506087613195,1.0,0.0,0.0,0.0,0.0,1.0,0.0
1.0,0,0,0,-1.1482900653523482,1,1,0,0,0,0,0,0,0,-0.43169792069840884,-0.9133190293635646,0.0,0.0,0.0,0.0,1.0,0.0,0.0
0.0,0,1,0,-0.5356941684188642,1,1,0,1,0,0,0,1,1,0.8149435122230837,-0.28185273174351816,1.0,0.0,0.0,0.0,0.0,1.0,0.0
1.0,0,0,0,-1.229969518276813,1,0,0,1,0,0,0,0,0,-0.5151411223665141,-0.9596215169188557,0.0,0.0,0.0,0.0,0.0,0.0,1.0
0.0,0,0,0,-0.9849311595034191,1,0,1,0,0,0,1,0,0,0.6764277974540293,-0.7054693421917341,1.0,0.0,0.0,0.0,0.0,1.0,0.0
0.0,0,1,0,-0.9849311595034191,1,1,0,0,0,0,0,1,1,0.6847721176208398,-0.7237056725449227,1.0,0.0,0.0,0.0,1.0,0.0,0.0
1.0,0,1,1,-1.0257708859656514,1,0,0,0,0,0,0,0,1,-1.4830822617165353,-0.9250614469568373,0.0,1.0,0.0,0.0,0.0,0.0,0.0
1.0,0,1,0,1.5879716076172141,1,1,0,1,1,1,1,1,0,0.6513948369535977,1.64677263966974,0.0,0.0,0.0,1.0,1.0,0.0,0.0
0.0,0,1,0,0.689497625448104,1,0,0,0,0,0,0,0,1,-1.4864199897832595,-0.5698310753330786,0.0,1.0,0.0,1.0,0.0,0.0,0.0
0.0,0,0,0,0.3219400872880136,1,1,0,0,1,1,1,1,1,1.3773506914661136,0.9254812953466093,1.0,0.0,1.0,0.0,1.0,0.0,0.0
0.0,0,0,1,0.6486578989858718,0,0,0,1,1,0,0,1,0,-0.63863706083531,-0.06499607653139335,0.0,0.0,0.0,0.0,1.0,0.0,0.0
1.0,0,0,0,-0.20897635672100598,1,0,0,0,0,0,0,0,0,-1.4880888538166215,-0.7525279702738648,0.0,1.0,1.0,0.0,0.0,0.0,0.0
0.0,0,0,0,-0.9440914330411869,1,0,0,1,1,0,0,0,0,0.5295677625181638,-0.7119187760971301,1.0,0.0,0.0,0.0,0.0,1.0,0.0
0.0,0,0,1,0.7303373519103363,1,0,0,0,0,0,0,0,0,-1.4864199897832595,-0.570943046696078,0.0,1.0,0.0,1.0,1.0,0.0,0.0
0.0,1,0,0,-0.4131749890321673,1,0,1,0,1,1,0,1,1,0.1690931313119491,-0.3153897880515772,0.0,0.0,0.0,0.0,0.0,0.0,1.0
1.0,0,1,1,1.3020935223815882,1,1,0,0,0,0,0,0,1,-1.3312156346805837,-0.3289780781074288,0.0,1.0,0.0,1.0,0.0,0.0,1.0
1.0,0,1,0,0.5261387195991749,1,1,1,0,1,0,0,0,1,0.6630768851871323,0.6491564116412815,1.0,0.0,0.0,0.0,0.0,0.0,1.0
0.0,0,1,1,-0.8624119801167224,1,0,0,0,0,0,0,0,0,-1.461387029282828,-0.9127852831093248,0.0,1.0,0.0,1.0,1.0,0.0,0.0
0.0,0,0,0,1.0570551636081944,1,1,1,1,1,0,1,1,1,1.4374297966671492,1.8139686538103155,1.0,0.0,1.0,0.0,0.0,1.0,0.0
1.0,0,0,0,-0.9849311595034191,1,0,1,0,1,0,0,1,1,0.06729242527686077,-0.7452334381325894,0.0,0.0,0.0,0.0,0.0,1.0,0.0
1.0,0,0,0,0.36277981375024587,1,1,0,0,1,0,0,1,0,0.010551048142549094,0.12334963293342938,0.0,0.0,1.0,0.0,0.0,0.0,1.0
0.0,0,1,1,0.4852989931369427,1,1,0,1,1,0,0,1,0,0.9918430997594673,0.9077564718204005,1.0,0.0,1.0,0.0,0.0,1.0,0.0
0.0,0,1,1,1.424612701768285,1,1,1,0,0,1,0,1,1,0.9901742357261049,1.817838314153553,1.0,0.0,1.0,0.0,1.0,0.0,0.0
0.0,0,0,0,-1.229969518276813,1,0,0,0,0,0,0,0,0,-1.5331481827173985,-0.9791254946258635,0.0,1.0,0.0,0.0,0.0,0.0,0.0
0.0,0,0,0,-0.9849311595034191,1,0,0,0,0,1,0,0,0,-0.5101345302664279,-0.821181082225442,0.0,0.0,0.0,0.0,0.0,1.0,0.0
0.0,0,1,1,1.6288113340794463,1,1,1,1,1,1,1,0,0,0.5178857142846293,1.5388446991770268,0.0,0.0,0.0,1.0,0.0,0.0,0.0
0.0,0,0,0,0.7303373519103363,1,1,0,1,0,1,1,1,1,0.4978593458842837,0.7871520577894955,0.0,0.0,0.0,1.0,0.0,0.0,1.0
1.0,0,1,1,0.40361954021247815,1,0,1,0,0,1,0,1,0,-0.03283941672486555,0.22634042057442505,0.0,0.0,1.0,0.0,1.0,0.0,0.0
0.0,0,1,0,0.4444592666747104,1,1,1,1,0,0,0,1,1,0.9818299155592943,0.8241139858955926,1.0,0.0,0.0,0.0,0.0,1.0,0.0
1.0,0,0,0,0.36277981375024587,0,0,0,0,1,0,1,1,1,-0.4450488329653057,-0.07978529565928413,0.0,0.0,1.0,0.0,0.0,1.0,0.0
1.0,0,0,0,-0.9849311595034191,1,1,0,1,1,0,1,0,1,0.9784921874925703,-0.6586553478094632,1.0,0.0,0.0,0.0,0.0,1.0,0.0
1.0,0,0,0,-1.270809244739045,1,0,0,0,0,0,0,0,0,-1.4764068055830868,-0.9936700800538946,0.0,1.0,0.0,0.0,0.0,0.0,1.0
1.0,0,1,1,-0.9849311595034191,1,0,0,0,0,0,0,0,0,-1.5031086301168806,-0.9272631502555758,0.0,1.0,0.0,0.0,1.0,0.0,0.0
1.0,1,1,0,-0.658213347805561,1,0,0,1,0,0,0,0,1,0.32095975834790064,-0.47869390242165544,1.0,0.0,0.0,0.0,1.0,0.0,0.0
0.0,0,0,0,-1.270809244739045,1,0,0,0,0,0,0,0,1,-0.6753520695692762,-0.9829951549691012,0.0,0.0,0.0,0.0,0.0,0.0,1.0
1.0,1,0,0,-0.5765338948810964,1,1,0,1,0,0,0,0,1,0.5295677625181638,-0.3748802559720401,1.0,0.0,0.0,0.0,1.0,0.0,0.0
0.0,0,0,1,-0.5765338948810964,0,0,0,0,0,0,0,1,1,-0.9907673718747142,-0.7567979403077821,0.0,0.0,0.0,0.0,0.0,1.0,0.0
1.0,0,1,0,-0.7398928007300255,1,1,0,0,0,1,1,0,1,0.06395469721013627,-0.5670956257801003,0.0,0.0,0.0,0.0,1.0,0.0,0.0
0.0,0,1,0,1.3020935223815882,1,0,0,1,1,1,0,1,1,0.12069607434444796,0.9448740759173173,0.0,0.0,0.0,1.0,0.0,0.0,1.0
1.0,0,0,0,0.97537571068373,1,1,0,0,0,0,0,0,0,-1.3278779066138595,-0.4094180865067986,0.0,1.0,1.0,0.0,0.0,1.0,0.0
0.0,0,1,1,1.6288113340794463,1,0,0,0,0,0,0,0,0,-1.5014397660835184,-0.38904677113665137,0.0,1.0,0.0,1.0,1.0,0.0,0.0
1.0,0,1,1,1.424612701768285,1,1,0,1,1,1,1,1,1,1.5525814149691346,2.3468475703868434,1.0,0.0,0.0,1.0,0.0,0.0,0.0
0.0,0,1,1,-0.4540147154943996,1,0,0,0,0,0,0,0,1,-0.6586634292356551,-0.5907806158119856,0.0,0.0,0.0,0.0,0.0,1.0,0.0
1.0,0,0,0,-1.270809244739045,1,0,0,0,0,0,0,0,1,-0.6536568371355689,-0.9827060424147214,0.0,0.0,0.0,0.0,0.0,0.0,0.0
0.0,0,1,1,-0.37233526256993504,1,0,0,0,0,0,0,0,0,-1.478075669616449,-0.7898234897888615,0.0,1.0,0.0,1.0,0.0,0.0,0.0
0.0,0,0,0,-1.0257708859656514,1,0,0,0,1,1,0,1,0,-0.06287896932538364,-0.8167109573461848,0.0,0.0,0.0,0.0,0.0,0.0,0.0
0.0,0,1,1,1.6288113340794463,1,1,1,1,1,1,1,1,1,1.7661960112394839,2.6929375374067472,1.0,0.0,0.0,1.0,0.0,0.0,0.0
1.0,1,0,0,1.5062921546927495,1,1,1,0,1,1,0,1,0,0.3142843022144521,1.2349651650965765,0.0,0.0,0.0,1.0,1.0,0.0,0.0
0.0,0,1,0,1.0570551636081944,1,1,1,0,1,1,1,1,1,0.6547325650203217,1.183992397816688,0.0,0.0,0.0,1.0,0.0,1.0,0.0
0.0,0,0,0,1.0162154371459622,1,0,1,1,1,1,1,0,1,0.32095975834790064,0.8503787494896363,0.0,0.0,0.0,1.0,1.0,0.0,0.0
1.0,1,1,0,1.261253795919356,1,1,1,1,1,0,1,1,0,1.4624627571675808,2.1071510233787123,1.0,0.0,0.0,1.0,1.0,0.0,0.0
0.0,0,0,0,-0.82157225365449,1,1,0,0,1,0,1,1,1,1.1837624635961095,-0.4848987026271916,1.0,0.0,0.0,0.0,0.0,0.0,0.0
0.0,0,0,0,0.7711770783725685,1,0,0,0,0,0,0,0,1,-1.496433173983432,-0.5593340656663651,0.0,1.0,1.0,0.0,0.0,0.0,0.0
1.0,0,1,0,0.07690172851461995,1,1,0,0,1,0,1,1,1,1.1804247355293849,0.5450981314918064,1.0,0.0,0.0,0.0,0.0,1.0,0.0
0.0,0,1,0,1.5879716076172141,1,1,0,0,0,0,0,0,1,-1.2928317619132552,-0.2013015262078483,0.0,1.0,0.0,1.0,1.0,0.0,0.0
0.0,0,1,0,-0.9032517065789546,1,0,0,0,0,0,0,0,1,-1.4930954459167078,-0.9192569564419808,0.0,1.0,0.0,0.0,0.0,0.0,0.0
0.0,1,0,0,-1.1891297918145805,1,1,0,1,0,0,0,0,1,0.49118388975083566,-0.9115621146100256,1.0,0.0,0.0,0.0,0.0,1.0,0.0
1.0,0,1,1,-1.270809244739045,1,0,0,0,0,0,0,0,0,-1.5014397660835184,-0.9940036714627943,0.0,1.0,0.0,0.0,0.0,0.0,1.0
0.0,0,1,1,0.9345359842214976,1,1,1,1,0,1,0,1,1,0.36935681531540177,0.893923548064689,0.0,0.0,1.0,0.0,0.0,0.0,0.0
0.0,0,0,0,-1.1891297918145805,1,0,0,0,0,0,0,0,1,-1.5047774941502425,-0.9761898902275453,0.0,1.0,0.0,0.0,0.0,0.0,1.0
0.0,0,0,0,-0.4540147154943996,1,0,0,0,0,0,0,0,1,-1.46305589331619,-0.8091717915050495,0.0,1.0,0.0,1.0,1.0,0.0,0.0
0.0,0,1,1,-0.82157225365449,1,1,0,0,0,0,0,0,0,-1.3161958583803248,-0.8805825924368649,0.0,1.0,0.0,1.0,1.0,0.0,0.0
1.0,0,1,1,1.6288113340794463,1,1,1,0,0,0,0,0,0,-0.31320857432969945,0.7690936428543867,0.0,0.0,0.0,1.0,0.0,0.0,0.0
0.0,0,0,0,-1.270809244739045,1,0,0,0,0,0,0,0,0,-0.6653388853691036,-0.9828617184055412,0.0,0.0,0.0,0.0,0.0,0.0,1.0
0.0,0,1,1,1.5879716076172141,1,1,0,0,0,0,0,0,0,-1.3095204022468763,-0.19620869736531157,0.0,1.0,0.0,1.0,0.0,0.0,0.0
0.0,1,0,0,-1.1482900653523482,1,0,0,0,0,0,1,0,1,0.47282638538385213,-0.87253191976875,1.0,0.0,0.0,0.0,0.0,1.0,0.0
0.0,0,0,0,-1.270809244739045,1,0,0,0,0,0,0,0,1,0.18745063567893216,-0.9714973710756882,1.0,0.0,0.0,0.0,0.0,1.0,0.0
0.0,0,0,0,-0.82157225365449,1,0,1,0,0,0,1,0,1,0.6831032535874778,-0.5672957806254403,1.0,0.0,1.0,0.0,1.0,0.0,0.0
0.0,0,0,0,-0.0047777244098446,1,0,0,0,0,0,0,0,0,-1.4730690775163628,-0.7116296635427503,0.0,1.0,1.0,0.0,0.0,0.0,0.0
1.0,0,0,0,-1.270809244739045,1,0,0,0,0,0,0,0,0,-1.4930954459167078,-0.9938924743264944,0.0,1.0,0.0,0.0,0.0,1.0,0.0
0.0,0,1,0,1.5879716076172141,0,0,1,1,1,1,1,1,0,0.0706301533435848,1.082914200920051,0.0,0.0,1.0,0.0,0.0,0.0,0.0
0.0,1,0,0,0.2811003608257813,1,1,0,0,1,0,1,1,1,1.1704115513292124,0.7924005626228523,1.0,0.0,0.0,0.0,0.0,1.0,0.0
1.0,1,0,0,-1.229969518276813,1,0,0,0,0,0,0,0,0,-1.5181284064171394,-0.9862198719217992,0.0,1.0,0.0,0.0,0.0,1.0,0.0
0.0,0,1,1,0.689497625448104,1,1,0,1,0,0,1,1,1,1.1236833583950732,1.1718941493872557,1.0,0.0,0.0,0.0,0.0,1.0,0.0
0.0,1,0,0,-1.270809244739045,1,0,0,0,0,0,0,0,1,0.15240449097832806,-0.971964399048148,1.0,0.0,0.0,0.0,0.0,1.0,0.0
1.0,0,1,1,-0.82157225365449,1,0,0,0,0,0,0,0,1,-1.4530427091160174,-0.8666384715448536,0.0,1.0,0.0,0.0,0.0,1.0,0.0
1.0,1,0,0,0.8936962577592654,1,0,0,0,1,1,0,1,0,0.01889536830935962,0.5673153193245325,0.0,0.0,1.0,0.0,0.0,0.0,0.0
0.0,0,1,1,-0.9440914330411869,1,0,0,0,0,0,0,0,0,-1.479744533649811,-0.9177669148155618,0.0,1.0,0.0,1.0,0.0,0.0,1.0
1.0,0,0,0,-0.33149553610770277,1,1,1,0,0,0,0,0,1,-0.30152652609616465,-0.3798174088237571,0.0,0.0,0.0,0.0,0.0,0.0,0.0
1.0,1,0,0,-1.229969518276813,1,1,0,0,0,0,0,0,1,0.33931726271488366,-0.9332010773339922,1.0,0.0,0.0,0.0,0.0,0.0,1.0
1.0,1,1,0,1.3837729753060528,1,1,0,1,1,1,1,1,1,1.4240788844002523,2.1338605755179563,1.0,0.0,1.0,0.0,0.0,0.0,0.0
1.0,0,0,0,-1.1482900653523482,1,1,0,0,0,0,0,1,1,0.6997918939210989,-0.8520271678350427,1.0,0.0,0.0,0.0,0.0,1.0,0.0
0.0,0,0,0,1.4654524282305172,1,1,1,1,1,1,1,1,1,0.7832350955892041,1.7319941249300066,0.0,0.0,0.0,1.0,0.0,1.0,0.0
0.0,0,1,1,0.07690172851461995,1,0,0,0,0,0,0,0,1,-1.4880888538166215,-0.699375739122498,0.0,1.0,1.0,0.0,0.0,0.0,0.0
1.0,0,0,0,-1.229969518276813,1,0,0,0,0,0,0,0,1,0.1707619953453111,-0.9428529887648263,1.0,0.0,0.0,0.0,1.0,0.0,0.0
0.0,0,0,1,-0.658213347805561,1,1,0,0,0,1,0,0,1,0.49452161781755966,-0.44046432696173926,1.0,0.0,1.0,0.0,1.0,0.0,0.0
1.0,0,0,0,-1.270809244739045,1,0,0,0,0,0,1,1,1,0.8416453367568778,-0.9627795155897737,1.0,0.0,0.0,0.0,0.0,1.0,0.0
0.0,0,0,0,0.2811003608257813,1,0,0,1,0,0,1,0,1,-0.20306354812780036,-0.013333887006445513,0.0,0.0,1.0,0.0,1.0,0.0,0.0
0.0,0,0,0,-0.37233526256993504,1,1,1,0,1,0,1,1,1,0.4628132011836796,-0.18299847757287976,0.0,0.0,1.0,0.0,0.0,1.0,0.0
1.0,0,1,1,0.689497625448104,1,1,0,1,1,0,1,0,1,0.9668101392590357,1.0077449367812978,1.0,0.0,1.0,0.0,0.0,1.0,0.0
1.0,1,1,0,0.5261387195991749,1,1,1,0,1,1,0,1,0,0.3493304469150567,0.5452538074826263,0.0,0.0,0.0,1.0,1.0,0.0,0.0
0.0,0,0,0,-0.9440914330411869,1,1,0,0,0,0,1,1,0,0.9918430997594673,-0.6214710254307665,1.0,0.0,0.0,0.0,0.0,1.0,0.0
0.0,0,0,0,-1.270809244739045,1,0,0,0,0,0,0,0,1,0.16408653921186261,-0.9718087230573281,1.0,0.0,0.0,0.0,0.0,1.0,0.0
1.0,1,0,0,-1.107450338890116,1,0,0,0,0,0,1,1,1,0.891711257757741,-0.8027223575996535,1.0,0.0,0.0,0.0,0.0,1.0,0.0
0.0,0,0,0,0.4852989931369427,1,1,0,1,1,0,0,0,1,0.6714212053539428,0.7152519894579604,1.0,0.0,0.0,0.0,0.0,0.0,0.0
1.0,0,0,0,-1.1891297918145805,1,0,0,0,0,0,0,0,1,-1.4830822617165353,-0.975433749700706,0.0,1.0,0.0,0.0,0.0,1.0,0.0
1.0,0,1,0,-1.1482900653523482,1,1,0,0,1,0,1,0,0,0.03057741654289417,-0.8915243906487782,0.0,0.0,0.0,0.0,0.0,1.0,0.0
1.0,0,0,1,-0.7398928007300255,1,0,1,1,1,1,0,1,0,0.3810388635489363,-0.5336030483265612,0.0,0.0,0.0,1.0,0.0,0.0,0.0
0.0,0,1,0,0.7303373519103363,1,1,0,0,1,0,1,1,0,0.36768795128203974,0.7213233530999364,0.0,0.0,1.0,0.0,0.0,0.0,0.0
0.0,0,0,0,-0.658213347805561,1,0,0,1,0,1,0,0,1,-0.3599367672638384,-0.63174564082488,0.0,0.0,0.0,0.0,0.0,0.0,1.0
1.0,0,1,1,-0.9032517065789546,1,1,0,0,0,0,0,0,1,-1.3445665469474806,-0.8898341941770191,0.0,1.0,0.0,0.0,0.0,0.0,1.0
0.0,0,1,1,-0.0047777244098446,1,0,0,1,0,0,1,0,1,0.7148116702213574,0.20872679418451606,1.0,0.0,0.0,0.0,0.0,1.0,0.0
0.0,0,1,0,-0.6990530742677933,1,1,0,0,0,0,0,0,0,-1.3178647224136868,-0.8302325291202562,0.0,1.0,0.0,1.0,0.0,0.0,1.0
1.0,0,1,1,1.424612701768285,1,0,0,0,0,0,0,0,1,-1.511452950283691,-0.4315685560577448,0.0,1.0,0.0,1.0,1.0,0.0,0.0
1.0,0,0,0,-1.270809244739045,1,0,0,0,0,0,0,0,1,0.18745063567893216,-0.9714973710756882,1.0,0.0,0.0,0.0,0.0,1.0,0.0
1.0,0,0,0,-0.6173736213433287,1,1,1,1,1,1,1,0,1,1.4007147879331832,-0.2590350793747724,1.0,0.0,0.0,0.0,0.0,0.0,0.0
0.0,0,0,0,-1.270809244739045,0,0,0,0,1,1,0,0,0,-0.9607278192741964,-0.9867980970305587,0.0,0.0,0.0,0.0,0.0,0.0,1.0
0.0,0,1,1,1.1795743429948913,1,1,1,1,1,1,0,1,1,0.49118388975083566,1.1413594157592948,0.0,0.0,1.0,0.0,0.0,1.0,0.0
0.0,0,0,1,-1.107450338890116,1,0,0,0,0,0,0,0,0,-0.6236172845350509,-0.9041563853324502,0.0,0.0,0.0,0.0,0.0,0.0,1.0
1.0,0,1,1,1.5879716076172141,1,0,0,1,0,1,1,1,1,0.2892513417140205,1.289896550428742,0.0,0.0,0.0,1.0,1.0,0.0,0.0
0.0,0,0,0,-1.1891297918145805,1,0,0,0,0,0,0,0,0,-1.478075669616449,-0.9746776091738663,0.0,1.0,0.0,0.0,0.0,0.0,1.0
1.0,0,0,0,0.8528565312970331,1,1,0,0,0,0,0,0,0,-1.337891090814032,-0.43388145649278337,0.0,1.0,0.0,1.0,0.0,0.0,1.0
1.0,0,0,0,-1.270809244739045,1,0,0,0,0,0,0,0,0,-1.4830822617165353,-0.9937590377629344,0.0,1.0,0.0,0.0,0.0,0.0,1.0
0.0,0,0,0,0.24026063436354905,1,0,0,0,0,0,1,1,1,0.8149435122230837,0.4837173122542447,1.0,0.0,1.0,0.0,0.0,0.0,1.0
0.0,1,1,0,-0.0047777244098446,1,1,0,0,1,0,0,0,0,0.48784616168411116,0.1403405553600587,1.0,0.0,0.0,0.0,0.0,0.0,1.0
0.0,1,0,0,-1.270809244739045,1,0,0,1,0,0,0,0,1,0.277569293480486,-0.9702964420036491,1.0,0.0,0.0,0.0,0.0,1.0,0.0
1.0,0,1,1,-0.9849311595034191,1,1,0,0,0,0,0,0,0,-1.3445665469474806,-0.9120513820097454,0.0,1.0,1.0,0.0,0.0,0.0,1.0
0.0,0,0,1,-1.1482900653523482,1,0,0,0,0,0,0,0,0,-1.478075669616449,-0.960733488281855,0.0,1.0,0.0,0.0,1.0,0.0,0.0
0.0,0,0,0,-0.5765338948810964,1,0,0,0,0,0,0,0,0,-1.5031086301168806,-0.8285423326484973,0.0,1.0,0.0,0.0,0.0,0.0,1.0
0.0,0,1,1,1.3020935223815882,1,1,1,0,0,1,0,0,1,0.738175766688427,1.3667337716119943,1.0,0.0,0.0,0.0,0.0,0.0,0.0
0.0,0,1,1,1.6288113340794463,1,1,1,0,0,0,0,0,0,0.47950184151730063,1.5461837101728224,1.0,0.0,0.0,1.0,0.0,0.0,0.0
1.0,0,0,0,-1.270809244739045,1,0,0,0,0,0,0,0,1,-0.6336304687352236,-0.9824391692876016,0.0,0.0,0.0,0.0,0.0,0.0,1.0
1.0,0,0,0,-1.229969518276813,0,0,0,0,0,0,0,0,1,-1.3278779066138595,-0.9806600151068027,0.0,0.0,0.0,0.0,1.0,0.0,0.0
1.0,0,0,0,1.3429332488438204,1,1,0,1,1,1,1,1,1,1.4841579896012884,2.084600244137087,1.0,0.0,0.0,0.0,0.0,1.0,0.0
1.0,0,1,1,-1.1482900653523482,1,0,0,0,0,0,0,0,1,0.1624176751785006,-0.8760457492758277,1.0,0.0,0.0,0.0,0.0,0.0,1.0
1.0,0,1,1,-0.82157225365449,1,0,0,0,0,0,1,0,1,-0.27983129366245735,-0.7231496868634231,0.0,0.0,0.0,0.0,0.0,0.0,1.0
1.0,0,1,1,-1.270809244739045,1,0,1,0,0,0,0,0,1,-0.5318297627001352,-0.9810825642247423,0.0,0.0,0.0,0.0,0.0,0.0,1.0
0.0,0,0,0,-0.20897635672100598,1,0,0,0,1,1,0,1,1,0.8182812402898082,0.05743197053483034,1.0,0.0,0.0,0.0,0.0,1.0,0.0
1.0,0,0,0,0.4444592666747104,1,0,0,1,0,0,0,1,1,-0.15633535519366146,0.13079984106552472,0.0,0.0,0.0,1.0,0.0,1.0,0.0
0.0,1,1,0,-1.270809244739045,1,0,0,0,0,0,0,0,0,-0.6236172845350509,-0.9823057327240415,0.0,0.0,0.0,0.0,0.0,1.0,0.0
1.0,0,0,0,-1.270809244739045,1,0,0,0,0,0,0,0,1,0.1740997234120356,-0.9716752864937681,1.0,0.0,0.0,0.0,0.0,1.0,0.0
0.0,0,1,1,1.547131881154982,1,1,0,1,1,0,1,1,1,1.3957081958330966,2.28733486303912,1.0,0.0,1.0,0.0,0.0,1.0,0.0
1.0,0,0,1,-0.6173736213433287,1,0,0,0,0,0,0,0,0,-0.6703454774691899,-0.6996870911041376,0.0,0.0,1.0,0.0,0.0,0.0,1.0
1.0,0,0,0,-0.12729690379654143,1,0,0,0,1,0,0,0,0,-0.5251543065666867,-0.4139994085223557,0.0,0.0,0.0,0.0,0.0,0.0,0.0
1.0,0,1,1,0.40361954021247815,1,0,0,0,1,1,1,1,0,0.28257588558057245,0.370852218909815,0.0,0.0,1.0,0.0,0.0,1.0,0.0
1.0,0,1,1,1.6288113340794463,1,1,1,0,1,1,0,0,1,0.06061696914341226,1.1373785582797573,0.0,0.0,0.0,1.0,1.0,0.0,0.0
1.0,0,1,1,-1.1482900653523482,1,0,0,0,0,1,0,1,0,-0.1079382982261603,-0.9006647952526324,0.0,0.0,0.0,0.0,1.0,0.0,0.0
0.0,0,0,0,-0.9849311595034191,1,1,1,1,1,0,0,0,1,0.02723968847617015,-0.7478354511220077,0.0,0.0,0.0,0.0,0.0,0.0,0.0
0.0,0,1,1,-0.6173736213433287,1,0,1,1,0,0,1,1,0,0.32930407851471116,-0.4619920925494059,0.0,0.0,0.0,0.0,0.0,0.0,1.0
0.0,0,1,1,0.11774145497685222,1,0,1,0,0,1,0,0,1,-0.32489062256323403,-0.15055115320055998,0.0,0.0,1.0,0.0,0.0,0.0,0.0
1.0,0,0,0,-0.2906558096454705,1,0,1,1,0,1,1,1,1,0.4778329774839386,-0.1567781928333561,0.0,0.0,0.0,0.0,0.0,0.0,1.0
1.0,0,1,1,0.9345359842214976,1,0,0,1,0,1,0,0,0,0.49118388975083566,0.882448003598536,1.0,0.0,0.0,0.0,0.0,1.0,0.0
0.0,0,1,1,1.5879716076172141,1,0,1,0,1,1,1,1,1,0.5779648194856649,1.6658985471133279,0.0,0.0,0.0,1.0,1.0,0.0,0.0
0.0,0,0,0,-0.2906558096454705,0,0,1,1,1,0,1,1,0,-0.12128921049305733,-0.31770268848661576,0.0,0.0,1.0,0.0,0.0,1.0,0.0
0.0,0,1,0,-0.33149553610770277,1,0,0,1,1,0,1,1,1,1.1553917750289533,0.0786706235681171,1.0,0.0,0.0,0.0,1.0,0.0,0.0
1.0,0,0,0,-1.270809244739045,1,0,0,0,0,0,0,0,0,0.19078836374565666,-0.9714528922211683,1.0,0.0,0.0,0.0,0.0,1.0,0.0
1.0,0,0,0,1.5062921546927495,1,1,1,1,1,0,1,1,1,1.514197542201806,2.302346476439611,1.0,0.0,0.0,1.0,1.0,0.0,0.0
0.0,0,1,1,-0.5356941684188642,1,1,0,0,0,0,0,0,1,-1.3278779066138595,-0.7947384032133185,0.0,1.0,0.0,1.0,0.0,0.0,0.0
0.0,1,1,0,-0.1681366302587737,1,1,0,0,0,1,1,1,1,1.2221463363634375,0.24806834100743147,1.0,0.0,0.0,0.0,1.0,0.0,0.0
1.0,0,1,0,-0.9440914330411869,1,1,0,1,1,0,0,1,1,0.14572903484487953,-0.7118965366698701,0.0,0.0,0.0,0.0,1.0,0.0,0.0
1.0,0,0,0,-1.270809244739045,1,0,1,0,0,1,0,0,1,-0.35826790323047614,-0.9787696637897039,0.0,0.0,0.0,0.0,0.0,1.0,0.0
0.0,0,1,1,-0.0047777244098446,1,0,1,1,1,1,0,1,0,0.29759566188083103,0.027742335142748844,0.0,0.0,0.0,1.0,0.0,0.0,1.0
0.0,0,1,1,0.689497625448104,1,1,0,1,0,0,1,1,0,1.193775647796282,1.1952900268647613,1.0,0.0,1.0,0.0,0.0,0.0,1.0
0.0,0,1,1,-0.82157225365449,1,0,0,0,0,0,0,0,1,-1.4880888538166215,-0.8993971478988132,0.0,1.0,0.0,0.0,1.0,0.0,0.0
0.0,0,0,1,-1.229969518276813,1,0,0,1,0,0,0,0,0,-0.43837337683185734,-0.9555294623030183,0.0,0.0,0.0,0.0,0.0,0.0,1.0
1.0,0,1,1,1.0570551636081944,1,1,0,0,0,0,1,0,0,0.594653459819286,1.1446953298482927,1.0,0.0,0.0,1.0,0.0,0.0,0.0
0.0,0,0,0,-1.0666106124278838,1,0,0,0,0,1,0,0,1,-0.5017902100996173,-0.883851788244083,0.0,0.0,0.0,0.0,0.0,0.0,0.0
0.0,0,0,0,1.5062921546927495,1,1,1,1,0,1,0,0,1,0.07396788141030929,1.0334314752665819,0.0,0.0,0.0,1.0,0.0,0.0,1.0
0.0,0,0,1,-1.0257708859656514,0,0,1,0,0,0,0,0,0,-1.1643292313443732,-0.9129409591001448,0.0,0.0,0.0,0.0,0.0,0.0,1.0
0.0,1,1,0,-0.20897635672100598,1,1,0,1,1,1,1,1,0,0.6397127887200627,0.024784491317170646,0.0,0.0,0.0,0.0,0.0,1.0,0.0
1.0,0,0,1,-0.5765338948810964,1,0,0,0,0,0,0,0,1,-0.6352993327685857,-0.6704200048299959,0.0,0.0,0.0,0.0,1.0,0.0,0.0
0.0,1,1,0,1.5062921546927495,1,0,1,1,0,0,0,1,0,0.754864407022048,1.6906732690809525,1.0,0.0,1.0,0.0,1.0,0.0,0.0
1.0,0,0,0,0.8120168048348009,1,0,1,0,1,0,0,0,0,-0.36494335936392464,0.23848314785837757,0.0,0.0,1.0,0.0,0.0,1.0,0.0
0.0,1,0,0,-1.1891297918145805,1,1,0,0,0,0,0,0,1,0.3459927188483322,-0.8887889410957999,1.0,0.0,0.0,0.0,1.0,0.0,0.0
1.0,0,1,0,-1.107450338890116,1,1,0,1,0,0,0,0,1,0.5546007230185954,-0.8176005344365842,1.0,0.0,0.0,0.0,0.0,1.0,0.0
0.0,0,0,0,1.3837729753060528,1,1,1,1,1,1,1,1,1,0.8466519288569638,1.6508202154310572,0.0,0.0,0.0,1.0,1.0,0.0,0.0
1.0,0,0,1,-1.1891297918145805,1,0,0,0,0,0,0,0,0,-1.4847511257498973,-0.9802597054161228,0.0,1.0,0.0,0.0,0.0,0.0,0.0
0.0,0,1,0,1.6288113340794463,0,0,0,1,1,0,1,1,1,-0.3499235830636656,0.7485666514934195,0.0,0.0,0.0,1.0,0.0,1.0,0.0
0.0,0,0,0,1.3429332488438204,1,1,0,1,0,1,1,1,1,1.3473111388655954,1.9969991401600011,1.0,0.0,1.0,0.0,0.0,0.0,0.0
1.0,0,1,1,-0.6990530742677933,1,1,0,0,0,0,0,0,1,0.3409861267482462,-0.5102738891308357,1.0,0.0,0.0,0.0,0.0,0.0,0.0
1.0,0,1,0,1.3837729753060528,1,1,1,0,1,0,1,1,1,1.3806884195328375,2.1024585042268558,1.0,0.0,0.0,1.0,1.0,0.0,0.0
0.0,1,1,0,1.6288113340794463,1,1,1,1,1,1,1,1,1,1.704448042005086,2.7528950332996702,1.0,0.0,0.0,1.0,1.0,0.0,0.0
0.0,0,1,0,1.6288113340794463,1,1,1,1,1,1,1,1,0,1.5826209675696523,2.5403973058305027,1.0,0.0,0.0,1.0,1.0,0.0,0.0
0.0,0,0,0,-1.270809244739045,0,0,0,0,0,0,0,0,0,-1.3161958583803248,-0.9915350950369358,0.0,0.0,0.0,0.0,0.0,1.0,0.0
1.0,0,0,0,-0.5356941684188642,1,0,0,0,0,0,0,0,1,-1.4930954459167078,-0.8366374841711324,0.0,1.0,0.0,1.0,0.0,0.0,1.0
1.0,0,0,0,-1.270809244739045,1,0,0,0,0,0,0,0,0,-1.509784086250329,-0.9941148685990943,0.0,1.0,0.0,0.0,0.0,0.0,1.0
1.0,0,0,0,-0.4540147154943996,1,0,0,0,0,0,0,0,0,-1.4747379415497248,-0.8235829403695205,0.0,1.0,0.0,0.0,1.0,0.0,0.0
0.0,0,0,0,-1.270809244739045,1,0,0,0,0,0,0,0,1,-1.4847511257498973,-0.9937812771901945,0.0,1.0,0.0,0.0,0.0,0.0,0.0
1.0,1,0,0,-0.5765338948810964,1,1,1,1,0,0,0,0,1,-0.20973900426124886,-0.5735895385400163,0.0,0.0,0.0,0.0,1.0,0.0,0.0
0.0,0,0,0,1.138734616532659,1,0,0,0,0,0,0,0,0,-1.4714002134830004,-0.5166121258999318,0.0,1.0,0.0,1.0,0.0,0.0,1.0
1.0,0,1,1,1.6288113340794463,1,1,0,0,0,0,0,0,0,-1.354579731147653,-0.23121355587252967,0.0,1.0,0.0,1.0,1.0,0.0,0.0
1.0,0,0,0,-1.229969518276813,1,1,0,1,0,0,0,0,1,0.4928527537841977,-0.938204948467489,1.0,0.0,0.0,0.0,0.0,1.0,0.0
1.0,0,0,0,-1.270809244739045,1,0,0,0,0,0,0,0,1,-0.6553257011689311,-0.9827282818419812,0.0,0.0,0.0,0.0,0.0,0.0,1.0
0.0,0,1,0,0.6486578989858718,1,0,0,1,1,0,0,1,1,0.032246280576256656,0.37369886559909327,0.0,0.0,1.0,0.0,0.0,1.0,0.0
0.0,0,1,1,1.2204140694571237,1,1,0,0,0,0,1,1,1,0.1924572277790187,0.9100248934009189,0.0,0.0,0.0,0.0,1.0,0.0,0.0
1.0,0,1,0,0.6078181725236395,1,1,0,0,0,0,0,0,0,-1.3111892662802385,-0.4960628951117046,0.0,1.0,0.0,0.0,0.0,1.0,0.0
1.0,0,0,0,1.1795743429948913,1,1,1,1,1,0,1,1,1,1.4374297966671492,1.8981004071348426,1.0,0.0,1.0,0.0,0.0,1.0,0.0
0.0,0,0,0,-1.1891297918145805,0,0,0,1,0,0,0,0,0,-1.1843555997447184,-0.9589543341010561,0.0,0.0,0.0,0.0,0.0,0.0,1.0
1.0,1,1,0,1.261253795919356,0,0,1,0,0,1,0,0,0,-0.9540523631407478,0.0197583807564139,0.0,0.0,1.0,0.0,0.0,0.0,0.0
1.0,0,0,0,-0.5356941684188642,1,0,0,0,0,0,0,0,1,-1.5014397660835184,-0.8308552330835359,0.0,1.0,1.0,0.0,1.0,0.0,0.0
0.0,0,0,0,-1.270809244739045,1,0,0,0,1,0,0,0,0,0.3893831837157468,-0.96880640037723,1.0,0.0,0.0,0.0,0.0,1.0,0.0
1.0,1,1,0,-0.4540147154943996,1,0,0,0,1,0,1,0,0,0.7298314465216165,-0.1766824802310437,1.0,0.0,0.0,0.0,0.0,0.0,0.0
1.0,0,1,1,1.5062921546927495,1,1,0,1,1,0,1,1,1,1.3456422748322334,2.243189599928048,1.0,0.0,0.0,1.0,0.0,1.0,0.0
0.0,0,1,1,-1.1482900653523482,1,0,0,0,1,0,0,0,1,0.30260225398091756,-0.858009573767979,1.0,0.0,0.0,0.0,0.0,1.0,0.0
1.0,0,1,0,-1.0666106124278838,1,1,0,0,0,0,0,0,1,0.36101249514859124,-0.8079486230057502,1.0,0.0,0.0,0.0,0.0,1.0,0.0
1.0,0,1,1,1.1795743429948913,1,0,1,1,1,1,0,0,1,0.11235175417763743,0.8467759622735184,0.0,0.0,0.0,1.0,0.0,0.0,0.0
0.0,1,1,1,1.0978948900704268,1,1,0,0,1,0,0,1,1,0.8032614639895492,1.3762522464792681,1.0,0.0,0.0,0.0,1.0,0.0,0.0
1.0,0,0,0,1.424612701768285,1,1,1,1,1,1,1,1,1,1.7912289717399155,2.468430519217187,1.0,0.0,1.0,0.0,0.0,0.0,0.0
1.0,0,0,0,-1.1482900653523482,1,0,0,0,0,0,0,0,1,-0.6269550126017752,-0.9139194938995842,0.0,0.0,0.0,0.0,0.0,1.0,0.0
1.0,0,0,0,0.7303373519103363,1,1,0,0,1,1,0,1,0,0.1607488111451386,0.5176101993984634,0.0,0.0,0.0,1.0,0.0,0.0,0.0
1.0,0,1,1,0.6078181725236395,1,1,1,1,1,1,1,1,1,0.8616717051572229,0.9179866083599941,0.0,0.0,0.0,1.0,0.0,0.0,1.0
1.0,0,0,0,1.3429332488438204,1,1,1,0,0,1,0,1,0,0.9634724111923112,1.6967668721501885,1.0,0.0,1.0,0.0,0.0,1.0,0.0
0.0,0,0,0,-0.37233526256993504,1,0,1,0,0,0,0,0,1,0.3443238548149702,-0.21170957816552186,1.0,0.0,0.0,0.0,0.0,0.0,0.0
0.0,1,0,0,-1.0257708859656514,1,0,0,1,0,0,0,0,1,-0.4467176969986679,-0.816243929373725,0.0,0.0,0.0,0.0,0.0,0.0,1.0
1.0,0,0,0,-1.1482900653523482,1,0,0,0,0,0,0,0,1,-1.4847511257498973,-0.9779912838356043,0.0,1.0,0.0,0.0,0.0,1.0,0.0
1.0,0,1,0,1.3020935223815882,1,1,0,1,0,1,0,1,1,0.18244404357884614,0.9901980286731689,0.0,0.0,1.0,0.0,0.0,0.0,1.0
1.0,0,0,0,0.7303373519103363,1,0,1,1,1,1,0,0,1,0.8483207928903258,1.0207772411556497,1.0,0.0,1.0,0.0,1.0,0.0,0.0
1.0,1,1,0,1.547131881154982,1,1,1,1,1,1,1,1,0,0.8466519288569638,1.814257766364695,0.0,0.0,0.0,1.0,1.0,0.0,0.0
1.0,1,1,0,-1.270809244739045,1,1,0,0,0,0,1,0,1,0.7131428061879954,-0.9644919514887925,1.0,0.0,0.0,0.0,0.0,1.0,0.0
1.0,0,0,0,0.4852989931369427,1,0,0,0,0,0,0,0,0,-1.478075669616449,-0.5999877386976199,0.0,1.0,0.0,1.0,1.0,0.0,0.0
1.0,0,1,1,-1.270809244739045,1,0,0,0,0,0,0,0,0,-1.5314793186840365,-0.994403981153474,0.0,1.0,1.0,0.0,0.0,0.0,1.0
0.0,1,0,0,-1.1482900653523482,1,1,0,0,0,0,1,1,1,0.9885053716927428,-0.8139755077932065,1.0,0.0,0.0,0.0,0.0,1.0,0.0
0.0,0,0,0,-0.33149553610770277,1,0,0,0,1,0,0,0,1,-0.5134722583331521,-0.4542305324356707,0.0,0.0,0.0,0.0,1.0,0.0,0.0
1.0,0,0,0,-1.1891297918145805,0,0,1,1,0,0,0,0,1,-0.9757475955744551,-0.9552403497486385,0.0,0.0,0.0,0.0,0.0,0.0,1.0
1.0,0,1,1,1.6288113340794463,1,1,1,1,1,1,0,1,1,1.3423045467655095,2.3498276536396814,1.0,0.0,1.0,0.0,1.0,0.0,0.0
0.0,0,1,1,-1.107450338890116,1,0,0,0,0,0,0,0,0,0.17576858744539764,-0.8602557559212376,1.0,0.0,0.0,0.0,1.0,0.0,0.0
1.0,1,1,0,0.7303373519103363,1,1,1,0,1,0,1,1,1,1.3473111388655954,1.2938106896264998,1.0,0.0,0.0,1.0,1.0,0.0,0.0
1.0,0,0,1,-0.33149553610770277,0,0,1,0,0,1,0,0,0,-0.9657344113742826,-0.6332356824512991,0.0,0.0,0.0,1.0,0.0,0.0,1.0
1.0,0,1,0,-0.7398928007300255,1,1,0,1,1,0,0,0,1,0.5996600519193725,-0.4756915797415573,1.0,0.0,0.0,0.0,0.0,1.0,0.0
0.0,0,0,0,-0.9032517065789546,1,0,0,0,0,0,0,1,1,0.5195545783179912,-0.6264748965642634,1.0,0.0,0.0,0.0,0.0,0.0,0.0
1.0,1,1,0,-1.0257708859656514,1,1,0,0,0,0,1,1,1,1.0318958365601574,-0.7161665067037875,1.0,0.0,0.0,0.0,0.0,0.0,0.0
1.0,0,0,0,-0.4131749890321673,1,1,0,0,0,0,0,1,0,0.6130109641862691,-0.20245797642536764,1.0,0.0,0.0,0.0,0.0,1.0,0.0
1.0,0,1,0,1.547131881154982,1,1,1,0,1,1,0,1,0,0.42109160034962695,1.4427703734138868,0.0,0.0,0.0,1.0,1.0,0.0,0.0
0.0,0,0,0,1.2204140694571237,1,1,0,0,0,0,1,1,1,0.9784921874925703,1.557970606620615,1.0,0.0,1.0,0.0,0.0,0.0,0.0
0.0,0,0,0,0.8936962577592654,1,1,0,0,0,1,1,1,1,1.1820935995627468,1.4172839897739427,1.0,0.0,0.0,0.0,0.0,1.0,0.0
0.0,1,0,0,0.689497625448104,1,0,0,0,0,0,0,0,0,-0.6970473020029837,-0.0660190901853526,0.0,0.0,0.0,0.0,0.0,0.0,1.0
1.0,1,1,0,0.07690172851461995,1,0,0,0,0,0,0,0,0,0.22917223651298482,0.07689146938731821,1.0,0.0,0.0,0.0,1.0,0.0,0.0
1.0,0,0,0,-1.270809244739045,1,0,0,0,0,0,0,0,0,-1.5014397660835184,-0.9940036714627943,0.0,1.0,0.0,0.0,0.0,0.0,1.0
1.0,0,1,1,0.40361954021247815,0,0,1,0,1,1,1,0,0,-0.5518561311004805,-0.09882224539383225,0.0,0.0,0.0,1.0,1.0,0.0,0.0
1.0,0,0,0,-0.9032517065789546,1,0,0,0,0,0,0,0,1,-0.63863706083531,-0.8236941375058204,0.0,0.0,0.0,0.0,0.0,1.0,0.0
0.0,0,1,1,1.6288113340794463,1,1,0,0,1,0,1,1,1,0.4044029600160059,1.429537914194195,0.0,0.0,0.0,1.0,0.0,0.0,0.0
0.0,1,0,0,-0.4131749890321673,1,1,0,0,0,0,0,0,1,0.32429748641462514,-0.24991691419817808,1.0,0.0,0.0,0.0,0.0,0.0,0.0
0.0,1,1,0,1.6288113340794463,1,1,1,1,1,1,1,1,1,1.7378253226723281,2.678771022242136,1.0,0.0,0.0,1.0,1.0,0.0,0.0
1.0,0,1,0,1.4654524282305172,1,1,0,1,1,1,1,1,1,1.512528678168444,2.382897681975281,1.0,0.0,0.0,1.0,0.0,0.0,0.0
0.0,0,0,0,-1.270809244739045,1,0,0,0,0,0,0,0,0,-1.4997709020501564,-0.9939814320355342,0.0,1.0,0.0,0.0,0.0,0.0,1.0
1.0,0,1,0,-1.270809244739045,1,0,1,0,0,0,1,1,1,1.0118694681598124,-0.9605110940092552,1.0,0.0,0.0,0.0,0.0,1.0,0.0
0.0,0,1,1,-1.0666106124278838,1,0,0,0,0,1,0,0,1,-0.5301608986667732,-0.8705081318880913,0.0,0.0,0.0,0.0,0.0,0.0,1.0
0.0,0,1,1,0.4444592666747104,1,0,0,1,0,0,0,0,0,-0.483432705732634,-0.0378417358469502,0.0,0.0,0.0,0.0,0.0,0.0,1.0
0.0,0,0,0,-0.9440914330411869,1,0,0,0,0,0,1,1,1,0.8716848893573954,-0.6425984813277533,1.0,0.0,0.0,0.0,0.0,0.0,0.0
1.0,0,0,0,1.0570551636081944,1,1,0,0,0,0,0,0,1,-1.3145269943469626,-0.34699201418801756,0.0,1.0,0.0,1.0,1.0,0.0,0.0
0.0,0,0,0,-0.5356941684188642,0,0,0,1,0,0,0,1,1,-0.8338941527386762,-0.6869438992841657,0.0,0.0,0.0,0.0,0.0,1.0,0.0
1.0,0,0,1,0.8936962577592654,1,0,0,1,1,1,0,0,1,-0.12295807452641934,0.4574970275147211,0.0,0.0,1.0,0.0,0.0,1.0,0.0
1.0,0,0,0,-0.24981608318323825,1,0,0,1,0,0,1,0,1,0.7031296219878228,-0.048027393532023885,1.0,0.0,0.0,0.0,0.0,1.0,0.0
1.0,0,0,0,-0.8624119801167224,1,0,0,1,1,1,0,0,1,-0.1262958025931436,-0.6965290924332197,0.0,0.0,0.0,0.0,0.0,1.0,0.0
1.0,0,0,0,-1.270809244739045,1,0,0,0,0,0,0,0,1,0.1740997234120356,-0.9716752864937681,1.0,0.0,0.0,0.0,0.0,1.0,0.0
1.0,0,0,0,-1.229969518276813,1,1,0,0,0,0,0,1,1,0.7114739421546333,-0.9291757409999347,1.0,0.0,0.0,0.0,0.0,1.0,0.0
0.0,0,0,0,0.11774145497685222,1,0,1,1,1,0,0,0,0,-0.13797785082667838,-0.12092823609025849,0.0,0.0,0.0,0.0,0.0,1.0,0.0
1.0,0,0,0,-0.4131749890321673,1,1,1,1,1,0,0,0,0,0.012219912175911105,-0.36780811810336456,0.0,0.0,0.0,0.0,0.0,0.0,1.0
0.0,0,1,1,0.36277981375024587,1,0,0,0,0,0,0,0,0,-1.5014397660835184,-0.6450448183263517,0.0,1.0,0.0,1.0,0.0,0.0,0.0
1.0,0,0,1,-0.7807325271922578,1,0,1,0,0,0,0,0,1,-0.42001587246487404,-0.7044685679650347,0.0,0.0,0.0,0.0,1.0,0.0,0.0
1.0,0,0,0,0.97537571068373,1,0,1,0,1,0,0,0,0,-0.39998950406452877,0.34036196413637393,0.0,0.0,1.0,0.0,0.0,0.0,1.0
1.0,0,1,1,1.261253795919356,0,0,0,1,1,1,0,0,0,-0.845576200972211,0.06252479937736728,0.0,0.0,0.0,1.0,0.0,0.0,0.0
0.0,0,0,0,0.689497625448104,1,0,1,1,1,1,0,0,0,0.09065652174393035,0.4680829948904744,0.0,0.0,0.0,1.0,0.0,0.0,0.0
0.0,1,0,0,0.97537571068373,1,1,1,0,1,1,0,1,0,0.2859136136472965,0.8004957141454871,0.0,0.0,0.0,1.0,0.0,0.0,0.0
1.0,0,1,1,1.138734616532659,1,1,0,0,0,0,0,0,0,-1.3595863232477394,-0.33273654131436636,0.0,1.0,1.0,0.0,1.0,0.0,0.0
0.0,0,1,1,-0.24981608318323825,1,0,1,1,0,0,0,0,0,0.5762959554523029,-0.08203147781254261,1.0,0.0,0.0,0.0,0.0,1.0,0.0
0.0,0,1,1,-0.7398928007300255,1,1,0,1,0,1,1,1,0,0.5262300344514398,-0.49701919048388404,0.0,0.0,0.0,0.0,1.0,0.0,0.0
1.0,1,0,0,-0.49485444195663186,1,0,0,0,0,0,1,1,0,0.8433142007902398,-0.2695543284687458,1.0,0.0,0.0,0.0,0.0,1.0,0.0
0.0,0,1,0,1.4654524282305172,1,1,1,0,0,1,0,0,0,-0.21474559636133514,0.7655798133473088,0.0,0.0,1.0,0.0,0.0,0.0,0.0
0.0,0,0,0,-0.82157225365449,0,0,1,0,0,1,0,0,1,-1.037495564808853,-0.8090828337960095,0.0,0.0,1.0,0.0,0.0,0.0,1.0
1.0,0,1,0,1.0978948900704268,1,1,1,1,1,0,1,1,1,1.5175352702685305,1.8652527730718438,1.0,0.0,1.0,0.0,0.0,1.0,0.0
1.0,0,0,0,1.6288113340794463,1,1,0,1,1,1,1,1,1,0.7982548718894626,1.7557903120981917,0.0,0.0,0.0,1.0,0.0,0.0,0.0
0.0,0,1,0,1.5879716076172141,0,0,1,1,1,1,0,0,1,-0.5702136354674635,0.49964074217239485,0.0,0.0,0.0,1.0,0.0,0.0,0.0
1.0,1,1,0,1.6288113340794463,1,1,1,1,1,0,1,1,1,1.4975089018681849,2.5202706241602155,1.0,0.0,0.0,1.0,0.0,0.0,0.0
1.0,0,0,0,1.0162154371459622,1,0,0,0,0,0,0,0,0,-1.5314793186840365,-0.5160116613639122,0.0,1.0,0.0,1.0,1.0,0.0,0.0
0.0,0,1,1,0.6486578989858718,0,0,1,1,0,1,0,0,0,-0.8439073369388489,-0.12268515084379732,0.0,0.0,0.0,1.0,0.0,0.0,1.0
0.0,0,0,0,-0.20897635672100598,1,0,0,0,0,0,0,0,0,-1.5197972704505016,-0.7797712686673478,0.0,1.0,1.0,0.0,0.0,0.0,1.0
1.0,0,1,1,0.8936962577592654,1,0,0,0,0,0,0,0,0,-1.478075669616449,-0.5176796184084111,0.0,1.0,0.0,1.0,1.0,0.0,0.0
0.0,1,0,0,-1.107450338890116,1,0,1,1,0,1,0,0,0,-0.1596730832603857,-0.8747336230674886,0.0,0.0,0.0,0.0,1.0,0.0,0.0
0.0,0,1,0,-0.5765338948810964,1,0,1,0,0,0,0,0,0,0.3376483986815217,-0.3631378383787675,1.0,0.0,0.0,0.0,0.0,1.0,0.0
1.0,1,0,0,1.0162154371459622,1,1,0,1,1,0,1,1,1,0.5028659379843702,0.9712945155021807,0.0,0.0,0.0,1.0,0.0,0.0,0.0
0.0,0,1,1,-0.82157225365449,0,0,0,1,0,0,0,0,0,-1.1843555997447184,-0.8652818664819946,0.0,0.0,0.0,0.0,0.0,0.0,1.0
1.0,0,0,0,-1.1482900653523482,1,0,0,0,0,0,0,0,0,-1.524803862550588,-0.9676721895869707,0.0,1.0,0.0,0.0,0.0,0.0,1.0
1.0,0,1,1,0.8120168048348009,1,1,0,1,0,1,0,1,1,0.9534592269921387,1.057361098998327,1.0,0.0,0.0,0.0,0.0,0.0,0.0
0.0,1,1,0,1.0978948900704268,1,1,1,1,1,1,0,0,1,0.9801610515259322,1.4364098972175308,1.0,0.0,1.0,0.0,0.0,1.0,0.0
1.0,0,0,1,-0.9440914330411869,1,0,0,0,0,0,0,0,0,-1.4880888538166215,-0.9181449850789816,0.0,1.0,1.0,0.0,0.0,0.0,1.0
0.0,0,1,0,1.6288113340794463,1,1,1,1,1,0,1,1,1,1.5375616386688755,2.445101360021462,1.0,0.0,0.0,1.0,0.0,1.0,0.0
0.0,0,1,0,0.6078181725236395,1,1,1,1,1,0,1,0,1,1.1370342706619703,1.0137718215687541,1.0,0.0,0.0,0.0,0.0,1.0,0.0
1.0,1,1,0,1.0570551636081944,1,1,0,1,0,0,1,1,1,1.1420408627620569,1.5684231374328084,1.0,0.0,0.0,0.0,0.0,1.0,0.0
1.0,0,1,0,0.11774145497685222,1,1,0,1,0,1,1,0,1,0.14406017081151754,0.08327418501093418,0.0,0.0,1.0,0.0,0.0,1.0,0.0
0.0,0,0,0,-0.9032517065789546,1,0,0,0,0,0,0,0,1,-1.4730690775163628,-0.9194348718600608,0.0,1.0,0.0,0.0,0.0,0.0,1.0
0.0,0,1,0,-0.82157225365449,1,0,0,1,0,0,0,0,1,-0.4483865610320299,-0.7305109372864785,0.0,0.0,0.0,0.0,0.0,1.0,0.0
0.0,0,1,0,-1.0257708859656514,1,0,0,0,1,0,1,0,1,0.7198182623214439,-0.7416306509164716,1.0,0.0,0.0,0.0,0.0,1.0,0.0
1.0,0,0,0,-1.107450338890116,1,1,0,0,0,0,1,1,1,1.0068628760597258,-0.7969178670847971,1.0,0.0,0.0,0.0,0.0,0.0,0.0
0.0,1,1,0,0.8528565312970331,1,1,0,0,0,0,1,1,1,1.040240156726968,1.2284045340548806,1.0,0.0,1.0,0.0,1.0,0.0,0.0
1.0,1,0,0,0.07690172851461995,1,0,0,1,1,0,1,1,1,1.1737492793959363,0.4842288190812244,1.0,0.0,1.0,0.0,0.0,1.0,0.0
0.0,1,1,0,1.547131881154982,1,1,1,0,0,0,0,1,1,0.8733537533907574,1.8750603604934974,1.0,0.0,0.0,0.0,0.0,1.0,0.0
0.0,0,0,0,-1.270809244739045,1,0,0,1,0,0,0,0,0,0.3226286223812626,-0.9696959774676295,1.0,0.0,0.0,0.0,0.0,1.0,0.0
1.0,0,0,0,-1.1891297918145805,1,1,0,0,0,0,0,0,0,-0.47675724959918575,-0.9417187779745668,0.0,0.0,0.0,0.0,0.0,0.0,0.0
1.0,1,0,0,0.9345359842214976,0,0,0,0,1,0,1,1,1,-0.48843929783272055,0.21748912852495053,0.0,0.0,1.0,0.0,0.0,0.0,0.0
0.0,0,1,1,1.5062921546927495,0,0,0,1,1,0,1,1,1,-0.32489062256323403,0.6751987809627253,0.0,0.0,0.0,1.0,1.0,0.0,0.0
1.0,0,0,0,1.5062921546927495,1,1,0,0,0,0,0,0,0,-1.3595863232477394,-0.24079874902158377,0.0,1.0,0.0,1.0,0.0,0.0,0.0
1.0,0,0,0,-1.1891297918145805,1,0,0,0,0,0,0,0,1,-1.4663936213829143,-0.9729206944203275,0.0,1.0,0.0,0.0,1.0,0.0,0.0
0.0,0,1,0,0.9345359842214976,1,0,0,0,0,0,0,0,0,-1.5014397660835184,-0.49568482484828486,0.0,1.0,1.0,0.0,0.0,1.0,0.0
0.0,0,0,0,-1.270809244739045,1,1,0,0,0,0,0,0,1,0.4160850082495409,-0.9684505695410701,1.0,0.0,0.0,0.0,0.0,1.0,0.0
1.0,0,0,0,1.4654524282305172,1,1,0,0,0,0,0,0,1,-1.352910867114291,-0.3360946948306244,0.0,1.0,0.0,1.0,0.0,0.0,0.0
0.0,1,0,0,1.0978948900704268,1,1,0,1,0,0,0,0,1,0.48450843361738716,1.0389690926543187,1.0,0.0,0.0,1.0,1.0,0.0,0.0
1.0,0,0,1,-0.6173736213433287,1,0,1,0,0,0,0,0,1,-0.48009497766591,-0.6261190657281036,0.0,0.0,0.0,0.0,0.0,0.0,1.0
1.0,0,1,1,0.19942090790131678,0,0,1,0,1,1,0,0,1,-0.8172055124050551,-0.3243077983828317,0.0,0.0,1.0,0.0,0.0,1.0,0.0
1.0,0,1,1,0.5669784460614072,1,0,0,0,0,0,0,0,0,-1.4997709020501564,-0.6218046168396663,0.0,1.0,0.0,1.0,1.0,0.0,0.0
0.0,1,1,0,1.547131881154982,1,1,1,1,1,1,1,1,1,1.6126605201701703,2.5500269778340767,1.0,0.0,0.0,1.0,1.0,0.0,0.0
0.0,0,1,1,0.6486578989858718,1,0,0,0,0,0,0,0,0,-1.4697313494496385,-0.5326245135271218,0.0,1.0,0.0,1.0,0.0,0.0,0.0
1.0,0,0,0,0.8120168048348009,0,0,1,1,1,1,1,1,0,-0.026163960591417273,0.4805815530105865,0.0,0.0,0.0,1.0,1.0,0.0,0.0
0.0,0,1,0,1.424612701768285,1,1,0,1,1,1,1,1,1,1.5025154939682714,2.263961224988875,1.0,0.0,1.0,0.0,1.0,0.0,0.0
0.0,0,1,0,-0.37233526256993504,1,0,0,0,1,1,0,0,0,-0.3482547190303036,-0.4594345584145075,0.0,0.0,0.0,0.0,0.0,1.0,0.0
0.0,0,1,0,0.40361954021247815,1,1,0,0,0,0,0,0,1,-0.481763841699272,-0.02260772817385969,0.0,0.0,0.0,0.0,0.0,1.0,0.0
0.0,0,1,1,0.689497625448104,0,0,1,0,0,1,0,0,1,-0.9640655473409205,-0.21015281825732282,0.0,0.0,1.0,0.0,1.0,0.0,0.0
0.0,0,1,0,-0.24981608318323825,1,0,0,1,1,0,1,1,1,0.29425793381410703,-0.15513247521611712,0.0,0.0,0.0,1.0,1.0,0.0,0.0
1.0,0,0,1,0.03606200205238767,1,0,0,0,0,0,0,0,1,-1.4864199897832595,-0.6993534996952379,0.0,1.0,1.0,0.0,0.0,0.0,1.0
1.0,0,1,1,1.4654524282305172,1,0,0,0,1,1,1,1,1,0.27590042944712395,1.200382855707298,0.0,0.0,0.0,1.0,0.0,0.0,0.0
0.0,0,0,0,1.6288113340794463,1,1,0,0,0,0,0,0,0,-1.3095204022468763,-0.1725904256152062,0.0,1.0,0.0,1.0,1.0,0.0,0.0
0.0,1,1,0,1.424612701768285,1,0,0,0,0,0,0,0,1,-1.489757717849984,-0.44097583378871896,0.0,1.0,0.0,1.0,0.0,0.0,0.0
1.0,0,0,1,0.03606200205238767,1,1,1,0,1,0,0,1,1,1.0218826523599849,0.45398319800764325,1.0,0.0,0.0,0.0,0.0,0.0,0.0
0.0,0,0,0,0.11774145497685222,1,0,0,0,0,0,0,0,0,-1.5164595423837774,-0.72804236086062,0.0,1.0,0.0,0.0,0.0,0.0,0.0
1.0,1,0,0,1.424612701768285,1,1,1,1,0,1,0,0,1,-0.00446872815770995,0.887629790150113,0.0,0.0,0.0,1.0,0.0,0.0,0.0
0.0,0,0,0,-0.6990530742677933,1,1,1,0,1,0,0,0,1,0.6564014290536837,-0.4233622073988099,1.0,0.0,0.0,0.0,1.0,0.0,0.0
1.0,0,0,0,-0.8624119801167224,1,1,0,0,1,0,0,0,0,-0.36494335936392464,-0.7323345703217974,0.0,0.0,0.0,0.0,0.0,1.0,0.0
1.0,0,1,0,1.5879716076172141,1,1,1,0,1,1,1,1,0,0.6180175562863556,1.722053100944793,0.0,0.0,0.0,1.0,0.0,1.0,0.0
1.0,1,1,0,-0.8624119801167224,1,0,0,0,0,0,0,0,0,-1.4930954459167078,-0.9072476657215883,0.0,1.0,0.0,0.0,0.0,0.0,1.0
1.0,0,1,1,0.19942090790131678,1,0,0,0,0,0,0,0,0,-1.4981020380167944,-0.6798050431337102,0.0,1.0,0.0,1.0,0.0,0.0,0.0
1.0,0,1,0,1.4654524282305172,1,1,1,1,0,1,1,1,1,1.4357609326337872,2.2534864547494213,1.0,0.0,0.0,0.0,0.0,1.0,0.0
1.0,0,1,1,-1.0666106124278838,1,0,0,1,1,0,0,0,1,-0.31320857432969945,-0.8585433200222187,0.0,0.0,0.0,0.0,0.0,0.0,1.0
0.0,0,1,1,-1.0257708859656514,1,0,0,0,0,0,0,0,1,0.14406017081151754,-0.7773026922414893,1.0,0.0,0.0,0.0,0.0,1.0,0.0
0.0,0,1,0,1.547131881154982,1,1,0,1,1,1,1,1,1,0.6714212053539428,1.6292924498433907,0.0,0.0,0.0,1.0,0.0,0.0,0.0
1.0,0,0,0,1.5062921546927495,1,1,1,1,1,1,0,1,1,0.5612761791520439,1.4672559828271317,0.0,0.0,0.0,1.0,1.0,0.0,0.0
0.0,1,1,0,-0.8624119801167224,1,1,0,0,1,1,1,1,1,1.3139338581983533,-0.49853147153756305,1.0,0.0,0.0,0.0,0.0,0.0,0.0
0.0,0,0,0,0.19942090790131678,1,1,1,0,0,0,1,0,0,-0.0011310000909854545,0.04153078004394025,0.0,0.0,1.0,0.0,0.0,0.0,0.0
1.0,0,0,0,-0.5356941684188642,1,1,1,0,1,0,0,0,1,0.6697523413205807,-0.26799756856054674,1.0,0.0,0.0,0.0,0.0,1.0,0.0
1.0,1,0,0,-1.270809244739045,1,0,0,0,0,0,0,0,1,-0.6286238766351373,-0.9823724510058215,0.0,0.0,0.0,0.0,0.0,0.0,1.0
0.0,0,1,1,1.2204140694571237,1,0,0,1,1,0,1,1,1,1.1837624635961095,1.7919738602501893,1.0,0.0,0.0,0.0,0.0,1.0,0.0
1.0,0,1,1,1.547131881154982,1,1,1,1,1,1,1,0,1,0.48617729765074913,1.5466952169998023,0.0,0.0,0.0,1.0,0.0,0.0,0.0
1.0,1,0,0,-0.658213347805561,0,0,0,1,0,0,1,0,1,-0.8572582492057458,-0.7003765133491973,0.0,0.0,0.0,0.0,0.0,0.0,1.0
0.0,0,0,0,0.6486578989858718,1,1,0,1,1,1,1,0,1,0.30593998204764156,0.5901996899750583,0.0,0.0,1.0,0.0,0.0,0.0,0.0
1.0,0,0,0,-0.9849311595034191,1,1,0,0,0,0,1,0,1,-0.18136831569409304,-0.8085713269690299,0.0,0.0,0.0,0.0,0.0,1.0,0.0
0.0,0,0,0,-0.9440914330411869,1,0,0,0,0,0,0,0,0,-1.508115222216967,-0.9358920480324505,0.0,1.0,0.0,0.0,0.0,0.0,0.0
1.0,0,1,0,0.6486578989858718,1,1,1,1,1,0,1,1,1,1.5609257351359451,1.3613295907878178,1.0,0.0,0.0,0.0,0.0,0.0,0.0
0.0,0,1,1,0.11774145497685222,1,0,0,0,0,0,0,0,1,-1.496433173983432,-0.6739115949098138,0.0,1.0,0.0,1.0,0.0,0.0,1.0
1.0,0,1,1,1.261253795919356,0,0,1,1,1,0,1,1,0,-0.18971263586090356,0.6463320043792633,0.0,0.0,0.0,1.0,0.0,1.0,0.0
1.0,0,0,0,1.2204140694571237,1,0,0,0,0,0,0,0,1,-1.489757717849984,-0.4682858504639819,0.0,1.0,0.0,1.0,1.0,0.0,0.0
0.0,0,0,0,-0.0047777244098446,1,1,0,0,1,0,1,1,1,1.2238152003967995,0.48055931358332665,1.0,0.0,0.0,0.0,0.0,1.0,0.0
1.0,1,0,0,0.97537571068373,1,1,0,0,1,0,1,1,1,1.213802016196627,1.4853811160440202,1.0,0.0,0.0,0.0,0.0,1.0,0.0
1.0,0,1,1,-0.37233526256993504,1,1,0,1,0,1,0,0,0,-0.16634853939383398,-0.37374604518178084,0.0,0.0,0.0,1.0,0.0,0.0,1.0
0.0,0,0,0,0.3219400872880136,1,0,0,0,0,0,0,0,0,-1.4864199897832595,-0.6447779451992319,0.0,1.0,0.0,1.0,0.0,0.0,1.0
0.0,1,0,0,-0.658213347805561,1,0,0,0,0,1,1,1,1,0.9935119637928294,-0.33060155629740773,1.0,0.0,0.0,0.0,0.0,1.0,0.0
0.0,0,0,1,-0.2906558096454705,1,0,0,1,0,1,0,0,1,-0.33156607869668253,-0.4395080315895599,0.0,0.0,1.0,0.0,1.0,0.0,0.0
0.0,0,0,0,-1.229969518276813,1,1,0,0,0,0,0,0,1,-0.5101345302664279,-0.9553737863121983,0.0,0.0,0.0,0.0,0.0,1.0,0.0
1.0,0,1,0,0.24026063436354905,1,1,1,0,0,0,1,0,0,0.9017244419579135,0.5446755823738667,1.0,0.0,0.0,0.0,0.0,0.0,0.0
1.0,0,0,0,-0.82157225365449,1,0,0,0,0,0,0,0,0,-1.489757717849984,-0.8840074642349028,0.0,1.0,1.0,0.0,1.0,0.0,0.0
1.0,0,0,0,-1.1891297918145805,1,0,0,0,1,0,0,0,1,0.29759566188083103,-0.8993526690442932,1.0,0.0,0.0,0.0,1.0,0.0,0.0
1.0,0,0,0,-1.0257708859656514,1,0,0,0,0,0,0,0,0,-1.509784086250329,-0.9292202198544547,0.0,1.0,0.0,1.0,0.0,0.0,1.0
0.0,0,1,1,-0.33149553610770277,0,0,1,1,1,1,0,1,1,-0.40666496019797727,-0.4653947249201837,0.0,0.0,0.0,1.0,0.0,0.0,1.0
1.0,0,0,0,-1.270809244739045,1,0,0,0,0,0,0,0,0,-1.4847511257498973,-0.9937812771901945,0.0,1.0,0.0,0.0,0.0,0.0,1.0
0.0,0,1,1,1.5879716076172141,1,0,0,0,0,0,0,0,0,-1.5014397660835184,-0.37301214408220135,0.0,1.0,0.0,1.0,1.0,0.0,0.0
0.0,1,0,0,0.7303373519103363,1,1,0,1,0,1,1,1,1,1.405721380033269,1.3759408944976284,1.0,0.0,1.0,0.0,0.0,1.0,0.0
0.0,0,0,0,-1.1482900653523482,1,1,0,0,0,0,0,0,1,0.36601908724867777,-0.8682841891620926,1.0,0.0,0.0,0.0,0.0,1.0,0.0
1.0,0,1,1,-1.270809244739045,1,0,0,0,0,0,0,0,0,-1.496433173983432,-0.9939369531810143,0.0,1.0,1.0,0.0,1.0,0.0,0.0
1.0,0,1,0,-0.9032517065789546,1,0,0,0,0,0,0,0,1,0.18077517954548367,-0.7093612419622316,1.0,0.0,0.0,0.0,0.0,1.0,0.0
1.0,0,0,1,-0.7807325271922578,1,0,0,0,0,0,0,0,0,-0.6903718458695352,-0.7094946785257916,0.0,0.0,0.0,0.0,0.0,0.0,1.0
1.0,0,1,0,-0.9849311595034191,1,0,0,0,0,0,0,0,0,-1.4830822617165353,-0.9323337396708528,0.0,1.0,0.0,0.0,0.0,0.0,1.0
0.0,0,1,0,0.03606200205238767,1,1,0,1,1,0,1,1,1,1.3256159064318884,0.5137850179097458,1.0,0.0,0.0,0.0,0.0,1.0,0.0
0.0,0,0,0,-0.12729690379654143,1,1,0,0,0,0,0,0,0,-1.319533586447049,-0.6905244470730234,0.0,1.0,0.0,0.0,0.0,1.0,0.0
0.0,0,1,0,-0.20897635672100598,1,1,0,0,1,0,0,1,0,0.8499896569236883,0.07513455463377938,1.0,0.0,0.0,0.0,0.0,0.0,0.0
0.0,0,0,0,1.138734616532659,0,0,1,0,1,0,0,1,1,-0.6753520695692762,0.23103293972628222,0.0,0.0,1.0,0.0,0.0,1.0,0.0
1.0,0,1,0,1.547131881154982,1,1,0,1,1,1,1,0,0,0.3810388635489363,1.3387120932644117,0.0,0.0,0.0,1.0,1.0,0.0,0.0
1.0,0,1,0,1.547131881154982,1,1,0,0,0,0,0,0,0,-1.349573139047567,-0.23588383559712675,0.0,1.0,0.0,1.0,0.0,0.0,0.0
0.0,1,0,0,-1.270809244739045,1,0,0,0,0,0,1,1,1,0.8216189683565323,-0.9630463887168934,1.0,0.0,0.0,0.0,0.0,1.0,0.0
0.0,1,0,0,-1.270809244739045,1,0,0,0,0,0,0,0,1,0.17243085937867314,-0.9716975259210282,1.0,0.0,0.0,0.0,0.0,1.0,0.0
0.0,0,0,0,0.1585811814390845,1,1,0,1,0,1,0,1,1,0.20080154794582922,0.11452058031121472,0.0,0.0,1.0,0.0,0.0,0.0,1.0
1.0,0,0,0,-0.9032517065789546,1,0,0,0,0,0,0,0,0,-1.4914265818833459,-0.9203022095232002,0.0,1.0,0.0,0.0,0.0,1.0,0.0
0.0,0,1,0,1.3837729753060528,1,1,1,1,0,1,0,0,0,0.8116057841563598,1.620863706911856,1.0,0.0,1.0,0.0,0.0,1.0,0.0
1.0,0,1,1,0.3219400872880136,1,1,1,1,0,1,1,1,1,1.515866406235168,0.9850384815488523,1.0,0.0,0.0,0.0,1.0,0.0,0.0
0.0,0,1,1,1.547131881154982,1,1,1,1,1,1,0,0,0,0.9751544594258462,1.9235200724930075,1.0,0.0,0.0,1.0,0.0,0.0,0.0
0.0,0,0,0,-0.5765338948810964,0,0,0,0,1,1,0,0,1,-0.9840919157412656,-0.7326459223034372,0.0,0.0,0.0,0.0,0.0,1.0,0.0
0.0,0,1,1,1.3429332488438204,1,1,1,1,1,1,1,1,0,0.896717849857827,1.6499306383406576,0.0,0.0,0.0,1.0,0.0,0.0,0.0
1.0,1,1,0,0.3219400872880136,1,0,0,0,0,0,0,1,0,-0.2965199339960784,0.012819679451298267,0.0,0.0,1.0,0.0,0.0,1.0,0.0
1.0,0,0,0,0.3219400872880136,1,1,0,0,0,0,0,0,1,-1.337891090814032,-0.5695642022059588,0.0,1.0,0.0,1.0,0.0,0.0,1.0
1.0,0,1,0,1.6288113340794463,1,1,0,0,0,0,0,0,1,-1.3729372355146365,-0.23597279330616672,0.0,1.0,0.0,1.0,0.0,0.0,0.0
1.0,0,1,1,1.4654524282305172,1,1,1,1,1,1,1,1,1,0.8065991920562732,1.7249887053431108,0.0,0.0,0.0,1.0,1.0,0.0,0.0
1.0,0,0,0,0.5261387195991749,0,0,1,0,1,1,0,0,0,-0.7471132230038469,-0.1840214912268391,0.0,0.0,1.0,0.0,0.0,0.0,0.0
0.0,0,1,1,0.1585811814390845,1,0,0,0,0,0,0,0,0,-1.4830822617165353,-0.6834300697770878,0.0,1.0,0.0,1.0,0.0,0.0,0.0
1.0,0,1,1,-1.107450338890116,1,1,0,0,0,0,0,0,1,-1.2945006259466174,-0.9427195522012662,0.0,1.0,0.0,0.0,0.0,0.0,0.0
0.0,0,1,1,-1.0257708859656514,1,0,1,1,1,1,1,0,1,0.36768795128203974,-0.7563309123353225,0.0,0.0,0.0,0.0,0.0,1.0,0.0
0.0,0,0,0,-0.9849311595034191,1,1,0,0,1,0,1,1,1,1.1670738232624884,-0.6378170044668563,1.0,0.0,0.0,0.0,0.0,1.0,0.0
0.0,0,0,1,-1.1482900653523482,1,0,0,0,0,0,0,0,1,-1.478075669616449,-0.9650701765975522,0.0,1.0,1.0,0.0,0.0,0.0,1.0
1.0,0,0,0,0.03606200205238767,1,0,0,1,0,1,0,0,0,0.5312366265515258,0.17641290637575618,1.0,0.0,0.0,1.0,0.0,0.0,0.0
0.0,0,0,1,0.2811003608257813,0,0,0,0,1,0,0,0,0,-1.1543160471442004,-0.49957672461878244,0.0,0.0,0.0,0.0,1.0,0.0,0.0
1.0,1,0,0,-1.229969518276813,1,0,0,0,0,0,0,0,1,-0.6853652537694489,-0.9615563470904744,0.0,0.0,0.0,0.0,0.0,1.0,0.0
0.0,0,1,1,1.0570551636081944,1,1,0,0,0,0,0,0,1,-1.3412288188807564,-0.336517243948564,0.0,1.0,1.0,0.0,1.0,0.0,0.0
0.0,0,0,0,-0.7807325271922578,1,0,0,0,0,0,0,0,1,-1.478075669616449,-0.8865427589425412,0.0,1.0,0.0,1.0,0.0,0.0,1.0
1.0,1,1,0,-1.270809244739045,0,0,0,1,0,0,1,0,0,-0.8172055124050551,-0.9848855062862,0.0,0.0,0.0,0.0,0.0,1.0,0.0
0.0,0,1,1,1.0162154371459622,1,0,1,0,1,1,0,0,1,-0.17969945166073104,0.4536273671714834,0.0,0.0,1.0,0.0,0.0,0.0,1.0
0.0,0,0,0,-0.7398928007300255,1,1,0,1,0,0,0,0,1,-0.3482547190303036,-0.6588555026548031,0.0,0.0,1.0,0.0,0.0,0.0,1.0
1.0,1,0,0,1.424612701768285,1,1,1,1,1,1,1,1,1,1.7161300902386207,2.4843094702808175,1.0,0.0,0.0,1.0,1.0,0.0,0.0
1.0,0,1,0,1.138734616532659,1,1,1,0,1,1,1,1,1,1.494171173801461,1.920762383512769,1.0,0.0,0.0,0.0,0.0,0.0,0.0
1.0,0,0,0,-1.270809244739045,1,0,0,0,1,0,0,0,1,-0.4734195215324615,-0.9803041842706428,0.0,0.0,0.0,0.0,0.0,1.0,0.0
0.0,0,1,0,0.40361954021247815,0,0,0,1,0,1,0,0,0,-1.0391644288422153,-0.3599131214260695,0.0,0.0,1.0,0.0,0.0,0.0,1.0
0.0,0,0,0,-0.9032517065789546,1,0,0,0,0,0,0,0,1,-1.4981020380167944,-0.9145866767173837,0.0,1.0,1.0,0.0,0.0,0.0,1.0
0.0,0,0,0,0.36277981375024587,1,1,0,1,0,0,0,0,1,-0.27983129366245735,0.04871411504891581,0.0,0.0,1.0,0.0,1.0,0.0,0.0
0.0,1,1,1,-0.04561745087207687,1,0,0,0,1,1,1,1,1,1.1420408627620569,0.29214688583672416,1.0,0.0,0.0,0.0,0.0,1.0,0.0
1.0,0,0,1,0.2811003608257813,1,1,0,0,0,0,0,0,0,-1.3095204022468763,-0.5764584246565545,0.0,1.0,1.0,0.0,0.0,0.0,0.0
0.0,0,1,1,-1.229969518276813,0,0,0,0,0,1,0,0,0,-1.1893621918448047,-0.9828617184055412,0.0,0.0,0.0,0.0,0.0,0.0,0.0
1.0,0,0,1,-0.2906558096454705,1,0,0,0,0,0,0,0,0,-1.4647247573495523,-0.7980743173023164,0.0,1.0,0.0,0.0,0.0,0.0,1.0
0.0,1,0,0,-0.4540147154943996,1,1,0,0,0,0,1,1,1,0.9868365076593808,-0.12486461471527599,1.0,0.0,0.0,0.0,0.0,1.0,0.0
1.0,0,1,1,1.2204140694571237,1,0,0,0,0,0,0,0,0,-1.4930954459167078,-0.4490932247386139,0.0,1.0,1.0,0.0,0.0,0.0,0.0
0.0,1,0,0,-0.8624119801167224,1,1,0,0,0,0,1,1,1,1.016876060259899,-0.5590227136847253,1.0,0.0,0.0,0.0,0.0,0.0,0.0
0.0,0,1,1,0.4444592666747104,0,0,1,1,0,1,1,0,1,-0.4483865610320299,-0.04575897195150534,0.0,0.0,1.0,0.0,0.0,0.0,0.0
0.0,0,1,0,-0.04561745087207687,1,0,0,1,0,0,0,1,1,0.6397127887200627,0.18666528234260987,1.0,0.0,0.0,0.0,0.0,0.0,0.0
1.0,1,1,0,0.4444592666747104,1,1,0,1,0,0,1,1,1,1.212133152163265,0.9491440459512344,1.0,0.0,0.0,0.0,0.0,1.0,0.0
1.0,0,0,0,-0.6990530742677933,1,1,0,0,0,0,0,0,1,0.3777011354822123,-0.49977687946412236,1.0,0.0,0.0,0.0,0.0,0.0,1.0
1.0,0,0,1,0.6078181725236395,1,0,1,1,0,0,0,0,1,-0.31320857432969945,0.17772503258409547,0.0,0.0,0.0,0.0,0.0,1.0,0.0
0.0,1,0,0,-0.658213347805561,1,1,0,0,0,0,1,0,1,0.6697523413205807,-0.4022347515018231,1.0,0.0,0.0,0.0,0.0,1.0,0.0
0.0,0,0,0,-0.6173736213433287,1,1,0,0,1,1,1,0,1,0.14406017081151754,-0.5099402977219359,0.0,0.0,0.0,0.0,0.0,0.0,1.0
1.0,1,1,0,1.6288113340794463,1,1,0,0,0,0,0,0,1,-1.3245401785471353,-0.20101241365346856,0.0,1.0,0.0,1.0,0.0,0.0,0.0
1.0,0,1,0,1.547131881154982,1,1,1,1,1,1,1,1,0,1.656050985037585,2.664204197386845,1.0,0.0,0.0,1.0,1.0,0.0,0.0
1.0,0,0,0,-1.1891297918145805,0,0,1,0,1,1,0,0,0,-0.7788216396377268,-0.9550624343305585,0.0,0.0,0.0,0.0,0.0,0.0,1.0
1.0,0,0,0,-1.270809244739045,1,0,1,0,0,0,0,0,0,-0.49845248203289305,-0.9806377756795426,0.0,0.0,0.0,0.0,0.0,1.0,0.0
0.0,0,1,0,1.261253795919356,1,0,0,1,0,0,1,1,1,1.0452467488270545,1.7147808082307774,1.0,0.0,1.0,0.0,0.0,1.0,0.0
1.0,0,0,0,-0.33149553610770277,1,0,1,1,0,1,0,0,0,-0.1413155788934024,-0.3619369093067282,0.0,0.0,0.0,0.0,0.0,0.0,0.0
0.0,0,0,0,-1.0257708859656514,0,0,0,0,0,0,0,0,0,-1.3228713145137732,-0.9182784216425415,0.0,0.0,0.0,0.0,0.0,0.0,0.0
0.0,0,1,1,0.97537571068373,1,1,1,1,1,1,1,0,0,0.5529318589852333,1.0523349884375701,0.0,0.0,0.0,1.0,1.0,0.0,0.0
0.0,1,1,1,-0.37233526256993504,1,0,0,1,1,0,0,1,1,0.7932482797893766,-0.05512177082795938,1.0,0.0,0.0,0.0,0.0,0.0,0.0
1.0,0,0,0,-1.1891297918145805,1,0,0,0,0,0,0,0,1,0.18745063567893216,-0.9047346104412098,1.0,0.0,0.0,0.0,0.0,0.0,1.0
1.0,0,0,0,-1.1482900653523482,1,0,0,0,1,0,0,1,0,0.7131428061879954,-0.8657266550271943,1.0,0.0,0.0,0.0,0.0,1.0,0.0
0.0,0,1,0,0.8528565312970331,1,0,0,0,0,1,1,1,1,0.9601346831255871,1.1643327441188605,1.0,0.0,1.0,0.0,0.0,1.0,0.0
1.0,0,1,0,-0.9032517065789546,1,0,1,0,0,1,0,0,1,-0.32489062256323403,-0.7497480418663666,0.0,0.0,0.0,0.0,1.0,0.0,0.0
0.0,0,1,1,0.36277981375024587,1,0,1,0,0,1,1,1,1,0.33431067061479763,0.4150642003026675,0.0,0.0,1.0,0.0,1.0,0.0,0.0
0.0,0,0,0,0.5669784460614072,1,0,0,0,0,0,0,1,0,-0.30152652609616465,0.1932036739570457,0.0,0.0,1.0,0.0,1.0,0.0,0.0
0.0,1,0,0,-0.37233526256993504,1,0,0,1,0,0,1,1,1,1.0035251479930019,0.01740100146685529,1.0,0.0,0.0,0.0,0.0,1.0,0.0
0.0,0,0,0,-1.1482900653523482,1,0,0,0,0,0,0,0,0,-1.489757717849984,-0.9657151199880918,0.0,1.0,0.0,0.0,0.0,0.0,1.0
1.0,0,0,0,-0.4540147154943996,1,1,0,0,0,0,0,0,1,0.30093338994755553,-0.3094741004004209,1.0,0.0,0.0,0.0,0.0,1.0,0.0
0.0,0,1,1,0.19942090790131678,1,1,0,0,0,0,0,0,0,-1.2761431215796342,-0.5972967679991615,0.0,1.0,0.0,0.0,0.0,0.0,1.0
0.0,0,0,0,0.4444592666747104,1,1,0,0,0,0,0,0,1,-1.3011760820800657,-0.47426825639691816,0.0,1.0,0.0,1.0,1.0,0.0,0.0
0.0,0,0,0,0.07690172851461995,1,0,0,0,0,0,0,0,0,-1.479744533649811,-0.7033343571747754,0.0,1.0,0.0,0.0,0.0,0.0,1.0
0.0,0,1,0,0.07690172851461995,1,1,0,0,0,0,1,1,1,1.1003192619280042,0.42391549235214204,1.0,0.0,0.0,0.0,0.0,1.0,0.0
1.0,0,1,1,0.5261387195991749,1,1,0,1,1,0,1,1,0,0.4694886573171281,0.598761869470153,0.0,0.0,1.0,0.0,1.0,0.0,0.0
1.0,0,0,0,0.8120168048348009,1,1,1,0,1,1,1,1,1,1.4891645817013743,1.546495062154462,1.0,0.0,0.0,1.0,0.0,1.0,0.0
0.0,1,0,0,-0.24981608318323825,1,1,1,1,0,0,0,1,1,1.0118694681598124,0.1079599492695188,1.0,0.0,0.0,0.0,0.0,1.0,0.0
0.0,0,1,1,0.6486578989858718,0,0,0,0,0,1,0,0,1,-1.1743424155445459,-0.36980966655676334,0.0,0.0,0.0,0.0,1.0,0.0,0.0
1.0,0,0,0,-0.5765338948810964,1,1,1,0,0,0,0,0,0,-0.2815001576958194,-0.5713878352412777,0.0,0.0,0.0,0.0,0.0,0.0,1.0
0.0,0,1,1,1.5879716076172141,1,1,1,1,1,0,1,1,1,1.4791513975012018,2.405114869808007,1.0,0.0,0.0,1.0,0.0,0.0,0.0
0.0,1,1,0,-1.1891297918145805,1,0,0,1,0,0,0,0,1,0.33097294254807313,-0.8964393040732351,1.0,0.0,0.0,0.0,0.0,0.0,0.0
0.0,0,0,0,1.0570551636081944,1,1,1,0,0,0,0,0,1,0.5045348020177323,1.0107250200341364,1.0,0.0,0.0,0.0,0.0,0.0,0.0
0.0,0,0,0,-1.1482900653523482,1,1,0,0,0,0,0,0,0,-1.3612551872811016,-0.9593991226462558,0.0,1.0,1.0,0.0,0.0,1.0,0.0
0.0,1,0,0,1.3020935223815882,1,1,0,1,1,1,0,1,0,0.33264180658143566,1.1630650967650413,0.0,0.0,0.0,0.0,1.0,0.0,0.0
0.0,0,0,0,-1.1891297918145805,1,0,1,0,1,0,1,1,1,1.1453785908287808,-0.8749337779128284,1.0,0.0,0.0,0.0,1.0,0.0,0.0
1.0,1,1,0,1.0978948900704268,0,0,0,1,0,0,1,1,1,-0.481763841699272,0.3304654190056801,0.0,0.0,0.0,0.0,0.0,1.0,0.0
1.0,0,1,0,1.3837729753060528,1,1,0,1,0,1,1,1,1,1.3139338581983533,2.061827070622861,1.0,0.0,1.0,0.0,0.0,1.0,0.0
0.0,0,0,0,-0.658213347805561,1,0,0,1,0,0,0,0,0,0.3476615828816942,-0.4633042187577451,1.0,0.0,0.0,0.0,0.0,0.0,0.0
0.0,1,1,0,1.3429332488438204,1,1,0,1,1,0,1,1,1,1.4724759413677533,2.147426626146548,1.0,0.0,0.0,0.0,0.0,0.0,0.0
1.0,0,0,0,-1.270809244739045,1,0,0,0,0,0,1,1,1,0.8199501043231703,-0.9630686281441535,1.0,0.0,0.0,0.0,0.0,1.0,0.0
0.0,1,1,0,-1.1891297918145805,0,0,0,1,0,0,0,0,1,-1.1326208147104933,-0.9659152748334318,0.0,0.0,0.0,0.0,0.0,1.0,0.0
0.0,0,0,0,0.6078181725236395,1,1,1,1,0,1,0,1,0,0.3126154381810901,0.552348184778562,0.0,0.0,0.0,1.0,0.0,0.0,1.0
1.0,0,0,0,-1.270809244739045,1,1,0,0,0,0,1,0,1,0.6664146132538568,-0.9651146554520722,1.0,0.0,0.0,0.0,0.0,0.0,1.0
1.0,1,0,0,-0.24981608318323825,1,1,0,0,0,0,1,1,1,0.9651412752256733,0.06655013571142465,1.0,0.0,0.0,0.0,0.0,1.0,0.0
1.0,0,0,0,0.19942090790131678,1,0,0,1,0,0,1,1,1,1.0485844768937784,0.6192888608311202,1.0,0.0,0.0,0.0,1.0,0.0,0.0
1.0,0,0,0,-0.04561745087207687,1,1,0,1,1,0,1,1,1,1.2939074897980083,0.361155828624461,1.0,0.0,1.0,0.0,0.0,1.0,0.0
0.0,0,1,1,0.03606200205238767,1,1,0,0,0,0,0,1,0,0.7164805342547199,0.2184899027516499,1.0,0.0,0.0,0.0,1.0,0.0,0.0
0.0,0,0,0,1.261253795919356,1,1,0,1,0,0,1,1,0,1.175418143429299,1.7269012960874697,1.0,0.0,1.0,0.0,0.0,0.0,0.0
0.0,0,1,0,-0.24981608318323825,1,0,0,0,0,1,0,1,0,0.7081362140879094,-0.025810205699297817,1.0,0.0,0.0,0.0,1.0,0.0,0.0
0.0,0,1,0,1.261253795919356,1,1,0,1,0,0,0,0,1,0.562945043185406,1.234097827433437,1.0,0.0,0.0,0.0,0.0,0.0,0.0
1.0,1,0,0,-1.0257708859656514,1,1,0,0,0,0,0,0,0,0.30260225398091756,-0.7602895303875998,1.0,0.0,0.0,0.0,0.0,0.0,1.0
0.0,0,0,0,-1.1891297918145805,1,0,0,1,0,1,1,1,1,0.35433703901514274,-0.8941931219199765,0.0,0.0,0.0,0.0,0.0,1.0,0.0
1.0,1,0,0,-0.33149553610770277,1,0,0,0,0,0,0,0,0,0.17743745147875964,-0.23212537239018918,1.0,0.0,0.0,0.0,1.0,0.0,0.0
0.0,0,0,0,0.4444592666747104,1,1,1,1,1,1,1,1,0,1.6810839455380167,1.1745184018039343,1.0,0.0,0.0,1.0,1.0,0.0,0.0
1.0,1,0,0,-1.0257708859656514,0,0,0,1,0,1,0,1,1,-0.6770209336026384,-0.8845412104891425,0.0,0.0,0.0,0.0,0.0,1.0,0.0
1.0,0,0,1,-0.08645717733430915,1,1,0,0,0,0,0,0,0,-1.3128581303136004,-0.6810504510602693,0.0,1.0,1.0,0.0,0.0,0.0,0.0
1.0,1,1,0,1.6288113340794463,1,1,1,1,1,0,1,1,0,0.6597391571204082,1.6214196925933557,0.0,0.0,0.0,1.0,1.0,0.0,0.0
0.0,0,1,0,1.4654524282305172,1,1,0,0,0,0,0,0,0,-1.2978383540133416,-0.15255270165395873,0.0,1.0,0.0,1.0,1.0,0.0,0.0
1.0,0,0,0,-1.107450338890116,1,1,0,1,1,0,1,1,0,1.3156027222317155,-0.7617350931594989,1.0,0.0,0.0,0.0,0.0,0.0,1.0
0.0,0,0,0,0.689497625448104,1,1,1,1,0,0,0,0,1,-0.16467967536047198,0.3023770223763178,0.0,0.0,0.0,0.0,1.0,0.0,0.0
0.0,0,0,0,-1.107450338890116,1,0,0,0,0,0,1,0,1,0.5445875388184228,-0.8294763885934169,1.0,0.0,0.0,0.0,1.0,0.0,0.0
1.0,0,1,1,-0.5356941684188642,0,0,1,1,0,0,0,0,1,-0.9924362359080762,-0.731356035522358,0.0,0.0,0.0,0.0,0.0,0.0,1.0
1.0,0,0,0,-0.6990530742677933,1,1,0,1,0,1,0,0,1,-0.20306354812780036,-0.5847982098790493,0.0,0.0,0.0,0.0,1.0,0.0,0.0
1.0,0,0,0,-1.0257708859656514,0,0,0,0,1,1,0,0,1,-0.9740787315410931,-0.891769024348638,0.0,0.0,1.0,0.0,1.0,0.0,0.0
1.0,0,0,0,-0.24981608318323825,1,0,1,0,0,1,1,1,0,0.3443238548149702,-0.1539537855713379,0.0,0.0,1.0,0.0,0.0,0.0,0.0
1.0,0,0,0,-0.4131749890321673,1,1,1,1,0,0,0,0,0,-0.18971263586090356,-0.4446898181411366,0.0,0.0,0.0,0.0,0.0,1.0,0.0
0.0,0,0,0,0.6486578989858718,1,0,0,1,0,0,0,0,0,0.3493304469150567,0.6752654992445053,1.0,0.0,1.0,0.0,0.0,1.0,0.0
0.0,0,1,0,1.6288113340794463,1,1,0,0,0,0,0,0,0,-1.2761431215796342,-0.15121833601835957,0.0,1.0,0.0,1.0,1.0,0.0,0.0
0.0,0,1,0,-0.9849311595034191,1,1,0,0,0,1,0,1,1,0.8533273849904124,-0.671954525310935,1.0,0.0,0.0,0.0,0.0,1.0,0.0
0.0,1,1,0,0.4852989931369427,1,1,0,0,1,1,1,1,0,1.317271586265078,0.9968476174239047,1.0,0.0,0.0,0.0,0.0,1.0,0.0
1.0,1,1,0,-0.08645717733430915,1,1,0,0,0,0,0,0,0,0.4411179687499725,0.04313201880665921,1.0,0.0,0.0,0.0,0.0,0.0,1.0
0.0,1,1,1,0.6486578989858718,1,0,1,0,1,1,1,1,1,1.3289536344986124,1.2514445806962262,1.0,0.0,0.0,0.0,0.0,1.0,0.0
0.0,0,0,0,0.19942090790131678,1,1,0,0,0,1,1,1,0,1.1887690556961954,0.5724081481670694,1.0,0.0,0.0,0.0,1.0,0.0,0.0
0.0,0,0,0,1.261253795919356,1,0,0,0,1,0,0,1,0,-0.2047324121611626,0.5555506623039999,0.0,0.0,1.0,0.0,1.0,0.0,0.0
0.0,0,1,0,-0.9849311595034191,1,0,0,0,0,0,0,0,0,-1.4864199897832595,-0.9332677956157721,0.0,1.0,0.0,0.0,0.0,0.0,0.0
1.0,0,1,0,-0.20897635672100598,1,1,1,0,0,1,1,1,0,0.5395809467183363,-0.022296376192219965,0.0,0.0,1.0,0.0,0.0,0.0,1.0
0.0,0,0,0,0.3219400872880136,1,1,0,0,0,0,0,1,0,0.6397127887200627,0.5683383329784919,1.0,0.0,0.0,0.0,0.0,0.0,0.0
1.0,0,0,0,-1.270809244739045,1,0,0,0,0,1,0,0,1,0.32095975834790064,-0.9697182168948894,1.0,0.0,0.0,0.0,0.0,0.0,1.0
0.0,0,1,1,0.5261387195991749,1,0,0,0,0,0,0,0,0,-1.46305589331619,-0.6059479052032961,0.0,1.0,0.0,1.0,0.0,0.0,1.0
0.0,0,0,0,-1.270809244739045,1,1,0,0,0,0,0,1,1,0.6780966614873912,-0.9649589794612523,1.0,0.0,0.0,0.0,0.0,1.0,0.0
0.0,1,0,0,-0.7398928007300255,1,0,1,1,0,0,0,0,0,0.47282638538385213,-0.5384957223237582,1.0,0.0,0.0,0.0,0.0,1.0,0.0
1.0,1,0,0,-1.270809244739045,1,0,0,0,0,0,0,0,0,0.14739789887824156,-0.972031117329928,1.0,0.0,0.0,0.0,0.0,1.0,0.0
0.0,0,1,1,-1.0666106124278838,1,0,0,0,0,0,0,0,0,-1.524803862550588,-0.9558408142846581,0.0,1.0,1.0,0.0,1.0,0.0,0.0
1.0,0,1,0,0.24026063436354905,1,1,1,0,1,1,1,1,1,1.5358927746355135,0.9670245454682636,1.0,0.0,1.0,0.0,0.0,1.0,0.0
1.0,0,0,0,-0.6173736213433287,1,0,0,0,0,0,0,0,1,0.20413927601255324,-0.4659062317471634,1.0,0.0,0.0,0.0,0.0,1.0,0.0
1.0,0,1,0,0.8120168048348009,1,1,0,1,0,1,0,1,1,1.03356470059352,1.2604960275910404,1.0,0.0,0.0,0.0,1.0,0.0,0.0
0.0,0,1,1,0.36277981375024587,1,1,0,1,1,1,1,1,1,1.482489125567926,0.9784333716526363,1.0,0.0,1.0,0.0,0.0,0.0,0.0
0.0,0,0,0,-0.82157225365449,1,1,0,0,0,0,0,1,1,0.7298314465216165,-0.5282211069296445,1.0,0.0,0.0,0.0,0.0,1.0,0.0
0.0,0,1,1,-0.7398928007300255,1,1,0,1,0,0,0,1,1,0.8750226174241199,-0.44277722739677783,1.0,0.0,0.0,0.0,0.0,0.0,0.0
1.0,0,0,0,-1.1891297918145805,1,0,1,0,0,1,1,0,1,-0.009475320257795981,-0.915743126934903,0.0,0.0,0.0,0.0,1.0,0.0,0.0
0.0,0,1,1,-0.33149553610770277,1,1,1,0,1,0,1,1,0,0.4644820652170416,-0.1813972388101607,0.0,0.0,0.0,1.0,1.0,0.0,0.0
0.0,0,0,0,-1.229969518276813,0,0,0,0,0,0,0,1,1,-1.0007805560748868,-0.9750779188645461,0.0,0.0,0.0,0.0,0.0,1.0,0.0
1.0,0,0,0,-1.1482900653523482,1,0,0,0,0,0,0,0,1,-1.5031086301168806,-0.9727205395749874,0.0,1.0,0.0,0.0,0.0,0.0,1.0
1.0,0,1,1,1.6288113340794463,1,1,1,1,1,1,1,1,1,0.8650094332239469,1.8624950840916052,0.0,0.0,0.0,1.0,1.0,0.0,0.0
1.0,0,1,0,0.689497625448104,1,0,0,1,0,0,1,1,1,1.0051940120263638,1.0835813837378505,1.0,0.0,0.0,1.0,0.0,1.0,0.0
1.0,1,0,0,-0.33149553610770277,1,1,0,0,0,0,0,0,1,0.3810388635489363,-0.2409766644396636,1.0,0.0,0.0,0.0,0.0,1.0,0.0
1.0,0,0,0,-0.9440914330411869,0,0,0,0,0,0,1,1,1,-0.6436436529353963,-0.8164885630735849,0.0,0.0,0.0,0.0,0.0,1.0,0.0
0.0,0,1,1,-1.1891297918145805,0,0,0,0,0,1,0,0,1,-1.1242764945436827,-0.9604888545819951,0.0,0.0,0.0,0.0,0.0,0.0,1.0
0.0,1,1,0,-0.24981608318323825,1,1,0,0,1,0,1,1,1,1.1153390382282626,0.11396459462971506,1.0,0.0,0.0,0.0,0.0,0.0,0.0
0.0,1,0,0,-0.6990530742677933,1,1,0,1,0,0,1,0,0,0.8116057841563598,-0.42974492302242595,1.0,0.0,0.0,0.0,1.0,0.0,0.0
1.0,0,1,0,1.1795743429948913,1,1,1,0,1,1,1,0,0,1.158729503095678,1.6409014308731031,1.0,0.0,0.0,0.0,0.0,0.0,0.0
1.0,1,1,0,-0.0047777244098446,1,0,0,0,0,0,0,1,1,0.5212234423513533,0.10166619135494288,1.0,0.0,0.0,0.0,1.0,0.0,0.0
0.0,0,0,0,-1.270809244739045,1,0,0,0,0,0,0,0,0,-1.49476430995007,-0.9939147137537543,0.0,1.0,0.0,0.0,0.0,0.0,1.0
1.0,0,1,1,1.547131881154982,1,1,0,1,1,1,1,1,1,0.7098050781212714,1.6356084471852266,0.0,0.0,0.0,1.0,1.0,0.0,0.0
0.0,0,1,1,-1.229969518276813,1,0,0,0,0,0,1,1,0,0.03391514460961866,-0.943008664755646,0.0,0.0,0.0,0.0,0.0,0.0,1.0
1.0,1,1,0,1.3020935223815882,1,1,0,0,0,0,0,0,0,-1.302844946113428,-0.22847810631955143,0.0,1.0,0.0,1.0,1.0,0.0,0.0
0.0,1,0,0,1.6288113340794463,1,1,1,1,1,1,1,1,1,1.7578516910726734,2.7495813586379323,1.0,0.0,0.0,1.0,1.0,0.0,0.0
0.0,0,1,1,-0.33149553610770277,1,0,0,0,0,0,0,0,0,-1.49476430995007,-0.7654713169391767,0.0,1.0,1.0,0.0,0.0,0.0,1.0
0.0,0,0,1,-1.1891297918145805,1,0,0,0,0,0,0,0,1,-1.4730690775163628,-0.9772351433087647,0.0,1.0,1.0,0.0,1.0,0.0,0.0
1.0,0,0,0,-1.270809244739045,1,0,0,0,1,0,0,0,1,-0.5017902100996173,-0.9806822545340625,0.0,0.0,0.0,0.0,0.0,0.0,1.0
1.0,0,1,1,-1.0257708859656514,0,0,1,0,0,1,0,0,1,-1.0074560122083351,-0.8785588045562062,0.0,0.0,0.0,0.0,0.0,1.0,0.0
0.0,0,1,0,1.2204140694571237,1,1,0,0,1,0,1,1,1,1.2238152003967995,1.739221938789502,1.0,0.0,0.0,0.0,0.0,1.0,0.0
0.0,0,1,0,1.1795743429948913,1,1,0,0,1,1,1,1,1,1.2889008976979217,1.896521407799384,1.0,0.0,1.0,0.0,0.0,0.0,0.0
1.0,0,0,1,0.1585811814390845,1,0,0,1,0,0,1,1,1,1.0018562839596399,0.5595537592107974,1.0,0.0,0.0,0.0,0.0,1.0,0.0
0.0,1,0,0,-1.229969518276813,1,0,0,0,0,0,0,0,1,0.18411290761220817,-0.951192773987321,1.0,0.0,0.0,0.0,0.0,0.0,0.0
0.0,0,1,0,-0.24981608318323825,1,1,0,1,0,0,0,0,0,0.48784616168411116,-0.10616125638962767,1.0,0.0,0.0,0.0,0.0,0.0,0.0
0.0,0,0,0,-1.0257708859656514,1,0,0,0,0,0,1,0,1,0.5011970739510082,-0.7420976788889313,1.0,0.0,0.0,0.0,0.0,1.0,0.0
1.0,0,0,0,-0.9440914330411869,1,1,0,0,0,0,0,1,0,-0.1596730832603857,-0.7615126988868991,0.0,0.0,0.0,0.0,0.0,0.0,1.0
1.0,0,0,0,-1.270809244739045,1,0,0,0,0,0,0,0,1,-0.6352993327685857,-0.9824614087148614,0.0,0.0,0.0,0.0,0.0,1.0,0.0
0.0,0,0,0,-0.08645717733430915,1,0,1,1,1,1,1,1,0,0.6897787097209258,0.12272692897014972,0.0,0.0,1.0,0.0,0.0,0.0,0.0
0.0,0,1,0,-0.1681366302587737,1,1,0,0,0,0,0,0,0,-1.306182674180152,-0.7037791457199751,0.0,1.0,1.0,0.0,0.0,0.0,1.0
1.0,1,1,0,-0.08645717733430915,1,1,0,0,1,0,1,1,0,0.33931726271488366,-0.032348597313733664,0.0,0.0,0.0,1.0,0.0,1.0,0.0
1.0,0,0,0,1.0570551636081944,1,0,0,0,0,0,0,0,1,-1.5197972704505016,-0.5421874672489159,0.0,1.0,0.0,1.0,0.0,0.0,0.0
0.0,0,1,0,1.6288113340794463,1,1,1,0,1,1,1,1,1,0.6747589334206673,1.6950099573966497,0.0,0.0,0.0,1.0,0.0,0.0,0.0
0.0,0,0,0,-0.0047777244098446,1,1,1,0,0,0,1,1,0,0.33597953464815966,0.0126640034604782,0.0,0.0,1.0,0.0,0.0,0.0,1.0
1.0,1,1,0,-0.33149553610770277,1,1,0,1,1,0,1,1,1,1.3206093143318018,0.07980483435837647,1.0,0.0,0.0,0.0,0.0,1.0,0.0
1.0,1,0,0,-1.0666106124278838,1,0,0,0,0,0,0,0,0,-0.6670077494024657,-0.8797819730555054,0.0,0.0,0.0,0.0,1.0,0.0,0.0
0.0,0,1,0,0.6486578989858718,1,0,0,1,1,0,1,1,1,1.0802928935276586,1.08460439739181,1.0,0.0,1.0,0.0,0.0,1.0,0.0
1.0,0,0,0,-0.12729690379654143,1,0,1,1,0,1,0,0,1,-0.1980569560277141,-0.24831567543545902,0.0,0.0,1.0,0.0,0.0,1.0,0.0
0.0,0,1,1,-0.7398928007300255,1,1,0,0,1,0,0,1,1,0.7531955429886861,-0.44295514281485776,1.0,0.0,0.0,0.0,0.0,1.0,0.0
0.0,0,1,0,-0.6990530742677933,1,0,0,0,0,0,1,1,0,0.7832350955892041,-0.38424305484849436,1.0,0.0,0.0,0.0,0.0,1.0,0.0
1.0,0,1,1,-0.9440914330411869,1,1,0,0,1,0,1,0,1,0.8566651130571363,-0.6612128819443617,1.0,0.0,1.0,0.0,0.0,1.0,0.0
0.0,0,1,0,-1.1482900653523482,1,0,0,0,0,0,0,0,0,-1.5047774941502425,-0.9612005162543148,0.0,1.0,0.0,0.0,0.0,0.0,1.0
1.0,0,0,1,-1.270809244739045,1,0,0,0,0,0,0,0,0,-1.496433173983432,-0.9939369531810143,0.0,1.0,0.0,0.0,0.0,0.0,1.0
0.0,0,1,0,-0.1681366302587737,1,0,0,0,0,0,0,0,0,-1.4747379415497248,-0.7523278154285249,0.0,1.0,0.0,0.0,0.0,0.0,1.0
0.0,0,1,1,1.3429332488438204,1,1,0,1,1,1,1,1,1,1.5392305027022375,2.220127313859442,1.0,0.0,0.0,1.0,1.0,0.0,0.0
0.0,0,0,0,-0.7807325271922578,1,0,0,0,0,0,0,0,0,-1.4847511257498973,-0.8812275358274045,0.0,1.0,1.0,0.0,0.0,0.0,1.0
0.0,0,0,0,-0.4131749890321673,1,0,0,1,0,0,0,1,1,0.6547325650203217,-0.17739414190336322,1.0,0.0,0.0,0.0,0.0,0.0,1.0
1.0,0,1,1,-0.82157225365449,1,1,0,0,0,0,0,0,1,-1.3111892662802385,-0.8635471911557155,0.0,1.0,0.0,1.0,0.0,0.0,0.0
0.0,1,1,0,0.97537571068373,1,1,0,0,1,0,1,1,1,1.2004511039297305,1.5272134787200544,1.0,0.0,0.0,0.0,0.0,0.0,0.0
1.0,0,1,1,0.40361954021247815,1,0,1,1,0,0,0,0,0,-0.33991039886349306,0.020759154983113277,0.0,0.0,0.0,0.0,0.0,0.0,1.0
0.0,1,0,0,-1.1482900653523482,1,1,1,0,0,0,0,0,1,0.5195545783179912,-0.867683724626073,1.0,0.0,0.0,0.0,0.0,1.0,0.0
0.0,0,0,0,-1.107450338890116,1,1,0,1,0,0,0,1,1,-0.022826232524693017,-0.8380830469430315,0.0,0.0,0.0,0.0,0.0,1.0,0.0
1.0,0,1,0,0.97537571068373,1,0,0,0,0,0,0,0,0,-1.4930954459167078,-0.5016005124994412,0.0,1.0,1.0,0.0,1.0,0.0,0.0
1.0,1,0,0,-0.9849311595034191,1,0,0,0,0,0,0,0,1,0.1674242672785871,-0.7533063502279643,1.0,0.0,0.0,0.0,0.0,1.0,0.0
0.0,0,1,0,1.6288113340794463,1,1,1,1,1,1,1,1,1,1.6961037218382755,2.6946499733057663,1.0,0.0,0.0,1.0,0.0,0.0,0.0
1.0,0,1,0,-1.0666106124278838,1,1,0,0,0,0,0,0,0,-1.321202450480411,-0.9267071645740762,0.0,1.0,1.0,0.0,0.0,0.0,1.0
1.0,0,0,0,-0.9032517065789546,1,0,1,1,1,0,1,1,1,1.3256159064318884,-0.5217494335969886,1.0,0.0,0.0,0.0,0.0,1.0,0.0
1.0,0,1,0,0.19942090790131678,1,1,1,0,0,0,0,0,1,-0.32155289449651,-0.0995116676388918,0.0,0.0,0.0,0.0,0.0,0.0,1.0
1.0,1,0,0,0.03606200205238767,0,0,0,0,1,1,1,1,1,-0.3365726707967688,-0.20050090682648883,0.0,0.0,0.0,0.0,0.0,1.0,0.0
1.0,1,0,0,-1.1482900653523482,1,0,1,0,0,0,0,0,0,0.3560059030485047,-0.8811608175456246,1.0,0.0,0.0,0.0,0.0,1.0,0.0
1.0,0,0,0,-0.12729690379654143,1,0,0,0,1,1,1,1,1,0.3560059030485047,-0.004704989229570851,0.0,0.0,1.0,0.0,0.0,0.0,0.0
1.0,0,0,0,-0.37233526256993504,1,1,0,0,0,0,0,0,1,0.34265499078160816,-0.24197743866636298,1.0,0.0,0.0,0.0,0.0,1.0,0.0
0.0,1,0,0,0.689497625448104,1,1,0,0,1,0,0,1,1,0.8733537533907574,1.0058323460369394,1.0,0.0,0.0,0.0,1.0,0.0,0.0
1.0,0,1,1,1.3837729753060528,1,1,0,0,0,0,0,0,1,-1.3145269943469626,-0.25892388223847246,0.0,1.0,0.0,1.0,1.0,0.0,0.0
1.0,0,1,1,-0.20897635672100598,1,0,1,1,0,0,0,0,1,-0.33156607869668253,-0.3310018659880875,0.0,0.0,0.0,0.0,1.0,0.0,0.0
1.0,1,1,0,1.5879716076172141,1,0,0,1,1,1,0,1,1,1.0285581084934334,1.9804974851330914,1.0,0.0,0.0,1.0,1.0,0.0,0.0
1.0,0,1,1,0.97537571068373,1,1,0,1,0,1,1,0,1,1.0769551654609346,1.413414329430705,1.0,0.0,0.0,0.0,1.0,0.0,0.0
0.0,0,0,0,-1.270809244739045,1,0,0,0,0,0,0,0,0,0.21415246021272577,-0.9711415402395286,1.0,0.0,0.0,0.0,0.0,0.0,1.0
0.0,1,1,0,-0.12729690379654143,0,0,1,0,1,0,0,1,1,-0.656994565202293,-0.4562765597435894,0.0,0.0,0.0,0.0,0.0,1.0,0.0
0.0,1,0,0,-1.0257708859656514,1,0,0,1,1,0,1,0,1,0.008882184109187083,-0.7831961404653855,0.0,0.0,0.0,0.0,0.0,1.0,0.0
1.0,0,0,0,-1.229969518276813,1,0,0,0,0,0,0,0,1,0.2208279163461743,-0.9326006127979726,1.0,0.0,0.0,0.0,1.0,0.0,0.0
0.0,0,0,0,-1.270809244739045,1,0,0,0,0,0,0,0,0,-1.5147906783504155,-0.9941815868808741,0.0,1.0,0.0,0.0,0.0,1.0,0.0
1.0,1,0,0,0.8936962577592654,1,1,0,1,0,0,0,1,1,0.8466519288569638,1.190842141412764,1.0,0.0,0.0,0.0,0.0,1.0,0.0
1.0,1,1,0,-1.270809244739045,0,0,0,0,0,0,0,0,0,-1.3228713145137732,-0.9916240527459756,0.0,0.0,0.0,0.0,0.0,1.0,0.0
0.0,0,1,0,1.6288113340794463,1,1,1,1,1,1,1,1,0,1.684421673604741,2.7110849100508965,1.0,0.0,0.0,1.0,0.0,1.0,0.0
0.0,0,1,1,1.5879716076172141,1,1,1,1,1,1,1,1,0,1.6660641692377576,2.6001324074508254,1.0,0.0,0.0,1.0,0.0,0.0,0.0
1.0,0,1,0,-0.8624119801167224,1,1,0,1,0,0,0,0,1,0.5278988984848018,-0.6038351596135973,1.0,0.0,0.0,0.0,0.0,0.0,0.0
0.0,0,1,1,-1.107450338890116,1,0,0,0,0,0,1,0,1,0.5395809467183363,-0.8443768048576076,1.0,0.0,0.0,0.0,0.0,1.0,0.0
1.0,0,0,0,1.0162154371459622,1,1,0,0,0,0,1,0,1,0.7415134947551515,1.1941558160745018,1.0,0.0,1.0,0.0,0.0,1.0,0.0
1.0,0,1,1,1.547131881154982,1,1,1,1,1,1,1,1,1,1.7311498665388798,2.6232836512284714,1.0,0.0,0.0,1.0,1.0,0.0,0.0
1.0,0,1,1,0.7711770783725685,1,0,1,0,0,1,1,1,1,0.39105204774910934,0.7613988010224316,0.0,0.0,1.0,0.0,0.0,0.0,0.0
1.0,0,0,0,1.4654524282305172,1,1,0,1,1,1,1,1,0,1.4607938931342188,2.189281228249842,1.0,0.0,1.0,0.0,0.0,1.0,0.0
0.0,0,0,1,-0.5356941684188642,1,0,0,0,0,1,0,0,0,-0.5301608986667732,-0.5785934096735131,0.0,0.0,0.0,0.0,0.0,0.0,1.0
0.0,1,0,0,0.5261387195991749,1,1,1,0,0,1,0,1,1,0.17910631551212164,0.3593766744436621,0.0,0.0,0.0,0.0,0.0,1.0,0.0
0.0,0,0,1,-0.658213347805561,1,0,0,0,0,0,1,0,1,0.5445875388184228,-0.4191367162194125,1.0,0.0,0.0,0.0,0.0,1.0,0.0
0.0,0,1,0,1.1795743429948913,1,1,0,0,0,1,1,1,0,1.2171397442633516,1.8367195878972808,1.0,0.0,1.0,0.0,0.0,0.0,0.0
0.0,0,1,1,1.6288113340794463,1,0,1,0,1,1,1,1,1,0.5262300344514398,1.6156374415057593,0.0,0.0,0.0,1.0,0.0,0.0,0.0
0.0,1,1,0,1.5062921546927495,1,1,0,1,0,1,1,1,0,1.3589931870991305,2.110286782622371,1.0,0.0,0.0,1.0,1.0,0.0,0.0
1.0,0,1,1,-0.6990530742677933,1,0,0,0,0,0,0,0,1,-1.508115222216967,-0.8961279520915952,0.0,1.0,1.0,0.0,0.0,0.0,1.0
1.0,0,1,1,-0.37233526256993504,1,0,0,0,0,0,0,0,0,-1.5047774941502425,-0.812996972993767,0.0,1.0,0.0,1.0,1.0,0.0,0.0
0.0,0,1,1,-0.7807325271922578,1,0,1,0,1,0,0,1,1,-0.051196921091848854,-0.6394627220840953,0.0,0.0,0.0,0.0,0.0,0.0,1.0
0.0,0,1,1,-0.1681366302587737,1,1,0,0,0,0,0,0,0,-0.4934458899328068,-0.3755029599353198,0.0,0.0,0.0,0.0,0.0,0.0,1.0
0.0,0,1,1,-0.9032517065789546,1,0,0,0,0,0,0,0,0,-1.4864199897832595,-0.90455669502313,0.0,1.0,0.0,1.0,0.0,0.0,1.0
1.0,0,0,0,-1.107450338890116,1,1,0,0,1,0,1,0,1,0.9284262664917071,-0.8014102313913143,1.0,0.0,0.0,0.0,0.0,1.0,0.0
0.0,1,1,0,0.6486578989858718,1,0,0,0,0,0,0,0,1,0.1991326839124672,0.5740316263570484,1.0,0.0,0.0,0.0,0.0,0.0,0.0
0.0,1,1,0,0.40361954021247815,1,1,0,0,0,0,1,1,1,1.0135383321931744,0.7517024107370777,1.0,0.0,0.0,0.0,0.0,1.0,0.0
1.0,0,0,0,-1.270809244739045,1,1,0,1,0,0,0,0,1,0.48283956958402513,-0.9675609924506707,1.0,0.0,0.0,0.0,0.0,1.0,0.0
1.0,1,1,0,-0.7807325271922578,1,1,0,0,0,0,1,1,1,1.020213788326623,-0.45405261701759075,1.0,0.0,0.0,0.0,0.0,1.0,0.0
1.0,1,1,1,1.138734616532659,1,1,1,0,0,0,0,0,1,0.5429186747850608,1.1585060141767443,1.0,0.0,0.0,0.0,0.0,1.0,0.0
1.0,0,0,0,1.138734616532659,1,0,1,0,1,1,1,1,0,0.4778329774839386,1.1327082785551603,0.0,0.0,1.0,0.0,0.0,0.0,1.0
1.0,0,1,0,-0.9440914330411869,1,0,0,1,1,1,1,0,1,1.0068628760597258,-0.6066373274483557,1.0,0.0,0.0,0.0,0.0,0.0,1.0
0.0,0,0,0,-0.1681366302587737,1,0,0,1,0,1,0,0,0,-0.3349038067634068,-0.3277993884626495,0.0,0.0,0.0,0.0,0.0,0.0,0.0
1.0,0,0,0,-1.270809244739045,1,0,0,0,0,0,0,0,1,-0.7270868546035015,-0.9836845772141606,0.0,0.0,0.0,0.0,0.0,1.0,0.0
1.0,0,0,0,0.6486578989858718,1,1,1,0,0,1,0,1,1,1.0252203804267095,0.9744525141730989,1.0,0.0,0.0,0.0,0.0,1.0,0.0
1.0,0,1,1,1.1795743429948913,1,0,0,0,0,0,0,0,0,-1.478075669616449,-0.45725509454302876,0.0,1.0,1.0,0.0,0.0,0.0,1.0
1.0,0,1,1,-0.5356941684188642,1,1,0,0,0,0,0,0,0,-0.4867704337993583,-0.5978082748261412,0.0,0.0,0.0,0.0,1.0,0.0,0.0
1.0,0,0,0,-1.1482900653523482,1,0,0,0,0,0,0,0,1,-1.4930954459167078,-0.9764122845001452,0.0,1.0,0.0,0.0,0.0,0.0,1.0
1.0,0,0,0,-1.1482900653523482,1,0,0,0,0,1,1,0,1,-0.1129448903262468,-0.8918357426304179,0.0,0.0,0.0,0.0,0.0,1.0,0.0
0.0,0,0,0,1.6288113340794463,1,0,0,0,0,0,0,0,0,-1.4830822617165353,-0.30582683432978314,0.0,1.0,0.0,1.0,1.0,0.0,0.0
0.0,1,1,0,-1.270809244739045,1,1,0,0,1,0,1,1,1,1.2054576960298165,-0.9579313204470966,1.0,0.0,0.0,0.0,0.0,1.0,0.0
1.0,0,1,1,-0.6990530742677933,1,0,1,0,0,0,0,0,0,0.3476615828816942,-0.49056975657848806,1.0,0.0,0.0,0.0,0.0,0.0,1.0
1.0,0,1,1,-1.1482900653523482,1,1,0,0,0,0,0,0,0,-1.354579731147653,-0.9702519631491291,0.0,1.0,1.0,0.0,1.0,0.0,0.0
0.0,0,0,0,-1.1482900653523482,1,1,0,0,0,0,0,0,1,-1.3145269943469626,-0.9507479854421212,0.0,1.0,0.0,1.0,1.0,0.0,0.0
0.0,0,1,1,1.0978948900704268,1,0,0,0,0,0,0,0,0,-1.4714002134830004,-0.4307679366763853,0.0,1.0,0.0,1.0,0.0,0.0,1.0
0.0,0,0,0,1.3837729753060528,1,1,1,1,1,1,1,0,1,1.3306224985319743,2.012477781532952,1.0,0.0,1.0,0.0,0.0,0.0,0.0
0.0,0,1,1,-1.0666106124278838,1,0,0,0,0,0,0,0,0,-0.640305924868672,-0.8759123127122679,0.0,0.0,0.0,0.0,0.0,0.0,1.0
1.0,0,0,0,-1.270809244739045,1,0,0,0,0,0,0,0,1,0.1624176751785006,-0.971830962484588,1.0,0.0,0.0,0.0,0.0,1.0,0.0
0.0,0,0,0,1.138734616532659,1,0,1,0,1,1,1,1,1,1.3439734107988714,1.771268953471142,1.0,0.0,0.0,0.0,0.0,0.0,0.0
1.0,0,1,1,-0.7807325271922578,1,0,1,0,0,0,0,0,1,-0.49177702589944455,-0.7414749749256516,0.0,0.0,0.0,0.0,0.0,0.0,1.0
0.0,0,1,1,-1.107450338890116,0,0,0,1,0,1,0,0,0,-1.0158003323751457,-0.930020839235814,0.0,0.0,0.0,0.0,0.0,1.0,0.0
0.0,0,0,0,-1.270809244739045,1,0,0,0,0,0,0,0,0,-0.6519879731022068,-0.9826838029874613,0.0,0.0,0.0,0.0,0.0,1.0,0.0
1.0,0,1,1,1.6288113340794463,1,0,1,0,1,1,1,1,1,1.3423045467655095,2.3596352410613357,1.0,0.0,0.0,1.0,1.0,0.0,0.0
0.0,0,1,1,1.1795743429948913,1,1,1,1,1,1,1,1,0,0.7815662315558416,1.455469086379339,0.0,0.0,0.0,1.0,0.0,0.0,1.0
1.0,1,0,0,-0.5356941684188642,1,0,1,0,0,0,0,1,1,0.754864407022048,-0.27451372074772273,1.0,0.0,0.0,0.0,0.0,1.0,0.0
0.0,0,0,0,-0.6173736213433287,1,1,1,1,0,0,1,0,1,0.9918430997594673,-0.2833205339426772,1.0,0.0,0.0,0.0,0.0,1.0,0.0
1.0,0,0,0,-0.37233526256993504,1,1,0,0,1,1,1,0,1,1.0752863014275726,-0.07518173421646704,1.0,0.0,0.0,0.0,1.0,0.0,0.0
0.0,0,1,0,-1.229969518276813,1,0,0,0,0,0,0,0,1,0.1891194997122942,-0.9492801832429622,1.0,0.0,0.0,0.0,0.0,1.0,0.0
0.0,0,1,1,1.0978948900704268,1,1,1,1,1,1,1,1,0,0.8549962490237744,1.3074879373913912,0.0,0.0,0.0,1.0,1.0,0.0,0.0
0.0,0,0,0,-1.0666106124278838,1,1,1,0,0,0,0,0,1,0.47950184151730063,-0.8095053829139492,1.0,0.0,0.0,0.0,0.0,1.0,0.0
0.0,1,1,0,-1.270809244739045,1,0,0,1,0,0,0,0,1,0.39105204774910934,-0.9687841609499699,1.0,0.0,0.0,0.0,0.0,0.0,1.0
0.0,0,1,1,0.6078181725236395,1,0,0,0,0,0,0,0,0,-1.4830822617165353,-0.6142876904257909,0.0,1.0,0.0,1.0,1.0,0.0,0.0
0.0,0,0,0,-0.9440914330411869,1,0,0,0,0,0,0,0,0,0.21081473214600174,-0.7036234697291552,1.0,0.0,0.0,0.0,0.0,1.0,0.0
1.0,0,1,1,-0.5356941684188642,1,0,0,0,0,0,0,0,0,-1.4981020380167944,-0.8495363519819243,0.0,1.0,1.0,0.0,0.0,0.0,1.0
1.0,0,1,1,-0.08645717733430915,1,1,0,0,0,0,1,0,0,0.6931164377876503,0.11363100322081526,1.0,0.0,0.0,0.0,0.0,1.0,0.0
0.0,0,0,1,-0.24981608318323825,1,1,0,0,0,0,0,0,1,-0.5067968021997036,-0.43981938357119965,0.0,0.0,0.0,0.0,0.0,0.0,1.0
1.0,0,0,0,-1.0666106124278838,1,0,0,0,0,0,0,0,1,0.14739789887824156,-0.8092829886413494,1.0,0.0,0.0,0.0,0.0,1.0,0.0
0.0,0,0,0,0.8528565312970331,1,0,0,1,1,1,0,1,1,0.9935119637928294,1.240191430502673,1.0,0.0,1.0,0.0,1.0,0.0,0.0
1.0,0,0,0,-0.20897635672100598,1,0,0,0,0,0,0,0,0,-1.4814133976831734,-0.7380945819821337,0.0,1.0,1.0,0.0,0.0,0.0,1.0
0.0,1,1,0,1.1795743429948913,1,1,0,1,1,0,1,1,1,1.3256159064318884,1.8461046262009952,1.0,0.0,1.0,0.0,1.0,0.0,0.0
0.0,0,0,0,-0.1681366302587737,1,0,1,1,0,0,0,0,0,-0.2881756138292679,-0.32550872745487086,0.0,0.0,0.0,0.0,0.0,1.0,0.0
1.0,0,1,1,1.6288113340794463,1,1,1,1,1,0,1,1,1,1.5225418623686164,2.540819854948442,1.0,0.0,0.0,1.0,0.0,0.0,0.0
1.0,0,0,0,-0.24981608318323825,1,0,0,0,0,0,0,0,1,-1.4697313494496385,-0.7378944271367939,0.0,1.0,1.0,0.0,1.0,0.0,0.0
0.0,0,1,1,-0.9440914330411869,1,0,0,0,0,1,0,0,1,0.37269454338212576,-0.7147654227864083,1.0,0.0,0.0,0.0,0.0,1.0,0.0
1.0,0,1,0,-0.4540147154943996,1,1,0,0,1,1,1,1,1,1.3823572835661997,-0.0020140185311126493,1.0,0.0,0.0,0.0,0.0,1.0,0.0
1.0,0,0,0,0.8936962577592654,1,1,1,0,1,1,1,1,0,0.7481889508885995,1.1033967134264984,0.0,0.0,0.0,1.0,0.0,0.0,0.0
0.0,1,1,0,-1.1891297918145805,1,0,0,0,0,0,1,0,1,0.5245611704180778,-0.903111132251231,1.0,0.0,0.0,0.0,0.0,1.0,0.0
1.0,0,1,1,1.3837729753060528,1,1,0,0,0,0,0,0,1,-1.3011760820800657,-0.24015380563104416,0.0,1.0,1.0,0.0,1.0,0.0,0.0
0.0,0,0,0,1.1795743429948913,1,1,0,0,1,0,0,1,0,0.8182812402898082,1.4438378659223663,1.0,0.0,0.0,0.0,0.0,0.0,1.0
1.0,0,0,0,-1.1891297918145805,1,1,0,1,1,0,1,1,0,1.4441052528005978,-0.8632803180285957,1.0,0.0,0.0,0.0,0.0,0.0,1.0
1.0,0,0,0,-1.270809244739045,1,1,0,0,0,0,1,0,0,0.6614080211537702,-0.9651813737338522,1.0,0.0,0.0,0.0,0.0,1.0,0.0
0.0,0,0,0,-1.270809244739045,1,0,0,0,0,0,0,0,0,-1.5197972704505016,-0.9942483051626541,0.0,1.0,0.0,0.0,0.0,0.0,1.0
1.0,0,1,1,0.8528565312970331,1,0,1,1,0,1,1,0,1,0.1674242672785871,0.6561173523736572,0.0,0.0,0.0,1.0,0.0,0.0,1.0
0.0,0,1,0,-1.229969518276813,1,0,1,0,0,0,0,1,1,-0.08457420175909096,-0.9524604213411402,0.0,0.0,0.0,0.0,0.0,0.0,1.0
1.0,0,0,0,-0.9032517065789546,1,0,0,0,1,0,1,1,1,1.0085317400930884,-0.5362495401704996,1.0,0.0,0.0,0.0,0.0,1.0,0.0
1.0,0,0,0,0.8936962577592654,1,0,1,0,1,1,0,0,0,0.6580702930870462,0.9916880702995882,1.0,0.0,1.0,0.0,0.0,1.0,0.0
0.0,0,0,0,1.2204140694571237,1,0,0,0,0,0,0,0,1,-1.5181284064171394,-0.5029793569895603,0.0,1.0,0.0,1.0,1.0,0.0,0.0
1.0,0,1,1,-0.8624119801167224,1,0,0,0,0,0,0,0,0,-1.5031086301168806,-0.9023549917243914,0.0,1.0,0.0,1.0,0.0,0.0,1.0
1.0,0,0,0,1.2204140694571237,0,0,1,1,1,1,0,0,1,-0.7003850300697078,0.16182384209320538,0.0,0.0,0.0,1.0,0.0,0.0,0.0
0.0,1,0,0,-1.229969518276813,1,1,0,0,0,0,0,1,1,0.6463882448535112,-0.9200130969688203,1.0,0.0,0.0,0.0,0.0,1.0,0.0
1.0,0,1,0,0.24026063436354905,0,0,1,1,0,1,1,1,1,-0.15633535519366146,-0.027255768471196914,0.0,0.0,0.0,1.0,0.0,0.0,0.0
1.0,1,0,0,-0.12729690379654143,1,0,0,1,1,0,1,1,1,1.227152928463524,0.3087374985726737,1.0,0.0,0.0,0.0,0.0,0.0,0.0
1.0,1,1,1,0.7711770783725685,1,1,0,1,1,0,0,0,1,0.6513948369535977,0.8413495420220818,1.0,0.0,0.0,0.0,0.0,1.0,0.0
0.0,1,0,0,0.9345359842214976,1,1,0,0,1,0,1,1,1,1.1837624635961095,1.4034288265909713,1.0,0.0,1.0,0.0,0.0,1.0,0.0
0.0,0,1,1,1.6288113340794463,1,1,1,1,0,1,0,0,0,0.06896128931022279,1.1145609059110115,0.0,0.0,0.0,1.0,1.0,0.0,0.0
0.0,1,0,0,-0.9032517065789546,1,0,0,0,1,0,0,1,1,0.6647457492204942,-0.6177792805056088,1.0,0.0,0.0,0.0,1.0,0.0,0.0
0.0,0,1,1,1.0570551636081944,1,0,0,0,0,0,0,0,1,-0.687034117802811,0.07053099319096229,0.0,0.0,1.0,0.0,0.0,0.0,1.0
1.0,0,1,1,1.261253795919356,1,1,0,0,0,0,0,0,0,-1.33622222678067,-0.3024464413862653,0.0,1.0,0.0,1.0,1.0,0.0,0.0
1.0,0,0,0,-0.12729690379654143,0,0,0,0,0,0,0,0,1,-1.3295467706472215,-0.6522503927585873,0.0,0.0,1.0,0.0,0.0,0.0,1.0
1.0,0,0,0,-0.658213347805561,1,0,0,0,0,0,0,0,1,-1.5014397660835184,-0.8504704079268437,0.0,1.0,0.0,0.0,0.0,0.0,1.0
0.0,0,1,1,-0.6173736213433287,1,1,0,0,0,0,0,0,0,-1.354579731147653,-0.8204471811258623,0.0,1.0,0.0,0.0,0.0,0.0,1.0
1.0,0,1,0,-0.5356941684188642,1,1,1,1,0,1,0,0,1,0.8049303280229112,-0.25892388223847246,1.0,0.0,0.0,0.0,1.0,0.0,0.0
1.0,0,1,1,1.5062921546927495,1,0,0,0,0,1,1,1,1,1.018544924293261,1.9647297312057617,1.0,0.0,0.0,1.0,1.0,0.0,0.0
1.0,0,0,0,-0.658213347805561,1,0,0,0,0,0,0,0,1,-1.4714002134830004,-0.8558745887510203,0.0,1.0,0.0,0.0,1.0,0.0,0.0
0.0,0,1,1,1.3429332488438204,1,1,1,1,0,1,1,1,1,0.594653459819286,1.3168507362678454,0.0,0.0,0.0,1.0,0.0,0.0,0.0
1.0,1,1,1,1.5879716076172141,1,1,0,1,1,1,0,1,1,0.2742315654137619,1.2832914405325262,0.0,0.0,1.0,0.0,0.0,0.0,0.0
0.0,0,0,0,-1.270809244739045,1,0,0,0,0,0,1,0,0,0.4961904818509217,-0.9673830770325907,1.0,0.0,0.0,0.0,0.0,1.0,0.0
1.0,0,0,0,1.4654524282305172,1,1,1,1,1,1,1,1,1,1.7528450989725872,2.5715325039944834,1.0,0.0,1.0,0.0,1.0,0.0,0.0
1.0,1,1,0,0.36277981375024587,1,1,0,0,1,0,1,1,1,1.1720804153625743,0.8917218447659504,1.0,0.0,0.0,0.0,0.0,1.0,0.0
1.0,0,0,0,-0.37233526256993504,1,0,0,0,0,0,0,0,0,-1.4864199897832595,-0.8223597718702212,0.0,1.0,1.0,0.0,0.0,0.0,0.0
1.0,0,0,0,-1.270809244739045,1,0,0,0,0,0,0,0,0,-1.4730690775163628,-0.9936256011993744,0.0,1.0,0.0,0.0,1.0,0.0,0.0
0.0,1,1,1,-1.1482900653523482,1,0,0,0,0,0,0,0,0,-0.6236172845350509,-0.9219924059949591,0.0,0.0,0.0,0.0,0.0,1.0,0.0
0.0,0,0,0,-1.1891297918145805,1,0,0,1,0,0,1,0,0,0.6363750606533386,-0.8927920380025973,1.0,0.0,0.0,0.0,0.0,1.0,0.0
0.0,1,0,0,0.8936962577592654,1,1,0,1,0,1,1,0,0,0.24752974087996787,0.7257045202701539,0.0,0.0,1.0,0.0,0.0,0.0,1.0
1.0,0,1,1,0.24026063436354905,1,1,0,0,1,1,1,0,1,1.0085317400930884,0.6057005707752686,1.0,0.0,0.0,1.0,0.0,0.0,0.0
0.0,0,1,1,0.9345359842214976,1,0,0,0,0,0,0,0,0,-1.4580493012161038,-0.46443842954800435,0.0,1.0,0.0,1.0,0.0,0.0,1.0
1.0,0,0,0,1.3020935223815882,1,1,1,1,0,0,0,0,1,0.6547325650203217,1.349742849185365,1.0,0.0,1.0,0.0,1.0,0.0,0.0
0.0,0,0,0,-0.04561745087207687,1,1,0,0,0,0,0,0,1,0.3793699995155743,-0.011866084807286346,1.0,0.0,0.0,0.0,0.0,1.0,0.0
1.0,0,0,0,0.2811003608257813,1,1,0,0,0,0,0,0,1,0.28257588558057245,0.21188479285543407,1.0,0.0,0.0,0.0,1.0,0.0,0.0
0.0,0,0,1,-0.7807325271922578,0,0,0,1,0,0,0,0,0,-1.1526471831108385,-0.8327678238278947,0.0,0.0,0.0,0.0,0.0,1.0,0.0
1.0,1,1,1,1.138734616532659,1,1,1,1,0,0,0,1,1,0.9534592269921387,1.5656876878798303,1.0,0.0,0.0,0.0,0.0,1.0,0.0
0.0,0,1,0,0.8120168048348009,1,1,0,1,1,0,1,0,0,0.9985185558929154,1.2326522646615379,1.0,0.0,0.0,0.0,0.0,0.0,0.0
0.0,0,0,0,1.138734616532659,1,0,0,0,0,0,0,0,0,-1.496433173983432,-0.5010000479634216,0.0,1.0,0.0,1.0,0.0,0.0,0.0
0.0,0,1,0,0.689497625448104,1,1,1,0,0,0,1,1,1,1.2071265600631784,1.1532797487706474,1.0,0.0,0.0,0.0,0.0,0.0,1.0
1.0,0,0,0,0.3219400872880136,1,1,0,0,1,1,1,1,0,1.3389668186987849,0.8350780235347656,1.0,0.0,0.0,0.0,0.0,0.0,0.0
1.0,0,0,0,0.7711770783725685,1,0,1,0,0,0,1,0,0,0.7231559903881679,0.895213434845768,1.0,0.0,1.0,0.0,0.0,0.0,1.0
1.0,0,1,1,0.8528565312970331,1,1,1,0,1,1,1,1,0,0.7014607579544608,1.0504223976932117,0.0,0.0,0.0,0.0,0.0,1.0,0.0
0.0,0,0,0,-0.9849311595034191,1,1,0,0,0,0,1,0,1,0.7465200868552375,-0.6637926555065201,1.0,0.0,0.0,0.0,0.0,1.0,0.0
1.0,0,1,1,1.6288113340794463,1,0,1,0,1,1,1,1,1,0.5379120826849744,1.545227414800643,0.0,0.0,0.0,1.0,0.0,1.0,0.0
0.0,0,1,1,-0.7398928007300255,1,0,0,0,0,0,0,0,0,-1.506446358183605,-0.8717757792419104,0.0,1.0,1.0,0.0,0.0,0.0,1.0
1.0,0,0,0,-1.1482900653523482,1,0,0,0,0,0,1,0,1,-0.27649356559573307,-0.898307415963074,0.0,0.0,0.0,0.0,0.0,1.0,0.0
1.0,0,1,1,-1.1482900653523482,1,1,0,0,0,0,0,0,1,-0.4600686092655647,-0.9024217100061713,0.0,0.0,0.0,0.0,0.0,1.0,0.0
1.0,0,0,0,1.547131881154982,0,0,0,0,0,1,0,1,1,-0.8222121045051416,0.242530723619695,0.0,0.0,0.0,1.0,0.0,0.0,1.0
0.0,0,0,0,-1.107450338890116,1,1,0,0,0,0,1,0,1,0.6847721176208398,-0.7915804045424004,1.0,0.0,0.0,0.0,0.0,1.0,0.0
0.0,0,1,1,-1.0666106124278838,1,0,0,0,0,0,1,0,0,-0.32822835062995825,-0.8448215934028073,0.0,0.0,0.0,0.0,0.0,1.0,0.0
0.0,0,0,0,-1.270809244739045,1,0,0,0,0,0,0,0,1,0.20413927601255324,-0.9712749768030883,1.0,0.0,0.0,0.0,0.0,0.0,1.0
1.0,0,1,0,-0.33149553610770277,1,0,0,0,0,0,0,0,0,-1.4997709020501564,-0.7878664201899827,0.0,1.0,0.0,1.0,0.0,0.0,1.0
1.0,0,1,0,0.07690172851461995,1,1,0,0,1,0,1,1,0,1.2071265600631784,0.5661366296797534,1.0,0.0,0.0,0.0,0.0,1.0,0.0
0.0,0,0,0,1.5879716076172141,1,1,1,1,1,1,1,1,1,1.6176671122702568,2.5525622725417154,1.0,0.0,0.0,1.0,1.0,0.0,0.0
1.0,0,1,1,0.5261387195991749,1,1,1,1,0,1,1,0,0,0.30593998204764156,0.4966161800650366,0.0,0.0,0.0,1.0,1.0,0.0,0.0
1.0,0,1,1,1.5879716076172141,1,0,1,1,1,1,1,0,0,1.1854313276294715,2.203714616541572,1.0,0.0,0.0,1.0,1.0,0.0,0.0
0.0,1,0,0,1.0162154371459622,0,0,0,1,1,0,1,1,1,-0.323221758529872,0.3734319924719735,0.0,0.0,0.0,0.0,0.0,1.0,0.0
1.0,0,1,1,0.6078181725236395,1,1,0,1,0,0,0,0,0,-0.3482547190303036,0.12619627962270744,0.0,0.0,0.0,0.0,0.0,1.0,0.0
0.0,0,1,1,-0.0047777244098446,0,0,1,1,0,0,0,0,1,-0.985760779774628,-0.5352710053710602,0.0,0.0,0.0,0.0,0.0,1.0,0.0
1.0,1,1,0,0.03606200205238767,1,1,0,0,0,0,1,1,1,0.9951808278261913,0.3785470607417703,1.0,0.0,0.0,0.0,0.0,1.0,0.0
0.0,0,0,1,-1.0257708859656514,1,0,0,0,0,0,0,0,0,-1.489757717849984,-0.9597104746278955,0.0,1.0,1.0,0.0,0.0,0.0,1.0
1.0,0,1,0,-1.1482900653523482,1,0,0,0,0,0,0,0,0,0.1941260918123807,-0.8719092158054703,1.0,0.0,0.0,0.0,0.0,1.0,0.0
1.0,0,0,1,0.19942090790131678,1,0,1,1,0,1,0,0,0,-0.1079382982261603,0.021292901237352863,0.0,0.0,0.0,1.0,1.0,0.0,0.0
1.0,0,1,0,0.8528565312970331,1,1,0,1,0,1,0,1,0,1.1036569899947282,1.240391585348013,1.0,0.0,1.0,0.0,0.0,0.0,0.0
0.0,0,0,0,-0.0047777244098446,1,1,0,1,0,0,0,0,1,-0.3499235830636656,-0.2290118525737911,0.0,0.0,0.0,0.0,0.0,1.0,0.0
1.0,0,0,0,0.4852989931369427,0,0,1,0,1,0,1,1,1,-0.3565990391971141,0.08262924162039467,0.0,0.0,1.0,0.0,0.0,1.0,0.0
0.0,0,0,0,-0.2906558096454705,1,0,0,0,0,0,0,0,0,-1.523134998517226,-0.7975850499025967,0.0,1.0,0.0,0.0,0.0,0.0,1.0
1.0,0,0,0,0.5261387195991749,1,0,1,0,1,0,1,1,1,0.37603227144885026,0.45338273347162367,0.0,0.0,0.0,0.0,0.0,1.0,0.0
1.0,1,0,0,1.547131881154982,0,0,0,1,1,0,1,0,1,-0.6887029818361732,0.3367814163475163,0.0,0.0,1.0,0.0,1.0,0.0,0.0
1.0,0,0,0,-1.270809244739045,1,0,0,0,0,0,0,0,0,-1.4864199897832595,-0.9938035166174544,0.0,1.0,0.0,0.0,0.0,0.0,1.0
0.0,0,1,1,-0.6173736213433287,1,1,1,0,1,0,1,0,0,0.9918430997594673,-0.28790185595823437,1.0,0.0,0.0,0.0,0.0,1.0,0.0
1.0,1,1,0,-0.12729690379654143,1,1,0,0,0,0,0,0,1,-0.43670451279849515,-0.36138092362522856,0.0,0.0,0.0,0.0,0.0,1.0,0.0
1.0,0,1,1,0.8936962577592654,1,1,0,1,0,1,1,0,1,0.20080154794582922,0.674086809599726,0.0,0.0,1.0,0.0,0.0,1.0,0.0
1.0,1,1,1,-0.49485444195663186,1,0,1,0,1,1,0,1,0,0.9885053716927428,-0.19400699406657293,1.0,0.0,1.0,0.0,1.0,0.0,0.0
0.0,0,1,1,1.0570551636081944,1,0,0,0,0,0,0,0,0,-1.506446358183605,-0.5225500529783481,0.0,1.0,0.0,1.0,1.0,0.0,0.0
0.0,0,1,1,0.7711770783725685,1,1,1,1,0,0,0,1,1,0.9718167313591217,1.0162848768491328,1.0,0.0,0.0,0.0,0.0,1.0,0.0
1.0,0,0,0,-0.9849311595034191,1,0,0,0,0,0,1,1,1,0.05227264897660173,-0.7597113052788402,0.0,0.0,0.0,0.0,0.0,1.0,0.0
0.0,0,1,1,-1.270809244739045,1,0,0,0,0,0,0,0,1,-1.49476430995007,-0.9939147137537543,0.0,1.0,0.0,0.0,0.0,1.0,0.0
0.0,0,1,0,-1.229969518276813,1,1,0,0,0,0,1,0,1,0.6463882448535112,-0.9431421013192058,1.0,0.0,0.0,0.0,0.0,1.0,0.0
1.0,1,0,1,-0.8624119801167224,1,0,0,1,0,1,0,0,1,-0.33824153483013103,-0.7353368930018955,0.0,0.0,0.0,0.0,0.0,1.0,0.0
1.0,0,1,0,1.1795743429948913,1,0,0,1,1,1,0,1,0,0.9834987795926567,1.5466952169998023,1.0,0.0,0.0,0.0,1.0,0.0,0.0
0.0,1,0,0,0.19942090790131678,1,1,1,1,0,0,1,1,1,1.404052515999907,0.8016299249357465,1.0,0.0,0.0,0.0,0.0,0.0,0.0
0.0,1,0,0,0.40361954021247815,1,1,0,0,1,0,0,0,0,-0.30152652609616465,0.0744006535341998,0.0,0.0,0.0,0.0,0.0,1.0,0.0
0.0,0,1,0,0.8528565312970331,1,0,1,1,1,0,1,1,1,1.3823572835661997,1.5635527028628715,1.0,0.0,1.0,0.0,0.0,0.0,0.0
1.0,0,0,0,-0.49485444195663186,1,0,1,0,1,0,0,1,0,-0.009475320257795981,-0.3806847464868966,0.0,0.0,0.0,0.0,1.0,0.0,0.0
0.0,0,0,0,1.4654524282305172,0,0,1,0,1,1,0,0,0,-0.86059597727247,0.20670300630385727,0.0,0.0,0.0,1.0,0.0,0.0,1.0
0.0,0,0,0,-0.8624119801167224,1,0,0,0,0,0,0,0,0,-1.4914265818833459,-0.9084930736481476,0.0,1.0,1.0,0.0,0.0,0.0,1.0
1.0,0,1,1,1.4654524282305172,0,0,1,1,0,0,1,0,0,-0.6636700213357416,0.32432733708192407,0.0,0.0,1.0,0.0,0.0,0.0,1.0
1.0,0,1,1,1.4654524282305172,1,0,1,1,1,0,1,1,1,1.353986594999044,2.187768947196162,1.0,0.0,0.0,1.0,0.0,0.0,0.0
1.0,0,0,0,-1.270809244739045,1,1,0,0,0,0,0,0,1,0.3409861267482462,-0.9694513437677695,1.0,0.0,0.0,0.0,0.0,1.0,0.0
1.0,0,1,0,1.261253795919356,1,1,0,1,1,0,1,1,1,1.2588613450974042,1.863473618891045,1.0,0.0,0.0,0.0,0.0,1.0,0.0
1.0,0,0,0,-1.270809244739045,1,0,0,0,0,1,0,0,0,-0.4483865610320299,-0.979970592861743,0.0,0.0,0.0,0.0,0.0,0.0,1.0
1.0,0,0,0,-0.82157225365449,1,1,1,1,0,1,0,0,1,0.08564992964384384,-0.6325684996334996,0.0,0.0,0.0,0.0,0.0,1.0,0.0
0.0,0,1,0,-0.24981608318323825,0,0,1,1,1,0,1,0,0,-0.561869315300653,-0.4732452427429588,0.0,0.0,1.0,0.0,0.0,0.0,0.0
0.0,1,0,0,-1.107450338890116,1,1,0,0,0,0,1,0,1,0.6163486922529936,-0.8043680752168925,1.0,0.0,0.0,0.0,1.0,0.0,0.0
0.0,0,0,0,-0.5765338948810964,1,0,0,0,1,0,0,0,1,-0.4901081618660825,-0.6057032715034363,0.0,0.0,0.0,0.0,0.0,0.0,1.0
1.0,0,0,0,-1.0257708859656514,1,0,0,0,0,0,0,0,0,-1.5164595423837774,-0.9528162521772998,0.0,1.0,0.0,0.0,0.0,1.0,0.0
1.0,0,1,0,1.5879716076172141,1,1,0,1,1,1,1,1,1,1.6176671122702568,2.534748491306466,1.0,0.0,1.0,0.0,0.0,0.0,0.0
0.0,0,0,0,0.7303373519103363,1,0,0,1,0,1,1,1,1,1.1854313276294715,1.2382788397583142,1.0,0.0,0.0,1.0,0.0,0.0,1.0
0.0,0,1,1,1.1795743429948913,1,1,0,0,0,0,0,0,1,-1.354579731147653,-0.312632099071339,0.0,1.0,0.0,1.0,0.0,0.0,1.0
1.0,1,0,0,-1.270809244739045,1,1,0,0,0,0,0,0,1,0.36935681531540177,-0.9690732735043498,1.0,0.0,0.0,0.0,0.0,1.0,0.0
1.0,0,1,1,1.6288113340794463,1,1,1,1,1,1,1,1,1,1.6460378008374124,2.596974408779907,1.0,0.0,0.0,1.0,0.0,1.0,0.0
1.0,0,0,1,-1.270809244739045,1,0,0,0,1,0,0,0,0,-0.5251543065666867,-0.9809936065157024,0.0,0.0,0.0,0.0,0.0,1.0,0.0
0.0,0,0,0,-0.2906558096454705,1,0,0,0,0,0,0,0,0,-1.49476430995007,-0.7681400482103751,0.0,1.0,1.0,0.0,1.0,0.0,0.0
1.0,1,1,0,1.5062921546927495,1,1,0,1,0,0,1,0,1,0.8433142007902398,1.729636745640448,1.0,0.0,0.0,0.0,0.0,1.0,0.0
1.0,0,0,0,-0.33149553610770277,1,1,0,0,0,1,0,0,0,-0.3365726707967688,-0.4502274355288732,0.0,0.0,1.0,0.0,0.0,0.0,0.0
1.0,0,0,0,-1.1891297918145805,1,0,0,0,0,1,1,1,1,0.1557422190450521,-0.9176557176792619,0.0,0.0,0.0,0.0,0.0,1.0,0.0
0.0,0,0,0,-1.229969518276813,1,0,0,0,1,0,0,1,0,-0.1279646666265056,-0.9532165618679797,0.0,0.0,0.0,0.0,0.0,1.0,0.0
0.0,0,1,1,1.0978948900704268,1,1,0,1,0,1,0,1,1,1.0669419812607621,1.479509907247384,1.0,0.0,0.0,0.0,0.0,0.0,0.0
1.0,1,1,0,-1.0257708859656514,1,1,0,0,1,0,1,1,1,1.1537229109955913,-0.7067814684000733,1.0,0.0,0.0,0.0,0.0,1.0,0.0
1.0,1,0,0,-0.4540147154943996,1,0,0,0,1,0,1,0,1,-0.15466649116029943,-0.45294064565459147,0.0,0.0,0.0,0.0,0.0,0.0,0.0
1.0,0,1,1,1.3429332488438204,1,0,0,0,0,0,0,0,1,-1.496433173983432,-0.4391966796079201,0.0,1.0,0.0,1.0,1.0,0.0,0.0
0.0,1,0,0,-1.270809244739045,0,0,0,0,0,0,0,0,0,-1.3161958583803248,-0.9915350950369358,0.0,0.0,0.0,0.0,0.0,1.0,0.0
0.0,1,0,0,0.3219400872880136,0,0,1,1,0,0,1,1,1,-0.2965199339960784,-0.06455128798619363,0.0,0.0,0.0,0.0,0.0,1.0,0.0
0.0,0,1,1,-0.49485444195663186,1,1,0,1,1,0,1,1,1,1.3740129633993892,-0.006595340546669672,1.0,0.0,0.0,0.0,0.0,0.0,0.0
0.0,0,0,0,-1.270809244739045,1,0,0,1,0,0,1,0,0,0.6547325650203217,-0.9652703314428921,1.0,0.0,0.0,0.0,0.0,1.0,0.0
1.0,0,0,1,-0.12729690379654143,1,0,0,0,0,0,0,0,0,-1.496433173983432,-0.7647818946941172,0.0,1.0,1.0,0.0,0.0,0.0,1.0
1.0,1,0,0,1.2204140694571237,1,1,0,1,1,1,1,1,1,1.5375616386688755,2.134483279481236,1.0,0.0,1.0,0.0,0.0,0.0,0.0
1.0,0,1,1,1.2204140694571237,1,0,1,1,1,1,1,1,0,0.7148116702213574,1.3169174545496254,0.0,0.0,0.0,1.0,0.0,1.0,0.0
0.0,0,1,0,1.2204140694571237,1,0,1,1,1,0,1,0,1,0.24419201281324385,0.9027970795414234,0.0,0.0,0.0,1.0,1.0,0.0,0.0
1.0,0,0,0,-0.9849311595034191,1,0,0,0,0,0,0,0,1,0.18077517954548367,-0.7575318414073616,1.0,0.0,0.0,0.0,0.0,0.0,1.0
0.0,0,0,0,-0.24981608318323825,1,1,0,0,0,0,0,0,1,0.34265499078160816,-0.1866012647889975,1.0,0.0,0.0,0.0,0.0,0.0,0.0
1.0,0,0,0,-1.1891297918145805,1,1,0,0,1,0,1,1,1,1.210464288129903,-0.8560080253145802,1.0,0.0,0.0,0.0,0.0,1.0,0.0
0.0,1,0,0,-0.08645717733430915,1,1,1,1,1,0,0,0,0,0.9017244419579135,0.22402752013938657,1.0,0.0,0.0,0.0,1.0,0.0,0.0
1.0,1,0,0,-1.270809244739045,1,0,0,0,0,0,0,0,0,-0.6536568371355689,-0.9827060424147214,0.0,0.0,0.0,0.0,0.0,1.0,0.0
1.0,1,0,0,-1.270809244739045,1,0,0,0,0,0,0,0,1,0.1607488111451386,-0.9718532019118481,1.0,0.0,0.0,0.0,0.0,0.0,0.0
0.0,0,1,0,-0.4131749890321673,1,0,0,0,0,0,1,0,1,0.5112102581511807,-0.24375659284716186,1.0,0.0,0.0,0.0,1.0,0.0,0.0
0.0,1,0,0,-0.1681366302587737,1,1,0,0,1,1,1,1,1,1.2889008976979217,0.28296200237834984,1.0,0.0,0.0,0.0,0.0,1.0,0.0
1.0,0,0,0,1.6288113340794463,1,0,0,0,0,0,0,0,1,-1.4981020380167944,-0.349482830041136,0.0,1.0,0.0,1.0,1.0,0.0,0.0
0.0,1,1,0,-0.7807325271922578,1,0,0,0,0,0,0,0,1,0.18244404357884614,-0.5950061069913829,1.0,0.0,0.0,0.0,0.0,1.0,0.0
1.0,0,0,1,-1.270809244739045,1,0,0,0,0,1,0,0,1,-0.4934458899328068,-0.9805710573977626,0.0,0.0,0.0,0.0,0.0,0.0,1.0
1.0,0,1,1,-1.107450338890116,1,0,1,0,1,0,0,1,1,0.8566651130571363,-0.8095053829139492,1.0,0.0,0.0,0.0,0.0,0.0,1.0
0.0,0,0,0,0.24026063436354905,1,1,0,1,0,1,0,1,0,0.11568948224436193,0.17872580681079486,0.0,0.0,0.0,0.0,1.0,0.0,0.0
1.0,0,1,1,1.1795743429948913,1,0,0,1,0,1,1,1,1,1.1270210864617978,1.7305485621581074,1.0,0.0,1.0,0.0,0.0,0.0,0.0
0.0,0,1,1,1.6288113340794463,1,0,1,1,1,1,1,1,1,1.4557873010341322,2.413054345339822,1.0,0.0,0.0,1.0,0.0,0.0,0.0
1.0,0,0,0,0.03606200205238767,1,0,0,0,0,0,0,0,0,-1.479744533649811,-0.69597310675172,0.0,1.0,0.0,1.0,0.0,0.0,1.0
1.0,0,1,1,0.24026063436354905,1,0,1,0,1,1,1,1,0,0.5445875388184228,0.369362177283396,0.0,0.0,0.0,1.0,1.0,0.0,0.0
1.0,0,1,1,0.7711770783725685,1,1,0,1,0,1,0,0,0,0.6513948369535977,0.9097135414192792,1.0,0.0,1.0,0.0,0.0,0.0,0.0
1.0,0,1,1,-1.270809244739045,1,0,0,0,0,0,0,0,1,0.17576858744539764,-0.9716530470665082,1.0,0.0,0.0,0.0,1.0,0.0,0.0
0.0,1,1,0,-1.270809244739045,0,0,0,0,0,0,0,0,1,-1.3312156346805837,-0.9917352498822756,0.0,0.0,0.0,0.0,0.0,1.0,0.0
0.0,0,1,1,0.24026063436354905,1,0,0,0,0,0,0,0,1,-1.4930954459167078,-0.6663279502141585,0.0,1.0,0.0,1.0,0.0,0.0,1.0
0.0,0,0,0,-0.82157225365449,1,1,0,0,0,1,0,0,1,0.4961904818509217,-0.5765473823655944,1.0,0.0,0.0,0.0,1.0,0.0,0.0
1.0,0,0,1,0.3219400872880136,0,0,1,1,0,1,0,0,0,-0.8155366483716932,-0.3070944816836024,0.0,0.0,1.0,0.0,0.0,0.0,1.0
1.0,0,1,1,-1.107450338890116,1,1,0,1,0,0,0,0,1,0.5162168502512673,-0.8315224159013356,1.0,0.0,0.0,0.0,0.0,1.0,0.0
0.0,0,1,0,1.4654524282305172,1,1,1,1,1,1,1,1,0,1.6760773534379305,2.485955187898057,1.0,0.0,0.0,1.0,0.0,0.0,0.0
0.0,0,1,1,0.19942090790131678,1,1,0,0,0,0,1,1,1,1.020213788326623,0.4713299512704324,1.0,0.0,0.0,0.0,0.0,1.0,0.0
0.0,0,0,1,-0.82157225365449,1,1,0,0,0,0,1,0,1,0.6463882448535112,-0.5728556374404368,1.0,0.0,0.0,0.0,0.0,1.0,0.0
0.0,0,0,0,1.424612701768285,1,1,1,0,1,1,1,1,1,0.6864409816542018,1.5388446991770268,0.0,0.0,0.0,1.0,0.0,0.0,1.0
0.0,0,1,1,-0.4540147154943996,1,0,0,1,0,0,0,0,1,0.3126154381810901,-0.3063605805840228,1.0,0.0,0.0,0.0,0.0,0.0,0.0
1.0,0,1,0,1.5879716076172141,0,0,0,1,0,0,1,1,0,-0.5118033942997898,0.5607769277100967,0.0,0.0,0.0,1.0,0.0,1.0,0.0
1.0,0,0,0,-0.6990530742677933,1,1,1,0,0,0,1,0,1,0.7698841833223071,-0.45024967495613316,1.0,0.0,0.0,0.0,0.0,0.0,0.0
0.0,0,1,1,1.0162154371459622,1,1,1,0,1,1,1,1,1,0.6614080211537702,1.1524124111075078,0.0,0.0,0.0,1.0,0.0,1.0,0.0
1.0,0,0,0,-1.270809244739045,1,0,0,0,0,0,0,0,1,-1.5298104546506741,-0.9943817417262141,0.0,1.0,0.0,0.0,0.0,0.0,1.0
1.0,0,0,0,-1.0666106124278838,0,0,0,1,0,0,0,0,1,-1.1409651348773038,-0.9099386364200466,0.0,0.0,0.0,0.0,1.0,0.0,0.0
0.0,0,1,1,1.4654524282305172,1,1,1,0,1,1,1,1,1,1.4808202615345638,2.3369510252561496,1.0,0.0,0.0,1.0,0.0,0.0,0.0
0.0,0,0,0,-0.49485444195663186,1,0,1,0,1,0,1,0,1,0.8249566964232568,-0.17049991945276752,1.0,0.0,0.0,0.0,0.0,0.0,0.0
0.0,0,1,1,1.261253795919356,1,0,0,0,0,0,0,0,0,-1.4914265818833459,-0.464905457520464,0.0,1.0,0.0,1.0,1.0,0.0,0.0
0.0,0,1,1,1.2204140694571237,1,1,0,1,0,1,1,1,1,1.3806884195328375,1.9788740069431126,1.0,0.0,1.0,0.0,1.0,0.0,0.0
0.0,0,1,0,1.1795743429948913,1,0,1,1,0,1,0,1,0,0.9684790032923977,1.6040062210487862,1.0,0.0,1.0,0.0,0.0,0.0,0.0
1.0,0,1,1,0.8120168048348009,1,0,0,0,0,0,0,0,1,-1.46305589331619,-0.526130600767206,0.0,1.0,1.0,0.0,1.0,0.0,0.0
1.0,0,1,0,-1.229969518276813,1,1,0,0,1,0,1,0,1,0.8933801217911029,-0.9265070097287363,1.0,0.0,0.0,0.0,0.0,1.0,0.0
1.0,0,0,1,0.2811003608257813,0,0,0,0,1,1,1,1,0,-0.32822835062995825,-0.0279229512889965,0.0,0.0,1.0,0.0,0.0,0.0,0.0
0.0,0,0,0,-1.1482900653523482,1,1,0,0,0,0,0,0,0,-0.466744065399013,-0.9073366234306283,0.0,0.0,0.0,0.0,0.0,1.0,0.0
1.0,0,0,0,0.7711770783725685,1,1,0,0,0,0,0,0,1,-1.337891090814032,-0.4394857921622998,0.0,1.0,1.0,0.0,0.0,0.0,0.0
1.0,0,1,0,0.2811003608257813,1,0,0,0,0,0,0,0,1,-1.4764068055830868,-0.6513830550954478,0.0,1.0,0.0,1.0,0.0,0.0,0.0
0.0,0,1,0,-0.4540147154943996,1,1,1,0,1,0,1,1,1,1.3089272660982674,-0.00012366721401382762,1.0,0.0,0.0,0.0,0.0,1.0,0.0
0.0,1,1,0,1.6288113340794463,1,1,1,1,1,1,1,1,1,0.8399764727235153,1.9761385573901344,0.0,0.0,0.0,1.0,0.0,0.0,0.0
1.0,0,0,1,-0.12729690379654143,1,1,0,1,1,1,0,1,0,1.197113375863006,0.2561857319573264,1.0,0.0,1.0,0.0,1.0,0.0,0.0
1.0,0,0,0,-0.7398928007300255,1,0,0,0,0,0,0,0,0,-1.513121814317053,-0.8582986863223588,0.0,1.0,1.0,0.0,0.0,0.0,1.0
0.0,0,1,1,0.11774145497685222,1,1,0,0,0,0,0,0,1,-1.2995072180467038,-0.6102178752372135,0.0,1.0,0.0,0.0,0.0,1.0,0.0
1.0,1,0,0,1.0162154371459622,1,1,1,0,0,1,0,1,0,0.9701478673257597,1.4994141946450716,1.0,0.0,0.0,1.0,0.0,1.0,0.0
1.0,0,0,0,-1.270809244739045,1,0,0,0,0,0,0,0,0,-0.6770209336026384,-0.983017394396361,0.0,0.0,0.0,0.0,0.0,0.0,1.0
1.0,0,1,0,1.138734616532659,1,1,0,1,1,0,1,1,0,1.2621990731641282,1.7360639401185842,1.0,0.0,1.0,0.0,0.0,0.0,0.0
0.0,0,0,0,-1.1482900653523482,1,1,0,1,0,1,0,1,1,0.9618035471589492,-0.8416635947318892,1.0,0.0,0.0,0.0,0.0,1.0,0.0
0.0,1,1,0,1.3837729753060528,1,1,0,1,1,0,1,1,0,1.3322913625653365,2.0304472387590207,1.0,0.0,1.0,0.0,1.0,0.0,0.0
0.0,0,1,1,-1.1482900653523482,1,0,0,0,0,0,0,0,0,-1.46305589331619,-0.9747888063101662,0.0,1.0,0.0,0.0,0.0,0.0,1.0
0.0,0,1,1,-0.9032517065789546,1,1,0,0,0,0,0,1,0,0.7098050781212714,-0.6208705608947469,1.0,0.0,0.0,0.0,0.0,1.0,0.0
1.0,0,0,0,-0.9440914330411869,1,0,0,0,0,0,0,0,1,-1.4864199897832595,-0.9299541209540343,0.0,1.0,1.0,0.0,0.0,0.0,1.0
0.0,0,1,1,-1.0257708859656514,1,0,0,0,0,0,0,0,0,-1.4697313494496385,-0.9431421013192058,0.0,1.0,1.0,0.0,0.0,0.0,1.0
0.0,1,1,0,0.8528565312970331,1,0,0,1,1,1,1,0,1,0.9784921874925703,1.1639991527099605,1.0,0.0,1.0,0.0,0.0,1.0,0.0
1.0,0,1,0,-0.9032517065789546,1,0,0,0,0,0,0,0,0,-1.5047774941502425,-0.9185008159151414,0.0,1.0,1.0,0.0,0.0,0.0,0.0
0.0,0,0,0,-1.270809244739045,1,0,0,0,1,0,0,0,0,0.29425793381410703,-0.9700740477310491,1.0,0.0,0.0,0.0,0.0,0.0,0.0
0.0,0,1,1,-0.9849311595034191,1,0,0,0,0,0,0,0,0,-1.508115222216967,-0.9306435431990937,0.0,1.0,0.0,1.0,0.0,0.0,1.0
1.0,0,0,0,-0.9440914330411869,1,0,0,0,1,0,1,1,1,0.9801610515259322,-0.6417533830918738,1.0,0.0,0.0,0.0,0.0,1.0,0.0
0.0,0,0,0,-0.8624119801167224,0,0,0,0,0,0,1,0,1,-0.9640655473409205,-0.8412410456139494,0.0,0.0,0.0,0.0,0.0,0.0,1.0
0.0,0,1,1,1.5879716076172141,1,1,1,1,1,0,1,0,1,1.1453785908287808,2.138175024406393,1.0,0.0,0.0,1.0,1.0,0.0,0.0
1.0,0,1,0,1.3837729753060528,1,1,1,1,1,1,0,0,0,1.0652731172273995,1.85466680569609,1.0,0.0,0.0,1.0,0.0,0.0,1.0
1.0,0,0,0,-1.270809244739045,1,0,0,0,0,0,0,0,1,0.19746381987910472,-0.9713639345121284,1.0,0.0,0.0,0.0,0.0,0.0,1.0
0.0,0,1,1,1.1795743429948913,1,1,0,0,0,0,0,0,1,-1.351242003080929,-0.35995760028058943,0.0,1.0,0.0,1.0,0.0,0.0,1.0
0.0,1,1,0,-0.5356941684188642,1,1,0,0,0,0,1,1,1,1.0102006041264504,-0.2198269691154168,1.0,0.0,0.0,0.0,0.0,1.0,0.0
1.0,0,0,0,-0.9849311595034191,1,0,0,0,0,0,0,0,1,-1.4764068055830868,-0.9305768249173137,0.0,1.0,0.0,0.0,1.0,0.0,0.0
1.0,0,1,1,1.547131881154982,1,1,1,0,1,0,1,0,0,0.1423913067781555,1.1583280987586642,0.0,0.0,0.0,1.0,1.0,0.0,0.0
0.0,0,1,1,-1.1891297918145805,1,0,0,0,0,0,0,0,1,0.1624176751785006,-0.9137193390542444,1.0,0.0,0.0,0.0,0.0,1.0,0.0
0.0,0,1,1,1.424612701768285,1,1,1,0,1,1,1,1,1,1.492502309768099,2.2360062649230725,1.0,0.0,1.0,0.0,0.0,1.0,0.0
1.0,0,1,1,-0.5356941684188642,1,1,0,0,0,0,0,1,1,0.6330373325866147,-0.35081719567673514,1.0,0.0,0.0,0.0,0.0,1.0,0.0
0.0,0,1,1,1.547131881154982,1,0,0,0,0,0,0,0,0,-1.4981020380167944,-0.38951379910911105,0.0,1.0,0.0,1.0,0.0,0.0,0.0
1.0,0,1,1,1.5879716076172141,1,1,1,0,0,0,1,1,1,1.0852994856277451,2.0708562780904156,1.0,0.0,0.0,1.0,0.0,1.0,0.0
0.0,0,0,0,0.6078181725236395,1,0,0,0,0,0,0,0,0,-1.4830822617165353,-0.5447227619565543,0.0,1.0,0.0,1.0,1.0,0.0,0.0
1.0,0,1,1,1.138734616532659,1,1,1,0,1,1,1,1,1,1.5325550465687892,1.926989423145565,1.0,0.0,0.0,1.0,0.0,1.0,0.0
0.0,0,0,0,-1.270809244739045,1,1,0,0,0,0,1,1,0,1.03356470059352,-0.9602219814548753,1.0,0.0,0.0,0.0,0.0,0.0,1.0
1.0,0,0,1,0.11774145497685222,1,0,0,0,1,0,1,0,1,0.6831032535874778,0.34521015927905097,1.0,0.0,1.0,0.0,0.0,1.0,0.0
0.0,0,0,0,-0.1681366302587737,1,1,1,0,1,0,0,0,0,-0.18971263586090356,-0.26688559719754745,0.0,0.0,1.0,0.0,0.0,0.0,1.0
0.0,0,1,1,-1.0666106124278838,1,1,0,0,0,0,0,0,1,-0.5251543065666867,-0.8812275358274045,0.0,0.0,0.0,0.0,1.0,0.0,0.0
1.0,1,0,0,-1.0257708859656514,1,1,0,0,0,0,1,0,1,0.6714212053539428,-0.7594889110062404,1.0,0.0,0.0,0.0,0.0,1.0,0.0
1.0,0,0,0,-0.6990530742677933,1,1,0,0,0,0,0,0,1,-0.5234854425333246,-0.6695081883123365,0.0,0.0,0.0,0.0,0.0,1.0,0.0
1.0,0,0,0,-1.229969518276813,1,0,0,0,1,0,0,1,1,0.7064673500545469,-0.9283528821913151,1.0,0.0,0.0,0.0,0.0,1.0,0.0
0.0,0,1,0,-0.4540147154943996,1,1,1,0,1,0,1,1,1,1.3256159064318884,-0.024120009227538788,1.0,0.0,0.0,0.0,0.0,0.0,0.0
0.0,0,0,0,-1.1891297918145805,1,0,0,1,0,0,1,1,1,1.0152071962265363,-0.8660380070088339,1.0,0.0,0.0,0.0,0.0,1.0,0.0
1.0,1,0,0,-1.107450338890116,1,1,0,1,0,0,0,1,1,0.8383076086901533,-0.7792152829858482,1.0,0.0,0.0,0.0,0.0,1.0,0.0
0.0,0,0,0,-1.1482900653523482,1,0,0,0,0,0,1,0,1,0.4778329774839386,-0.8679283583259327,1.0,0.0,0.0,0.0,0.0,1.0,0.0
1.0,0,0,0,-0.5356941684188642,1,0,0,1,0,1,0,1,1,0.02223309637608364,-0.45485323639895037,0.0,0.0,1.0,0.0,0.0,0.0,0.0
1.0,0,1,0,1.6288113340794463,1,1,1,1,1,1,1,1,1,1.7728714673729324,2.8601335515473227,1.0,0.0,1.0,0.0,0.0,0.0,0.0
1.0,0,1,0,-0.0047777244098446,1,1,0,0,0,1,0,0,1,0.48617729765074913,0.16220191235662512,1.0,0.0,1.0,0.0,0.0,1.0,0.0
1.0,0,1,1,1.5879716076172141,1,1,0,0,0,0,0,0,0,-1.3612551872811016,-0.27936191589039966,0.0,1.0,0.0,1.0,1.0,0.0,0.0
0.0,1,0,0,-1.270809244739045,1,1,0,0,0,0,0,0,1,0.24752974087996787,-0.9706967516943288,1.0,0.0,0.0,0.0,0.0,1.0,0.0
1.0,0,1,1,-0.6173736213433287,1,1,1,0,1,0,1,0,1,0.1891194997122942,-0.4682858504639819,0.0,0.0,1.0,0.0,0.0,0.0,0.0
0.0,0,0,0,-1.107450338890116,1,0,1,0,0,1,0,0,0,-0.3499235830636656,-0.8656599367454142,0.0,0.0,0.0,0.0,0.0,1.0,0.0
0.0,0,0,0,-0.7807325271922578,1,0,0,0,0,0,0,0,1,-1.5147906783504155,-0.8785365651289463,0.0,1.0,0.0,0.0,0.0,0.0,1.0
0.0,0,1,0,1.6288113340794463,1,1,1,1,1,1,1,1,0,0.9117376261580861,1.876972951237856,0.0,0.0,0.0,1.0,0.0,0.0,0.0
1.0,0,1,1,-0.24981608318323825,1,1,0,0,0,0,1,0,1,0.6363750606533386,-0.08178684411268289,1.0,0.0,0.0,0.0,0.0,1.0,0.0
0.0,1,1,0,-0.82157225365449,1,1,0,1,1,0,1,0,1,1.1153390382282626,-0.5312011901824827,1.0,0.0,0.0,0.0,0.0,1.0,0.0
0.0,0,1,1,1.0978948900704268,1,1,1,1,0,1,0,0,0,0.02723968847617015,0.6880086910644774,0.0,0.0,1.0,0.0,0.0,0.0,1.0
1.0,0,0,0,-1.229969518276813,1,0,1,0,0,0,0,0,1,0.36768795128203974,-0.9186120130514414,1.0,0.0,0.0,0.0,0.0,1.0,0.0
0.0,0,1,0,-1.270809244739045,1,0,0,0,0,0,0,0,1,0.1423913067781555,-0.9720978356117079,1.0,0.0,0.0,0.0,0.0,1.0,0.0
0.0,0,1,1,1.6288113340794463,1,0,0,0,0,0,0,0,0,-1.4880888538166215,-0.35299665954821385,0.0,1.0,0.0,1.0,0.0,0.0,0.0
1.0,0,1,0,1.6288113340794463,0,0,1,1,1,1,1,1,1,0.0005378639423765561,1.1082226691419155,0.0,0.0,0.0,1.0,0.0,1.0,0.0
1.0,1,1,0,1.5879716076172141,1,1,0,0,0,0,0,0,0,-1.3095204022468763,-0.20675018588654492,0.0,1.0,0.0,1.0,1.0,0.0,0.0
1.0,0,1,1,0.19942090790131678,0,0,1,1,1,0,0,0,0,-0.8172055124050551,-0.3583563615178705,0.0,0.0,0.0,0.0,0.0,0.0,0.0
0.0,1,1,0,-0.0047777244098446,1,1,0,0,0,0,1,1,1,0.9517903629587766,0.3009092201771586,1.0,0.0,0.0,0.0,0.0,1.0,0.0
1.0,0,0,0,-1.0257708859656514,1,0,0,0,0,0,0,0,1,-0.6686766134358278,-0.8593216999763182,0.0,0.0,0.0,0.0,0.0,0.0,0.0
0.0,0,1,1,1.4654524282305172,1,1,1,1,1,1,1,1,1,0.8132746481897217,1.7486069770932162,0.0,0.0,0.0,1.0,0.0,0.0,0.0
0.0,0,0,0,-0.04561745087207687,1,1,1,0,1,0,0,0,1,0.6697523413205807,0.1596443782217267,1.0,0.0,0.0,0.0,1.0,0.0,0.0
0.0,0,0,0,-1.270809244739045,1,1,0,0,0,0,0,1,0,0.7047984860211849,-0.9646031486250924,1.0,0.0,0.0,0.0,0.0,0.0,1.0
0.0,0,0,0,-1.229969518276813,1,1,0,0,0,0,0,0,0,0.3409861267482462,-0.9373153713770895,1.0,0.0,0.0,0.0,1.0,0.0,0.0
1.0,0,0,0,0.11774145497685222,1,1,0,0,0,0,0,0,0,0.3560059030485047,0.16971883877050048,1.0,0.0,0.0,0.0,1.0,0.0,0.0
0.0,1,0,0,-0.9849311595034191,1,1,0,0,0,1,1,1,1,1.1837624635961095,-0.5986533730620207,1.0,0.0,0.0,0.0,1.0,0.0,0.0
1.0,0,0,0,-0.1681366302587737,1,1,1,1,0,0,0,1,1,0.9951808278261913,0.18010465130091396,1.0,0.0,0.0,0.0,1.0,0.0,0.0
0.0,0,0,0,0.19942090790131678,1,0,0,0,0,0,1,1,1,0.0022067279757385667,0.04035209039916094,0.0,0.0,0.0,0.0,0.0,1.0,0.0
0.0,0,1,1,-0.49485444195663186,1,0,0,0,0,0,0,0,0,-1.489757717849984,-0.8221596170248814,0.0,1.0,0.0,0.0,0.0,0.0,1.0
0.0,0,1,1,0.11774145497685222,1,1,1,1,0,0,0,0,1,-0.1746928595606445,-0.05229736356594118,0.0,0.0,0.0,0.0,1.0,0.0,0.0
1.0,0,1,0,-1.270809244739045,1,0,0,0,1,0,0,0,0,0.3560059030485047,-0.9692511889224297,1.0,0.0,0.0,0.0,1.0,0.0,0.0
0.0,0,1,1,0.689497625448104,1,1,0,0,0,0,1,1,1,1.0318958365601574,1.124880000159645,1.0,0.0,0.0,0.0,0.0,1.0,0.0
0.0,0,0,0,-1.229969518276813,1,0,0,0,0,0,0,1,0,0.5295677625181638,-0.9208804346319599,1.0,0.0,0.0,0.0,0.0,1.0,0.0
0.0,0,1,1,-0.20897635672100598,1,0,0,1,0,0,0,0,0,-0.49511475396616883,-0.40846179113461917,0.0,0.0,0.0,0.0,0.0,0.0,1.0
1.0,0,1,0,1.547131881154982,0,0,0,1,1,1,0,1,1,-0.45506201716547845,0.6141070742795435,0.0,0.0,1.0,0.0,0.0,0.0,0.0
1.0,0,0,0,0.19942090790131678,1,0,1,1,1,1,0,0,0,0.03057741654289417,0.02638573007988981,0.0,0.0,0.0,1.0,0.0,0.0,0.0
1.0,0,1,1,-0.1681366302587737,0,0,1,0,1,1,1,0,0,-0.463406337332289,-0.3859332513202533,0.0,0.0,1.0,0.0,0.0,0.0,1.0
0.0,0,0,0,-1.270809244739045,1,0,0,0,0,0,0,0,0,0.1941260918123807,-0.9714084133666483,1.0,0.0,0.0,0.0,0.0,1.0,0.0
1.0,1,0,0,1.0162154371459622,1,1,0,1,0,1,1,1,1,1.3423045467655095,1.6276912110806716,1.0,0.0,0.0,0.0,0.0,0.0,0.0
1.0,0,0,0,-1.270809244739045,1,0,0,0,0,0,0,0,0,-1.5031086301168806,-0.9940259108900542,0.0,1.0,0.0,0.0,0.0,0.0,0.0
0.0,0,0,0,-0.9849311595034191,1,1,0,0,0,0,0,0,1,0.29425793381410703,-0.721570687527964,1.0,0.0,0.0,0.0,0.0,1.0,0.0
1.0,0,1,1,0.19942090790131678,1,0,0,0,0,0,0,0,0,-1.4981020380167944,-0.7016219212757565,0.0,1.0,1.0,0.0,1.0,0.0,0.0
0.0,0,0,0,-1.270809244739045,0,0,0,0,0,0,1,0,1,-1.0007805560748868,-0.9873318432847985,0.0,0.0,0.0,0.0,0.0,1.0,0.0
1.0,0,0,0,1.2204140694571237,1,1,1,1,0,1,0,1,0,1.245510432830507,1.9013696029420608,1.0,0.0,1.0,0.0,0.0,1.0,0.0
1.0,0,0,0,-0.5356941684188642,1,1,0,0,0,0,1,1,0,0.16408653921186261,-0.3824861400949554,0.0,0.0,0.0,0.0,0.0,0.0,1.0
1.0,0,0,0,1.0162154371459622,1,1,0,0,0,1,1,0,1,0.8600028411238608,1.3233891278822814,1.0,0.0,0.0,1.0,1.0,0.0,0.0
1.0,0,1,1,0.5669784460614072,1,1,0,0,0,0,0,0,0,-1.3278779066138595,-0.4802284229025945,0.0,1.0,1.0,0.0,0.0,1.0,0.0
1.0,1,0,0,-0.4131749890321673,1,1,0,0,0,0,1,1,1,1.068610845294124,-0.07629370557946635,1.0,0.0,0.0,0.0,0.0,1.0,0.0
0.0,0,0,0,-1.270809244739045,1,0,0,0,0,0,0,0,0,-1.49476430995007,-0.9939147137537543,0.0,1.0,0.0,0.0,0.0,0.0,1.0
0.0,0,0,0,-0.9032517065789546,1,0,0,0,0,0,0,0,1,-1.461387029282828,-0.8929032351388972,0.0,1.0,0.0,0.0,0.0,0.0,1.0
0.0,0,1,1,-0.08645717733430915,1,0,0,0,0,0,0,0,0,-1.5014397660835184,-0.7362264700922949,0.0,1.0,0.0,1.0,0.0,0.0,1.0
1.0,0,0,0,-0.4540147154943996,1,0,0,0,0,0,0,0,1,-1.4930954459167078,-0.8175560555820642,0.0,1.0,0.0,0.0,0.0,0.0,1.0
0.0,0,0,0,1.1795743429948913,1,1,0,1,1,1,1,1,0,0.7999237359228252,1.364065040340796,0.0,0.0,0.0,1.0,1.0,0.0,0.0
1.0,0,0,0,0.5261387195991749,1,1,0,0,1,1,1,1,1,1.3005829459314568,1.1090232885232751,1.0,0.0,0.0,0.0,0.0,0.0,0.0
0.0,0,0,0,0.36277981375024587,1,1,0,0,1,0,1,1,0,1.1136701741949007,0.7722071626707848,1.0,0.0,0.0,0.0,0.0,0.0,0.0
0.0,0,1,1,1.138734616532659,1,0,0,0,0,0,0,0,1,-1.5164595423837774,-0.5120530433116347,0.0,1.0,0.0,1.0,1.0,0.0,0.0
1.0,0,1,1,0.8120168048348009,1,1,0,0,1,1,0,1,1,1.053591068993865,1.2168400318796877,1.0,0.0,0.0,1.0,0.0,0.0,0.0
0.0,0,1,0,0.3219400872880136,1,1,1,0,1,0,1,1,0,1.370675235332665,0.878044597001059,1.0,0.0,1.0,0.0,0.0,0.0,0.0
1.0,0,0,0,-1.1482900653523482,1,0,0,1,0,1,1,0,1,-0.031170552691503543,-0.9021548368790515,0.0,0.0,0.0,0.0,0.0,0.0,0.0
0.0,0,0,0,-0.37233526256993504,1,1,0,0,0,0,0,0,0,0.36435022321531524,-0.22056087021499637,1.0,0.0,0.0,0.0,0.0,0.0,0.0
1.0,0,0,0,0.11774145497685222,1,0,0,0,0,0,0,0,0,-1.4714002134830004,-0.6673954427226378,0.0,1.0,1.0,0.0,0.0,0.0,0.0
1.0,0,0,0,-1.270809244739045,1,0,0,0,0,0,1,0,1,0.5295677625181638,-0.966938288487391,1.0,0.0,0.0,0.0,0.0,1.0,0.0
1.0,1,0,1,-1.0257708859656514,1,0,0,0,0,0,0,0,1,-0.6319616047018615,-0.8496697885454841,0.0,0.0,0.0,0.0,0.0,0.0,1.0
0.0,1,1,0,1.138734616532659,1,0,1,1,1,1,1,1,1,1.512528678168444,1.9632396895793425,1.0,0.0,0.0,1.0,0.0,0.0,0.0
1.0,0,1,1,0.9345359842214976,1,1,0,0,1,0,1,0,1,0.8583339770904989,1.2652775044519373,1.0,0.0,0.0,0.0,1.0,0.0,0.0
0.0,1,1,0,1.5879716076172141,1,1,1,1,1,1,0,1,1,0.6013289159527345,1.5908849589653944,0.0,0.0,0.0,1.0,0.0,0.0,0.0
0.0,0,0,0,1.138734616532659,1,1,0,0,1,0,0,0,1,0.48450843361738716,1.11665141207345,1.0,0.0,1.0,0.0,0.0,0.0,0.0
0.0,0,0,0,-0.82157225365449,1,1,0,0,0,1,1,1,0,0.3126154381810901,-0.6146212818346907,0.0,0.0,1.0,0.0,0.0,0.0,1.0
0.0,1,0,0,-0.20897635672100598,1,1,0,0,1,0,0,0,1,0.4461245608500585,-0.052920067529220835,1.0,0.0,0.0,0.0,0.0,1.0,0.0
1.0,0,1,1,1.547131881154982,1,0,1,1,1,0,1,1,1,0.5162168502512673,1.4881165655969983,0.0,0.0,0.0,1.0,1.0,0.0,0.0
1.0,0,0,1,-1.1482900653523482,1,0,1,0,0,0,0,0,1,-0.5101345302664279,-0.9207469980683999,0.0,0.0,0.0,0.0,0.0,1.0,0.0
0.0,1,1,0,-1.270809244739045,1,1,0,1,0,0,1,0,1,0.8650094332239469,-0.9624681636081339,1.0,0.0,0.0,0.0,0.0,1.0,0.0
1.0,0,0,0,1.6288113340794463,1,0,1,1,1,1,1,0,1,0.3476615828816942,1.370781347373312,0.0,0.0,0.0,1.0,0.0,0.0,0.0
0.0,0,1,0,0.3219400872880136,1,1,0,1,0,0,1,0,0,-0.026163960591417273,0.1692518107980407,0.0,0.0,1.0,0.0,0.0,0.0,0.0
1.0,0,0,0,-0.49485444195663186,1,1,0,1,0,1,1,0,1,0.13404698661134498,-0.3728564680913814,0.0,0.0,1.0,0.0,0.0,1.0,0.0
0.0,0,1,1,-0.82157225365449,1,0,0,0,0,0,0,0,0,-1.4981020380167944,-0.9006425558253724,0.0,1.0,1.0,0.0,0.0,0.0,0.0
1.0,1,0,0,1.5879716076172141,0,0,1,1,0,0,1,1,1,-0.2748247015623708,0.7698720228084862,0.0,0.0,1.0,0.0,0.0,1.0,0.0
0.0,0,1,1,-1.0666106124278838,1,0,0,0,0,0,0,0,0,-1.5014397660835184,-0.9607557277091151,0.0,1.0,1.0,0.0,0.0,0.0,1.0
1.0,1,1,0,1.0162154371459622,1,1,0,0,1,0,1,1,0,1.198782239896368,1.5530556931961579,1.0,0.0,0.0,0.0,0.0,1.0,0.0
0.0,0,0,0,0.6078181725236395,0,0,1,1,0,1,0,0,0,-0.8355630167720384,-0.20274708897974741,0.0,0.0,1.0,0.0,1.0,0.0,0.0
0.0,0,1,0,-0.33149553610770277,1,1,0,0,0,0,0,0,1,0.35767476708186724,-0.2253423470758934,1.0,0.0,0.0,0.0,1.0,0.0,0.0
1.0,0,0,0,-1.270809244739045,1,0,0,0,0,0,0,0,1,-0.6336304687352236,-0.9824391692876016,0.0,0.0,0.0,0.0,0.0,0.0,1.0
1.0,0,1,0,1.424612701768285,1,1,0,0,0,0,0,0,0,-1.30451381014679,-0.2088629314762436,0.0,1.0,0.0,1.0,1.0,0.0,0.0
0.0,1,0,0,-1.1482900653523482,1,1,0,0,0,0,0,0,0,-0.5318297627001352,-0.9227707859490587,0.0,0.0,0.0,0.0,0.0,0.0,1.0
0.0,1,0,0,1.0978948900704268,1,1,1,1,1,0,0,0,1,0.8366387446567913,1.442192148305127,1.0,0.0,0.0,0.0,0.0,1.0,0.0
1.0,0,0,0,-0.4540147154943996,1,0,0,0,0,0,0,0,0,-1.4914265818833459,-0.8169778304733045,0.0,1.0,0.0,0.0,0.0,0.0,1.0
1.0,0,1,1,0.19942090790131678,1,0,0,0,0,0,1,1,0,0.8850358016242924,0.4417070341601309,1.0,0.0,1.0,0.0,1.0,0.0,0.0
0.0,0,1,1,0.24026063436354905,1,0,0,0,0,0,0,0,0,-1.4764068055830868,-0.6552749548659453,0.0,1.0,0.0,0.0,0.0,0.0,1.0
0.0,0,1,1,0.689497625448104,1,1,0,1,1,1,1,1,1,1.4441052528005978,1.3515887216479436,1.0,0.0,0.0,1.0,0.0,0.0,0.0
1.0,0,0,0,0.9345359842214976,1,0,0,1,0,1,0,1,1,-0.016150776391244497,0.6106154841997257,0.0,0.0,1.0,0.0,0.0,1.0,0.0
0.0,0,0,0,-1.229969518276813,1,0,0,0,0,0,0,0,1,0.20080154794582922,-0.9353138229236908,1.0,0.0,0.0,0.0,0.0,1.0,0.0
0.0,0,0,0,-0.9032517065789546,1,1,0,0,0,0,0,0,1,0.36935681531540177,-0.6570318696194843,1.0,0.0,0.0,0.0,0.0,0.0,1.0
0.0,0,1,0,1.547131881154982,1,1,0,1,1,1,1,1,1,1.529217318502065,2.4452570360122823,1.0,0.0,0.0,1.0,0.0,1.0,0.0
1.0,0,0,0,-1.229969518276813,0,0,0,0,0,1,0,0,0,-1.162660367311011,-0.9691399917861298,0.0,0.0,0.0,0.0,0.0,0.0,0.0
0.0,0,0,0,0.36277981375024587,1,0,0,0,0,1,0,0,0,-0.48843929783272055,-0.10026780816573135,0.0,0.0,1.0,0.0,0.0,0.0,0.0
1.0,0,1,1,0.40361954021247815,1,0,0,0,0,0,0,0,0,-1.4680624854162763,-0.6341030201144386,0.0,1.0,0.0,1.0,0.0,0.0,1.0
0.0,1,1,0,1.6288113340794463,1,1,0,0,0,0,0,0,0,-1.3479042750142047,-0.2116206204564819,0.0,1.0,0.0,1.0,0.0,0.0,0.0
0.0,0,1,1,-0.37233526256993504,1,1,1,1,1,1,1,1,1,0.8816980735575679,-0.024987346890678167,0.0,0.0,0.0,1.0,1.0,0.0,0.0
1.0,0,0,0,-1.1891297918145805,1,1,0,0,1,0,1,1,1,1.230490656530248,-0.8700633433428916,1.0,0.0,0.0,0.0,0.0,0.0,0.0
1.0,1,1,0,-0.12729690379654143,1,1,0,0,0,0,0,1,1,0.6547325650203217,0.045934186641417546,1.0,0.0,0.0,0.0,0.0,1.0,0.0
0.0,0,1,0,0.8528565312970331,1,0,0,0,0,0,0,0,0,-1.4647247573495523,-0.5482810703181521,0.0,1.0,1.0,0.0,0.0,0.0,0.0
1.0,0,0,0,-1.270809244739045,1,1,0,0,0,0,1,0,1,-0.16134194729374773,-0.9761454113730255,0.0,0.0,0.0,0.0,0.0,1.0,0.0
1.0,0,0,0,-0.9032517065789546,1,1,0,0,0,0,0,0,0,0.3459927188483322,-0.6530287727126868,1.0,0.0,0.0,0.0,0.0,1.0,0.0
1.0,0,1,1,0.8528565312970331,1,1,1,1,0,1,0,0,0,-0.017819640424606507,0.5502354391888633,0.0,0.0,1.0,0.0,0.0,0.0,0.0
1.0,0,0,0,0.8936962577592654,1,0,1,1,0,1,1,1,1,1.3589931870991305,1.5073536701768864,1.0,0.0,1.0,0.0,1.0,0.0,0.0
0.0,0,0,0,1.424612701768285,1,0,1,0,1,1,0,1,1,0.2558740610467784,1.2173960175611873,0.0,0.0,1.0,0.0,0.0,0.0,0.0
0.0,0,0,0,-1.1482900653523482,1,0,0,0,0,0,0,1,1,0.48283956958402513,-0.8616568398386167,1.0,0.0,0.0,0.0,0.0,1.0,0.0
0.0,1,0,0,-1.270809244739045,1,1,0,0,0,0,1,0,1,0.7014607579544608,-0.9646476274796126,1.0,0.0,0.0,0.0,0.0,1.0,0.0
1.0,1,1,0,-0.9032517065789546,1,1,0,0,1,0,0,1,1,0.8383076086901533,-0.5960958389271223,1.0,0.0,0.0,0.0,0.0,1.0,0.0
1.0,0,0,0,0.9345359842214976,1,0,1,0,1,1,0,0,1,-0.18303717972745503,0.4098156954693107,0.0,0.0,0.0,1.0,0.0,1.0,0.0
1.0,0,1,0,1.3429332488438204,1,1,1,1,1,0,0,0,0,0.07897447351039533,0.9140724691622365,0.0,0.0,1.0,0.0,1.0,0.0,0.0
1.0,0,1,0,-1.1482900653523482,1,0,0,0,1,1,0,0,1,0.5312366265515258,-0.8608117416027372,1.0,0.0,0.0,0.0,0.0,0.0,1.0
0.0,0,1,1,1.424612701768285,1,1,0,0,1,1,1,1,1,1.367337507265941,1.9852789619939883,1.0,0.0,0.0,1.0,0.0,0.0,0.0
0.0,0,0,0,-0.33149553610770277,1,1,0,0,1,0,1,0,1,0.8099369201229977,-0.08083054874050344,1.0,0.0,0.0,0.0,1.0,0.0,0.0
1.0,1,1,1,0.07690172851461995,1,1,0,1,1,1,1,1,1,1.475813669434478,0.6096814282548061,1.0,0.0,0.0,0.0,0.0,1.0,0.0
1.0,0,0,0,-0.24981608318323825,1,1,0,0,1,0,1,1,1,1.1236833583950732,0.11601062193763395,1.0,0.0,0.0,0.0,0.0,1.0,0.0
1.0,0,1,1,1.0570551636081944,1,1,0,0,1,1,0,1,0,0.9901742357261049,1.4718817836972085,1.0,0.0,0.0,1.0,0.0,0.0,0.0
1.0,0,0,0,0.2811003608257813,1,0,0,0,0,1,0,0,1,-0.4967836179995311,-0.12602106493279525,0.0,0.0,0.0,1.0,0.0,0.0,0.0
0.0,0,1,1,-0.7807325271922578,1,0,0,0,0,0,0,0,1,-1.4764068055830868,-0.8895673210498993,0.0,1.0,0.0,0.0,0.0,0.0,1.0
0.0,0,1,1,1.6288113340794463,1,1,0,0,0,0,0,0,0,-1.366261779381188,-0.25585484127659436,0.0,1.0,0.0,1.0,0.0,0.0,0.0
0.0,0,1,0,-0.5356941684188642,1,0,0,0,0,0,0,0,0,-0.6603322932690173,-0.6292993038262815,0.0,0.0,0.0,0.0,0.0,0.0,1.0
0.0,1,1,1,1.6288113340794463,1,1,1,1,1,1,1,1,0,0.926757402458345,1.8617834224192855,0.0,0.0,0.0,1.0,1.0,0.0,0.0
0.0,0,0,0,-0.08645717733430915,1,1,0,1,0,0,1,1,1,1.1854313276294715,0.3243940553637041,1.0,0.0,0.0,0.0,0.0,1.0,0.0
1.0,0,1,1,-0.4540147154943996,0,0,0,0,0,0,0,0,1,-1.289494033846531,-0.7511268863564856,0.0,0.0,0.0,0.0,0.0,1.0,0.0
0.0,0,0,0,-0.7807325271922578,0,0,0,0,0,0,0,0,1,-1.3612551872811016,-0.8689736114071522,0.0,0.0,0.0,0.0,0.0,1.0,0.0
0.0,1,0,0,0.1585811814390845,1,1,0,0,0,0,0,0,1,0.3409861267482462,0.1801268907281738,1.0,0.0,0.0,0.0,0.0,0.0,0.0
0.0,0,0,0,-0.12729690379654143,1,0,0,0,0,0,0,0,0,-1.513121814317053,-0.7351812170110756,0.0,1.0,0.0,0.0,1.0,0.0,0.0
1.0,0,0,0,0.7711770783725685,1,1,0,0,1,0,0,0,0,0.5112102581511807,0.8841826789248152,1.0,0.0,0.0,0.0,1.0,0.0,0.0
1.0,0,1,0,-1.270809244739045,1,0,0,0,1,0,0,0,0,0.3843765916156608,-0.9688731186590099,1.0,0.0,0.0,0.0,0.0,1.0,0.0
1.0,0,0,0,-0.82157225365449,1,1,0,0,1,0,1,0,1,0.8299632885233428,-0.5483033097454121,1.0,0.0,0.0,0.0,0.0,1.0,0.0
0.0,0,1,0,1.424612701768285,1,1,0,0,0,0,0,0,1,-1.3161958583803248,-0.23188073869032924,0.0,1.0,0.0,1.0,1.0,0.0,0.0
0.0,1,1,1,0.6486578989858718,0,0,0,1,0,0,0,0,0,-1.160991503277649,-0.3850659136571138,0.0,0.0,1.0,0.0,0.0,0.0,0.0
0.0,1,0,0,0.24026063436354905,1,0,1,1,0,0,0,0,1,-0.2514606050953015,-0.0017026665494727221,0.0,0.0,0.0,0.0,1.0,0.0,0.0
1.0,1,0,0,1.138734616532659,1,1,1,1,0,0,0,1,1,0.23584769264643332,0.9429837246002185,0.0,0.0,1.0,0.0,0.0,1.0,0.0
1.0,1,1,0,0.7303373519103363,1,1,1,1,1,0,1,0,1,1.2421727047637832,1.3392680789459115,1.0,0.0,1.0,0.0,0.0,0.0,0.0
1.0,1,1,0,-1.270809244739045,1,1,0,0,0,0,0,0,1,0.32429748641462514,-0.9696737380403694,1.0,0.0,0.0,0.0,0.0,1.0,0.0
1.0,0,1,0,1.138734616532659,1,0,1,0,0,0,1,0,1,-0.16301081132710996,0.5811927219347639,0.0,0.0,1.0,0.0,0.0,0.0,1.0
1.0,0,0,0,-1.270809244739045,1,0,0,0,0,0,0,0,1,-1.4847511257498973,-0.9937812771901945,0.0,1.0,0.0,0.0,0.0,0.0,0.0
1.0,0,1,1,-0.7807325271922578,1,0,0,0,0,0,1,1,1,0.0022067279757385667,-0.6125307756722521,0.0,0.0,1.0,0.0,0.0,1.0,0.0
1.0,0,1,1,1.3837729753060528,0,0,0,0,1,1,1,1,0,-0.3349038067634068,0.6127059903621642,0.0,0.0,0.0,1.0,0.0,0.0,0.0
1.0,0,0,0,-0.04561745087207687,1,1,0,0,0,1,0,0,0,0.5679516352854924,0.13084431992004467,1.0,0.0,1.0,0.0,1.0,0.0,0.0
1.0,1,1,0,1.0570551636081944,1,1,0,0,1,0,1,1,1,1.1353654066286083,1.58261189202468,1.0,0.0,0.0,0.0,0.0,1.0,0.0
0.0,0,0,1,0.6486578989858718,1,0,0,0,0,0,0,0,0,-1.4930954459167078,-0.5861325755146485,0.0,1.0,1.0,0.0,0.0,0.0,1.0
0.0,0,1,0,0.6078181725236395,1,1,0,0,0,0,0,0,0,-1.2611233452793753,-0.4464022540401556,0.0,1.0,1.0,0.0,0.0,1.0,0.0
0.0,0,1,1,-0.8624119801167224,1,0,0,0,0,0,0,0,0,-1.4714002134830004,-0.8987299650810135,0.0,1.0,1.0,0.0,0.0,0.0,1.0
1.0,0,0,1,-0.9440914330411869,1,0,0,0,0,0,0,0,0,-1.478075669616449,-0.9208804346319599,0.0,1.0,0.0,0.0,0.0,0.0,1.0
0.0,0,1,1,1.3837729753060528,1,1,0,1,1,0,1,1,1,1.2605302091307662,1.9395769389747168,1.0,0.0,1.0,0.0,1.0,0.0,0.0
1.0,0,0,0,0.7711770783725685,0,0,1,0,0,1,0,1,1,-0.6753520695692762,-0.032437555022773526,0.0,0.0,0.0,0.0,1.0,0.0,0.0
0.0,1,0,0,0.97537571068373,1,1,0,1,1,1,1,1,1,1.5776143754695662,1.8522871869792712,1.0,0.0,1.0,0.0,0.0,1.0,0.0
0.0,0,0,0,-0.8624119801167224,1,1,1,0,0,0,0,0,1,0.4778329774839386,-0.5894240107491264,1.0,0.0,0.0,0.0,0.0,0.0,0.0
1.0,0,1,1,-0.24981608318323825,1,1,0,0,1,1,1,1,1,0.5779648194856649,-0.07622698729768634,0.0,0.0,1.0,0.0,1.0,0.0,0.0
1.0,0,0,0,-1.1482900653523482,0,0,0,0,0,0,1,1,1,-0.6720143415025521,-0.925239362374917,0.0,0.0,0.0,0.0,0.0,1.0,0.0
0.0,0,1,1,-1.107450338890116,0,0,0,1,0,0,0,0,1,-1.1409651348773038,-0.9283973610458353,0.0,0.0,0.0,0.0,0.0,1.0,0.0
0.0,0,0,0,1.2204140694571237,1,0,1,0,0,1,0,1,1,0.013888776209273115,0.7082243304438047,0.0,0.0,0.0,1.0,0.0,0.0,1.0
0.0,0,1,1,-0.82157225365449,1,0,0,0,0,0,0,0,0,-1.524803862550588,-0.8988856410718336,0.0,1.0,0.0,0.0,0.0,0.0,1.0
0.0,0,0,0,-0.5765338948810964,1,0,1,0,0,0,0,0,1,0.35767476708186724,-0.38877989800953144,1.0,0.0,0.0,0.0,0.0,1.0,0.0
0.0,1,1,0,-0.4131749890321673,1,1,1,1,0,1,0,0,1,-0.03784600882495206,-0.3881571940462519,0.0,0.0,0.0,0.0,0.0,0.0,1.0
1.0,1,1,0,1.6288113340794463,1,1,1,1,1,0,1,1,1,0.6480571088868732,1.6578033955906928,0.0,0.0,0.0,1.0,1.0,0.0,0.0
0.0,0,1,1,1.3020935223815882,1,0,0,0,0,0,0,0,0,-1.4847511257498973,-0.43443744217428304,0.0,1.0,0.0,1.0,0.0,0.0,1.0
1.0,0,0,0,-1.1891297918145805,1,0,0,0,0,0,1,0,0,-0.37662540759745944,-0.9188344073240412,0.0,0.0,0.0,0.0,1.0,0.0,0.0
0.0,0,0,0,-0.658213347805561,1,0,0,0,0,0,0,0,0,-1.4880888538166215,-0.8610563753025972,0.0,1.0,1.0,0.0,0.0,0.0,0.0
1.0,1,1,0,0.07690172851461995,1,0,0,0,1,0,1,0,1,0.6847721176208398,0.2757564279461142,1.0,0.0,0.0,0.0,1.0,0.0,0.0
0.0,0,1,1,-0.9849311595034191,1,0,0,0,0,0,0,0,0,-1.508115222216967,-0.931888951125653,0.0,1.0,0.0,1.0,0.0,0.0,0.0
1.0,0,0,0,-0.9032517065789546,0,0,0,0,0,0,0,1,1,-1.0274823806086806,-0.8700188644883715,0.0,0.0,0.0,0.0,0.0,0.0,1.0
0.0,0,1,1,-0.9032517065789546,1,1,0,0,0,0,0,0,0,-1.2878251698131689,-0.9024439494334313,0.0,1.0,0.0,1.0,1.0,0.0,0.0
1.0,0,1,1,0.11774145497685222,1,1,0,0,0,1,1,1,1,0.292589069780745,0.18086079182775341,0.0,0.0,1.0,0.0,0.0,0.0,0.0
0.0,0,1,0,-0.20897635672100598,1,0,1,0,0,1,1,1,1,1.2421727047637832,0.18977880215900791,1.0,0.0,1.0,0.0,1.0,0.0,0.0
0.0,0,1,0,0.8120168048348009,1,0,1,0,1,0,1,0,1,-0.012813048324520477,0.5142298064549456,0.0,0.0,1.0,0.0,0.0,0.0,1.0
0.0,0,0,0,0.8120168048348009,1,0,0,0,1,0,0,1,1,-0.1746928595606445,0.35103688922116727,0.0,0.0,0.0,0.0,0.0,1.0,0.0
1.0,0,0,0,-1.270809244739045,1,0,0,0,0,0,0,0,0,-1.506446358183605,-0.9940703897445741,0.0,1.0,0.0,0.0,0.0,0.0,1.0
1.0,0,0,0,-1.1891297918145805,1,1,0,0,0,0,0,0,0,0.3443238548149702,-0.9097607210019668,1.0,0.0,0.0,0.0,0.0,0.0,1.0
0.0,1,0,0,1.3837729753060528,1,1,0,0,1,1,1,1,1,1.2738811213976626,2.1004124769189367,1.0,0.0,1.0,0.0,1.0,0.0,0.0
0.0,0,0,0,-0.7398928007300255,1,0,0,0,0,0,1,1,1,0.8383076086901533,-0.5005552594182219,1.0,0.0,0.0,0.0,0.0,0.0,1.0
0.0,0,0,0,-0.4131749890321673,1,0,1,0,0,1,0,1,1,0.8132746481897217,-0.16378361242025175,1.0,0.0,0.0,0.0,0.0,1.0,0.0
1.0,0,0,0,-0.2906558096454705,1,0,0,0,0,0,0,0,1,-1.508115222216967,-0.773121679916612,0.0,1.0,1.0,0.0,0.0,0.0,0.0
0.0,0,1,1,0.6486578989858718,1,0,1,0,1,0,1,1,1,1.1687426872958504,1.2110355413648313,1.0,0.0,1.0,0.0,0.0,0.0,0.0
1.0,0,0,0,-1.0257708859656514,1,1,0,0,1,0,1,1,1,1.1136701741949007,-0.6856317730758265,1.0,0.0,0.0,0.0,0.0,0.0,0.0
0.0,0,0,0,-0.6990530742677933,0,0,0,1,0,0,0,1,1,-0.8639337053391942,-0.734558513047796,0.0,0.0,0.0,1.0,0.0,0.0,1.0
1.0,0,1,1,-0.4131749890321673,1,0,0,1,1,0,1,1,1,1.1804247355293849,-0.07304674919950829,1.0,0.0,1.0,0.0,0.0,0.0,1.0
0.0,1,0,1,-0.08645717733430915,1,1,0,0,0,1,1,1,1,1.2221463363634375,0.32025752189334655,1.0,0.0,0.0,0.0,0.0,1.0,0.0
0.0,0,1,0,1.4654524282305172,1,0,0,1,0,1,1,0,0,-0.019488504457968993,0.9215004378670718,0.0,0.0,0.0,1.0,0.0,0.0,0.0
1.0,0,0,0,-1.229969518276813,1,0,0,0,0,0,0,1,1,0.5429186747850608,-0.9266404462922961,1.0,0.0,0.0,0.0,0.0,1.0,0.0
0.0,0,1,1,1.3429332488438204,1,1,0,0,0,0,0,0,0,-1.2911628978798932,-0.26670768177946763,0.0,1.0,0.0,1.0,1.0,0.0,0.0
1.0,0,1,0,1.6288113340794463,1,0,1,1,0,1,1,1,1,0.4895150257174732,1.5562136918670761,0.0,0.0,0.0,1.0,0.0,0.0,0.0
0.0,1,0,0,0.5261387195991749,0,0,0,0,0,0,0,1,0,-1.0174691964085079,-0.2926166145373515,0.0,0.0,1.0,0.0,0.0,1.0,0.0
0.0,0,1,1,-0.9032517065789546,1,0,0,0,1,1,0,0,0,-0.3165463023964235,-0.7677619779469553,0.0,0.0,0.0,0.0,1.0,0.0,0.0
0.0,1,0,0,0.24026063436354905,1,1,0,0,0,1,1,1,1,1.1637360951957638,0.6581856191088359,1.0,0.0,0.0,0.0,0.0,1.0,0.0
1.0,0,1,1,-1.270809244739045,1,0,0,0,0,0,0,0,1,0.1991326839124672,-0.9713416950848683,1.0,0.0,0.0,0.0,0.0,0.0,1.0
0.0,0,0,0,-1.229969518276813,1,0,0,0,0,0,0,0,0,-1.508115222216967,-0.9887329272021774,0.0,1.0,0.0,0.0,0.0,0.0,1.0
0.0,0,1,1,1.5062921546927495,1,0,0,1,1,1,0,0,0,-0.1863749077941793,0.8363011920340648,0.0,0.0,1.0,0.0,0.0,0.0,0.0
0.0,0,1,1,-0.7398928007300255,1,1,0,0,0,0,0,0,0,-1.306182674180152,-0.837104512143592,0.0,1.0,0.0,0.0,0.0,0.0,1.0
1.0,0,0,0,0.7711770783725685,1,1,1,0,0,1,0,0,0,-0.1596730832603857,0.35099241036664736,0.0,0.0,1.0,0.0,1.0,0.0,0.0
1.0,0,0,0,0.5669784460614072,1,0,0,0,0,0,0,0,0,-1.489757717849984,-0.6015667380330788,0.0,1.0,0.0,1.0,0.0,0.0,0.0
0.0,1,1,0,-0.49485444195663186,1,0,0,0,0,0,1,1,1,0.878360345490844,-0.17568170600434432,1.0,0.0,1.0,0.0,0.0,0.0,0.0
1.0,0,0,0,1.0570551636081944,1,0,0,1,1,1,1,0,0,0.18077517954548367,0.7981605742831885,0.0,0.0,0.0,1.0,0.0,0.0,0.0
1.0,1,1,1,1.0570551636081944,1,1,1,1,0,1,0,0,1,0.8399764727235153,1.27710887975425,1.0,0.0,1.0,0.0,0.0,0.0,0.0
1.0,1,1,0,1.6288113340794463,1,0,1,1,0,1,0,0,1,0.6714212053539428,1.7289695628226482,1.0,0.0,0.0,1.0,1.0,0.0,0.0
1.0,0,0,0,-1.229969518276813,1,1,0,1,0,0,0,0,1,-0.34324812693021733,-0.9520156327959405,0.0,0.0,0.0,0.0,0.0,0.0,1.0
1.0,0,1,1,1.6288113340794463,1,1,1,1,1,1,1,1,1,0.910068762124724,1.939465741838417,0.0,0.0,0.0,1.0,1.0,0.0,0.0
0.0,0,1,1,0.8528565312970331,0,0,1,1,1,0,0,1,1,-0.5334986267334972,0.10707037217911936,0.0,0.0,0.0,0.0,0.0,0.0,0.0
1.0,0,1,1,-0.2906558096454705,1,0,1,0,0,1,0,0,0,-0.34658585499694156,-0.42596422038822834,0.0,0.0,0.0,0.0,0.0,1.0,0.0
1.0,0,1,1,0.7303373519103363,1,0,1,0,0,1,1,1,0,0.36101249514859124,0.787774761752775,0.0,0.0,1.0,0.0,0.0,1.0,0.0
1.0,0,1,0,0.97537571068373,1,1,0,1,0,0,1,1,0,1.1887690556961954,1.4944770417933546,1.0,0.0,1.0,0.0,1.0,0.0,0.0
1.0,0,0,0,-1.270809244739045,1,0,0,0,0,0,0,0,1,-0.6586634292356551,-0.9827727606965013,0.0,0.0,0.0,0.0,0.0,0.0,1.0
0.0,0,1,1,1.138734616532659,0,0,0,1,0,0,1,1,1,-0.49845248203289305,0.36249019426006013,0.0,0.0,0.0,0.0,0.0,1.0,0.0
0.0,0,1,1,1.0978948900704268,1,0,0,0,0,0,0,0,0,-1.508115222216967,-0.4589452910147877,0.0,1.0,0.0,1.0,1.0,0.0,0.0
1.0,0,0,0,-1.1482900653523482,1,0,0,0,1,1,1,1,1,0.32429748641462514,-0.8694628788068719,0.0,0.0,0.0,0.0,0.0,1.0,0.0
1.0,0,1,1,-1.229969518276813,1,0,0,0,0,0,1,1,1,0.8299632885233428,-0.9202354912414201,1.0,0.0,0.0,0.0,0.0,0.0,0.0
1.0,0,0,0,-1.0257708859656514,1,1,0,0,0,0,0,1,1,0.6847721176208398,-0.7347586678931358,1.0,0.0,0.0,0.0,0.0,0.0,1.0
0.0,0,1,0,1.5879716076172141,1,1,1,1,1,1,1,1,0,0.8483207928903258,1.8042500240977013,0.0,0.0,0.0,1.0,0.0,1.0,0.0
1.0,0,0,1,-1.1891297918145805,1,0,0,0,0,0,0,0,0,-1.46305589331619,-0.9757895805368656,0.0,1.0,0.0,0.0,0.0,0.0,1.0
1.0,0,0,0,0.36277981375024587,1,1,0,1,0,0,1,0,1,0.8182812402898082,0.6188218328586604,1.0,0.0,0.0,0.0,0.0,1.0,0.0
1.0,0,0,0,-1.1891297918145805,1,0,0,0,0,0,0,0,1,-1.509784086250329,-0.971964399048148,0.0,1.0,1.0,0.0,0.0,0.0,1.0
0.0,1,0,0,1.3020935223815882,0,0,0,1,0,1,1,0,1,-0.6953784379696215,0.22084728204120851,0.0,0.0,0.0,0.0,0.0,1.0,0.0
0.0,0,1,1,-1.1482900653523482,1,0,0,0,0,0,0,1,0,0.5395809467183363,-0.8681062737440127,1.0,0.0,0.0,0.0,0.0,1.0,0.0
1.0,0,1,1,-0.7807325271922578,1,0,0,0,0,0,0,0,0,-0.6636700213357416,-0.7540402513275438,0.0,0.0,0.0,0.0,0.0,0.0,0.0
1.0,0,1,1,0.07690172851461995,1,0,0,0,0,0,1,0,0,0.45446888101686905,0.13780526065242035,1.0,0.0,0.0,0.0,0.0,1.0,0.0
0.0,0,1,1,1.5062921546927495,1,0,0,0,0,0,0,0,0,-1.4864199897832595,-0.4078613265985996,0.0,1.0,0.0,1.0,0.0,0.0,0.0
0.0,0,0,0,1.3837729753060528,1,1,0,0,1,0,1,0,1,0.9167442182581725,1.6912737336169719,1.0,0.0,1.0,0.0,0.0,0.0,0.0
0.0,0,0,0,-0.2906558096454705,0,0,0,0,1,0,1,1,1,-0.5485184030337562,-0.4272985860238275,0.0,0.0,0.0,0.0,0.0,1.0,0.0
0.0,0,0,0,0.5669784460614072,1,0,0,0,0,0,0,0,1,-1.4547115731493794,-0.5859546600965686,0.0,1.0,0.0,1.0,0.0,1.0,0.0
1.0,0,1,0,1.6288113340794463,1,1,1,1,1,1,0,0,1,0.1040074340108269,1.134287277890619,0.0,0.0,0.0,1.0,0.0,0.0,0.0
1.0,0,1,1,-0.0047777244098446,0,0,0,0,1,1,0,0,1,-0.9490457710406616,-0.4907921508510879,0.0,0.0,1.0,0.0,0.0,0.0,1.0
0.0,0,1,1,0.2811003608257813,1,1,0,1,1,1,0,0,1,0.8299632885233428,0.5426295550659479,1.0,0.0,1.0,0.0,0.0,1.0,0.0
0.0,1,0,0,-0.9849311595034191,1,1,0,0,1,0,1,1,0,1.2238152003967995,-0.6556085462748452,1.0,0.0,0.0,0.0,0.0,1.0,0.0
1.0,0,0,0,-1.0666106124278838,1,0,0,0,0,0,1,0,1,0.5278988984848018,-0.7968066699484971,1.0,0.0,0.0,0.0,1.0,0.0,0.0
1.0,0,1,0,0.4444592666747104,1,0,1,0,1,1,0,0,1,0.6530637009869596,0.57145185279489,1.0,0.0,1.0,0.0,0.0,0.0,0.0
0.0,0,0,0,-1.270809244739045,1,0,0,0,0,0,1,0,0,0.4461245608500585,-0.9680502598503904,1.0,0.0,0.0,0.0,0.0,1.0,0.0
0.0,0,1,1,1.547131881154982,1,1,1,1,1,1,1,1,1,1.684421673604741,2.6667394920944836,1.0,0.0,0.0,1.0,1.0,0.0,0.0
0.0,0,0,0,-1.229969518276813,1,1,0,0,0,0,1,1,1,1.0452467488270545,-0.9250169681023171,1.0,0.0,0.0,0.0,0.0,1.0,0.0
1.0,0,1,0,-0.33149553610770277,1,1,0,1,1,0,1,1,1,1.333960226598699,0.12808663093980627,1.0,0.0,0.0,0.0,0.0,1.0,0.0
0.0,0,1,1,-0.9032517065789546,1,0,0,1,1,0,0,0,1,-0.3048642541628889,-0.7575540808346216,0.0,0.0,0.0,0.0,0.0,0.0,1.0
0.0,1,1,1,1.6288113340794463,1,1,1,1,1,1,1,1,1,0.8499896569236883,1.9846340186034492,0.0,0.0,0.0,1.0,0.0,0.0,0.0
0.0,0,0,0,-0.9440914330411869,1,0,0,0,0,0,0,0,0,-1.4830822617165353,-0.9199686181143003,0.0,1.0,0.0,0.0,0.0,0.0,1.0
1.0,1,0,0,0.5261387195991749,1,1,0,0,0,0,1,1,1,0.9751544594258462,0.8654570811719067,1.0,0.0,0.0,0.0,0.0,0.0,0.0
0.0,0,0,0,1.0570551636081944,1,0,1,1,1,0,1,1,1,1.3940393317997346,1.7308376747124874,1.0,0.0,1.0,0.0,0.0,1.0,0.0
0.0,0,0,0,-1.0257708859656514,1,0,0,0,0,0,0,0,0,-1.4830822617165353,-0.9453215651906846,0.0,1.0,1.0,0.0,0.0,0.0,1.0
1.0,0,0,1,-0.5356941684188642,1,1,0,0,0,0,0,0,1,-1.354579731147653,-0.8074148767515106,0.0,1.0,0.0,0.0,1.0,0.0,0.0
1.0,0,0,0,0.11774145497685222,1,1,1,0,1,1,1,1,1,1.4774825334678399,0.7877302828982552,1.0,0.0,0.0,1.0,0.0,1.0,0.0
0.0,0,1,0,1.547131881154982,0,0,1,0,1,1,0,1,1,-0.49511475396616883,0.49626034922887674,0.0,0.0,0.0,1.0,0.0,0.0,0.0
1.0,0,0,0,0.4444592666747104,1,1,0,0,0,0,1,1,0,0.9901742357261049,0.7413833164884441,1.0,0.0,1.0,0.0,0.0,0.0,1.0
1.0,0,0,0,-0.12729690379654143,1,0,0,1,0,1,1,0,0,0.8333010165900673,0.16420346081002388,1.0,0.0,0.0,0.0,0.0,0.0,1.0
0.0,0,1,0,1.5879716076172141,1,1,0,0,0,0,0,0,0,-1.3245401785471353,-0.2230516860681148,0.0,1.0,0.0,1.0,0.0,0.0,0.0
1.0,0,1,0,0.3219400872880136,1,1,0,1,1,0,1,1,1,1.3790195554994755,0.8558496485955925,1.0,0.0,1.0,0.0,0.0,0.0,0.0
0.0,0,0,0,-0.04561745087207687,0,0,1,1,0,1,0,1,1,-0.49511475396616883,-0.32664293824513024,0.0,0.0,0.0,1.0,0.0,0.0,0.0
1.0,0,0,0,-0.5356941684188642,0,0,0,0,0,0,0,0,1,-1.319533586447049,-0.7944492906589387,0.0,0.0,0.0,0.0,0.0,0.0,0.0
1.0,0,0,0,1.6288113340794463,1,1,1,1,1,1,1,1,0,0.9117376261580861,1.947405217370232,0.0,0.0,0.0,1.0,0.0,0.0,0.0
1.0,0,0,0,-1.107450338890116,1,1,0,1,1,0,0,0,1,0.6881098456875638,-0.8141089443567663,1.0,0.0,0.0,0.0,0.0,1.0,0.0
0.0,0,1,1,1.6288113340794463,1,1,1,1,1,1,1,1,1,1.7261432744387937,2.7971737329743025,1.0,0.0,0.0,1.0,1.0,0.0,0.0
1.0,0,1,0,0.7711770783725685,1,1,0,0,0,0,1,1,1,1.000187419926278,1.137890065106737,1.0,0.0,0.0,0.0,0.0,1.0,0.0
0.0,0,0,0,-1.229969518276813,1,0,0,0,0,0,0,0,1,-0.6286238766351373,-0.9557963354301381,0.0,0.0,0.0,0.0,0.0,0.0,1.0
0.0,1,1,0,-0.6990530742677933,1,0,0,1,0,0,1,1,1,1.000187419926278,-0.43119048579432506,1.0,0.0,0.0,0.0,0.0,1.0,0.0
0.0,0,1,1,0.7711770783725685,0,0,0,0,1,1,1,1,1,-0.2848378857625436,0.2866537473035074,0.0,0.0,1.0,0.0,0.0,1.0,0.0
0.0,0,1,0,1.5879716076172141,1,1,0,0,0,0,0,0,1,-1.3445665469474806,-0.2353278499156271,0.0,1.0,0.0,1.0,1.0,0.0,0.0
0.0,0,0,0,-1.0666106124278838,1,0,0,0,0,0,0,0,0,-1.4914265818833459,-0.9541950966674191,0.0,1.0,0.0,0.0,0.0,0.0,1.0
1.0,0,1,1,1.0570551636081944,1,1,1,1,1,1,0,0,0,0.23084110054634682,0.8788007375278984,0.0,0.0,0.0,1.0,1.0,0.0,0.0
0.0,0,0,0,-1.0666106124278838,1,1,0,0,0,0,0,0,1,0.30593998204764156,-0.82427236261458,1.0,0.0,0.0,0.0,0.0,0.0,1.0
0.0,1,1,0,-0.8624119801167224,1,1,0,0,1,0,1,1,1,1.1637360951957638,-0.49962120347330236,1.0,0.0,0.0,0.0,0.0,1.0,0.0
1.0,0,1,1,-1.270809244739045,1,0,0,0,0,0,0,0,0,-1.5031086301168806,-0.9940259108900542,0.0,1.0,1.0,0.0,0.0,0.0,1.0
0.0,1,0,0,-1.1891297918145805,1,0,0,0,1,0,1,0,1,0.739844630721789,-0.90448997674135,1.0,0.0,0.0,0.0,0.0,1.0,0.0
0.0,0,1,1,1.261253795919356,1,0,1,1,1,1,1,0,0,0.36268135918195327,1.091231746715286,0.0,0.0,0.0,1.0,1.0,0.0,0.0
0.0,1,0,0,-1.270809244739045,0,0,0,0,0,0,0,0,0,-1.3228713145137732,-0.9916240527459756,0.0,0.0,0.0,0.0,0.0,0.0,1.0
0.0,0,1,1,1.424612701768285,1,1,0,1,0,1,1,0,0,0.9818299155592943,1.8006472368815838,1.0,0.0,0.0,1.0,1.0,0.0,0.0
0.0,0,1,0,1.6288113340794463,1,1,1,1,0,0,0,1,1,0.9935119637928294,2.0759268675056926,1.0,0.0,0.0,1.0,1.0,0.0,0.0
0.0,0,1,0,-0.9849311595034191,1,0,1,0,0,1,0,1,0,0.02723968847617015,-0.7517495903197653,0.0,0.0,0.0,1.0,0.0,0.0,1.0
1.0,0,0,0,-0.658213347805561,1,0,0,0,0,0,0,0,1,0.17576858744539764,-0.466573414564963,1.0,0.0,0.0,0.0,1.0,0.0,0.0
1.0,0,1,0,1.4654524282305172,1,0,0,1,0,1,1,1,1,1.1887690556961954,2.0014915044665185,1.0,0.0,1.0,0.0,0.0,1.0,0.0
1.0,0,0,0,-0.33149553610770277,1,1,0,0,0,0,0,0,0,-1.337891090814032,-0.739162074490613,0.0,1.0,1.0,0.0,0.0,1.0,0.0
1.0,0,0,0,1.424612701768285,0,0,1,0,0,1,1,0,0,-0.6937095739362594,0.3748330763893525,0.0,0.0,0.0,1.0,0.0,1.0,0.0
0.0,0,0,1,1.1795743429948913,1,1,0,0,0,0,0,0,1,-1.3245401785471353,-0.3363170891032242,0.0,1.0,0.0,1.0,1.0,0.0,0.0
0.0,0,1,1,-0.08645717733430915,1,0,0,0,0,0,0,0,0,-1.506446358183605,-0.7321121760491975,0.0,1.0,1.0,0.0,0.0,0.0,0.0
0.0,0,0,0,-0.5765338948810964,1,0,1,0,0,0,1,1,1,1.0469156128604165,-0.22852258517407137,1.0,0.0,0.0,0.0,0.0,1.0,0.0
1.0,0,1,0,1.424612701768285,1,1,1,1,1,0,1,1,0,1.50919095010172,2.258601523019218,1.0,0.0,1.0,0.0,1.0,0.0,0.0
1.0,0,0,0,-1.1891297918145805,1,0,0,0,0,0,0,0,1,-1.5214661344838636,-0.9791699734803834,0.0,1.0,0.0,0.0,0.0,0.0,1.0
0.0,0,0,0,0.3219400872880136,0,0,1,0,0,1,1,1,1,-0.33824153483013103,-0.008129861027608837,0.0,0.0,1.0,0.0,0.0,0.0,0.0
0.0,0,1,1,0.40361954021247815,1,1,0,0,0,0,1,1,1,0.9851676436260188,0.8592522809663706,1.0,0.0,0.0,0.0,0.0,1.0,0.0
1.0,0,0,0,0.24026063436354905,1,0,0,0,1,1,0,1,1,-0.0795676096590047,0.044622060433078446,0.0,0.0,1.0,0.0,0.0,0.0,1.0
0.0,0,1,0,-0.9440914330411869,1,0,0,1,0,0,0,0,0,-0.4617374732989267,-0.7952276706130382,0.0,0.0,0.0,0.0,0.0,0.0,1.0
1.0,0,0,0,-1.270809244739045,0,0,0,0,0,0,0,0,0,-1.3312156346805837,-0.9917352498822756,0.0,0.0,0.0,0.0,0.0,0.0,0.0
0.0,1,0,0,1.0978948900704268,1,1,0,0,1,0,1,1,1,1.1620672311624018,1.6170385254231383,1.0,0.0,1.0,0.0,0.0,1.0,0.0
1.0,0,0,0,-0.82157225365449,1,1,0,0,0,0,1,1,1,1.0469156128604165,-0.4921042770594271,1.0,0.0,0.0,0.0,0.0,1.0,0.0
1.0,0,1,1,-0.4131749890321673,1,0,1,0,1,1,1,0,1,0.09399424981065437,-0.3159902525875969,0.0,0.0,1.0,0.0,0.0,0.0,0.0
1.0,0,0,0,-1.270809244739045,1,0,0,0,0,0,0,1,1,-0.2998576620628024,-0.9779912838356043,0.0,0.0,0.0,0.0,0.0,0.0,1.0
1.0,0,0,0,-1.229969518276813,1,0,0,0,1,0,1,1,1,1.040240156726968,-0.9148313104172436,1.0,0.0,0.0,0.0,0.0,1.0,0.0
1.0,0,1,0,0.1585811814390845,1,1,0,0,0,0,1,1,1,1.0118694681598124,0.5274177868201174,1.0,0.0,0.0,0.0,0.0,0.0,0.0
1.0,0,1,0,-0.33149553610770277,1,0,0,0,0,0,0,0,0,-1.4880888538166215,-0.7652934015210968,0.0,1.0,1.0,0.0,0.0,0.0,1.0
1.0,1,1,0,1.6288113340794463,1,1,0,1,0,0,1,1,0,1.1236833583950732,2.0793517393037297,1.0,0.0,0.0,1.0,0.0,0.0,0.0
1.0,0,1,0,1.4654524282305172,1,1,0,0,0,0,0,0,0,-1.3161958583803248,-0.23408244198906789,0.0,1.0,0.0,1.0,0.0,0.0,0.0
0.0,0,0,0,-0.9440914330411869,1,0,0,0,0,0,0,0,1,-0.6836963897360867,-0.8233605460969207,0.0,0.0,0.0,0.0,0.0,0.0,0.0
0.0,0,0,1,-0.9440914330411869,1,0,1,0,1,1,0,1,0,0.9451149068253282,-0.61568877434317,1.0,0.0,0.0,0.0,0.0,0.0,0.0
1.0,0,0,0,-0.7807325271922578,1,1,0,0,0,1,1,1,0,1.2037888319964545,-0.41864744881969285,1.0,0.0,0.0,0.0,0.0,1.0,0.0
0.0,0,0,0,-1.270809244739045,1,0,0,0,0,0,0,0,0,-1.4814133976831734,-0.9937367983356743,0.0,1.0,0.0,0.0,1.0,0.0,0.0
1.0,0,1,0,-0.8624119801167224,1,1,0,0,0,0,0,0,1,0.34265499078160816,-0.6355041040318177,1.0,0.0,0.0,0.0,0.0,1.0,0.0
0.0,1,1,0,0.19942090790131678,1,0,0,0,1,1,1,0,0,0.8449830648236019,0.49694977147393643,1.0,0.0,0.0,0.0,0.0,1.0,0.0
0.0,0,0,0,-0.82157225365449,1,1,1,1,1,0,0,1,1,1.1687426872958504,-0.4519176320006321,1.0,0.0,0.0,0.0,0.0,0.0,0.0
0.0,0,1,0,-0.5356941684188642,1,0,1,0,0,0,0,0,1,0.2842447496139345,-0.36178123331590833,1.0,0.0,0.0,0.0,0.0,1.0,0.0
1.0,1,0,0,0.8120168048348009,1,1,0,1,1,1,1,1,1,1.5375616386688755,1.5912407898015544,1.0,0.0,0.0,0.0,0.0,1.0,0.0
0.0,0,1,0,1.5062921546927495,1,1,1,1,1,1,1,1,1,1.7127923621718966,2.6368719412843227,1.0,0.0,0.0,1.0,0.0,1.0,0.0
0.0,0,1,1,-0.33149553610770277,1,0,0,0,0,0,0,0,0,-1.5014397660835184,-0.8014769496730942,0.0,1.0,0.0,1.0,0.0,0.0,1.0
0.0,0,0,0,-0.4131749890321673,1,1,0,0,0,0,1,0,1,0.6497259729202357,-0.19238351587659389,1.0,0.0,0.0,0.0,0.0,0.0,0.0
0.0,0,1,0,0.03606200205238767,1,0,0,0,0,0,0,0,0,-1.489757717849984,-0.7050023142192744,0.0,1.0,0.0,0.0,0.0,0.0,1.0
0.0,0,0,0,-1.107450338890116,1,0,0,0,0,0,0,0,0,-1.4864199897832595,-0.9503031968969216,0.0,1.0,0.0,0.0,0.0,0.0,1.0
0.0,0,1,0,-0.4131749890321673,1,0,0,0,0,0,0,0,1,0.15240449097832806,-0.3115646065628596,1.0,0.0,0.0,0.0,0.0,1.0,0.0
1.0,0,1,0,1.1795743429948913,1,1,1,1,0,0,1,1,1,1.385695011632924,1.8328499275540437,1.0,0.0,0.0,0.0,0.0,1.0,0.0
1.0,0,1,1,1.1795743429948913,1,1,0,0,1,1,1,1,1,0.5445875388184228,1.2105685133923714,0.0,0.0,0.0,1.0,0.0,0.0,0.0
0.0,0,1,0,-0.7807325271922578,1,0,0,0,0,0,0,0,0,-0.6970473020029837,-0.739162074490613,0.0,0.0,1.0,0.0,0.0,1.0,0.0
0.0,0,1,1,0.8528565312970331,1,0,0,0,0,0,0,0,1,-1.496433173983432,-0.540430552495377,0.0,1.0,1.0,0.0,0.0,0.0,0.0
1.0,1,1,0,-0.0047777244098446,1,1,0,0,0,0,0,1,1,0.6780966614873912,0.1723875700416988,1.0,0.0,0.0,0.0,0.0,1.0,0.0
1.0,0,0,0,-1.270809244739045,1,0,0,0,0,0,0,0,0,-1.511452950283691,-0.9941371080263541,0.0,1.0,0.0,0.0,0.0,0.0,1.0
0.0,0,1,1,-0.12729690379654143,1,0,0,0,0,0,1,1,1,0.7715530473556691,0.16335836257414435,1.0,0.0,0.0,0.0,1.0,0.0,0.0
0.0,1,0,0,-0.12729690379654143,1,1,1,1,0,0,0,0,1,-0.2047324121611626,-0.23819673603216532,0.0,0.0,0.0,0.0,0.0,0.0,0.0
1.0,0,0,1,-1.270809244739045,0,0,0,1,0,0,0,0,1,-1.1125944463101478,-0.9888218849112175,0.0,0.0,0.0,0.0,0.0,0.0,1.0
1.0,0,1,1,-0.5356941684188642,1,1,0,0,0,1,1,1,1,1.210464288129903,-0.1685428498538888,1.0,0.0,1.0,0.0,0.0,1.0,0.0
0.0,0,0,0,-1.0257708859656514,1,1,0,1,0,0,0,0,1,0.4628132011836796,-0.7701638360910338,1.0,0.0,0.0,0.0,0.0,0.0,0.0
1.0,0,0,0,1.5879716076172141,1,1,1,1,1,1,1,1,1,1.7228055463720693,2.693226649961127,1.0,0.0,1.0,0.0,0.0,0.0,0.0
1.0,1,0,0,-1.270809244739045,1,0,0,0,0,0,0,0,0,-0.6136041003348784,-0.9821722961604815,0.0,0.0,0.0,0.0,0.0,1.0,0.0
0.0,0,1,1,1.5879716076172141,1,0,0,0,0,0,0,0,0,-1.4747379415497248,-0.3351606388857049,0.0,1.0,0.0,1.0,0.0,0.0,0.0
1.0,0,0,0,-1.270809244739045,1,0,0,0,0,0,0,1,0,0.5078725300844568,-0.9672274010417709,1.0,0.0,0.0,0.0,0.0,1.0,0.0
0.0,0,1,1,0.7711770783725685,1,1,0,0,0,1,0,0,1,0.5362432186516123,0.8283839559295096,1.0,0.0,0.0,0.0,0.0,1.0,0.0
0.0,0,0,0,-0.08645717733430915,1,1,1,0,0,1,1,1,0,1.3923704677663726,0.42585032252376076,1.0,0.0,0.0,0.0,0.0,0.0,0.0
1.0,0,0,1,-0.9849311595034191,1,0,0,0,0,0,0,0,0,-1.479744533649811,-0.9232822927760385,0.0,1.0,0.0,0.0,0.0,0.0,1.0
0.0,0,1,0,1.0978948900704268,1,1,1,1,1,1,0,1,1,1.4123968361667176,1.7337065608290256,1.0,0.0,1.0,0.0,1.0,0.0,0.0
0.0,0,0,0,-0.1681366302587737,1,0,0,0,0,0,0,1,1,0.5312366265515258,-0.004237961257111263,1.0,0.0,0.0,0.0,0.0,1.0,0.0
0.0,1,1,0,0.97537571068373,1,1,1,1,1,1,0,0,0,1.03356470059352,1.4310057163933543,1.0,0.0,1.0,0.0,0.0,1.0,0.0
0.0,0,0,0,-1.1482900653523482,1,1,0,0,0,1,1,1,1,1.2071265600631784,-0.8251841791322395,1.0,0.0,0.0,0.0,0.0,0.0,1.0
1.0,0,0,1,1.1795743429948913,1,0,0,0,0,0,0,0,0,-1.4997709020501564,-0.5027347232897005,0.0,1.0,0.0,1.0,0.0,0.0,1.0
1.0,1,0,0,-1.107450338890116,1,0,0,0,1,0,0,0,0,-0.4784261136325478,-0.8972399234545946,0.0,0.0,0.0,0.0,0.0,1.0,0.0
1.0,0,0,0,-1.107450338890116,0,0,0,1,0,0,1,1,1,-0.4567308811988404,-0.8666829503993736,0.0,0.0,0.0,0.0,0.0,0.0,1.0
1.0,0,1,1,0.4444592666747104,1,0,0,0,0,0,0,0,1,-1.5181284064171394,-0.657498897591944,0.0,1.0,1.0,0.0,0.0,0.0,1.0
0.0,0,0,0,1.261253795919356,1,0,0,0,0,0,0,0,1,-1.4714002134830004,-0.4251191221523488,0.0,1.0,0.0,1.0,0.0,0.0,1.0
0.0,0,1,0,0.8936962577592654,1,0,0,0,0,0,0,0,0,-1.489757717849984,-0.5124311135750543,0.0,1.0,0.0,1.0,1.0,0.0,0.0
0.0,0,1,1,-0.6173736213433287,1,1,0,0,0,0,0,1,1,0.6931164377876503,-0.3571109535913113,1.0,0.0,0.0,0.0,0.0,1.0,0.0
0.0,0,0,0,-0.6990530742677933,1,0,0,1,0,0,0,0,0,-0.5284920346334109,-0.6750458057000731,0.0,0.0,0.0,0.0,0.0,1.0,0.0
0.0,0,0,0,0.7711770783725685,0,0,0,1,1,0,1,1,1,-0.27649356559573307,0.2997972488141593,0.0,0.0,1.0,0.0,1.0,0.0,0.0
1.0,1,1,1,-0.12729690379654143,1,1,0,0,1,0,1,1,1,1.3105961301316293,0.3159430730049093,1.0,0.0,0.0,0.0,0.0,1.0,0.0
1.0,0,1,1,1.5062921546927495,1,1,1,0,1,1,1,1,0,0.7415134947551515,1.752298722018374,0.0,0.0,0.0,1.0,0.0,0.0,0.0
1.0,0,1,0,1.6288113340794463,1,1,1,1,1,1,0,1,1,0.5879780036858375,1.6573141281909731,0.0,0.0,0.0,1.0,0.0,0.0,0.0
1.0,0,1,1,-0.9849311595034191,1,0,0,0,1,0,0,0,1,-0.45506201716547845,-0.8181565201180838,0.0,0.0,0.0,0.0,0.0,1.0,0.0
1.0,1,1,0,1.4654524282305172,0,0,1,1,1,0,0,0,1,-0.7587952712373814,0.31636562212284897,0.0,0.0,0.0,1.0,0.0,1.0,0.0
0.0,0,0,0,-0.9032517065789546,1,1,0,0,1,0,1,1,1,1.198782239896368,-0.5312011901824827,1.0,0.0,0.0,0.0,0.0,1.0,0.0
1.0,0,1,0,1.2204140694571237,0,0,0,0,0,1,1,0,1,-0.8572582492057458,0.036904979173863095,0.0,0.0,0.0,1.0,0.0,0.0,0.0
0.0,0,1,0,-0.5356941684188642,1,1,0,0,0,0,1,0,1,0.739844630721789,-0.3069388056927825,1.0,0.0,0.0,0.0,0.0,1.0,0.0
1.0,0,1,1,0.24026063436354905,1,0,1,1,1,1,1,0,0,0.3126154381810901,0.24366493440995438,0.0,0.0,1.0,0.0,0.0,1.0,0.0
1.0,0,1,0,0.03606200205238767,1,0,0,0,0,0,1,1,0,0.8867046656576545,0.31560948159600954,1.0,0.0,0.0,0.0,0.0,1.0,0.0
0.0,0,1,1,0.7711770783725685,1,0,0,0,0,0,0,0,0,-1.4930954459167078,-0.545189789929014,0.0,1.0,0.0,1.0,0.0,0.0,1.0
0.0,0,0,0,-0.08645717733430915,1,0,0,0,0,1,1,0,0,0.6831032535874778,0.13406903687274266,1.0,0.0,0.0,0.0,0.0,1.0,0.0
1.0,0,1,1,-0.12729690379654143,1,1,0,1,1,0,1,1,0,0.5145479862179048,-0.01898270153048191,0.0,0.0,0.0,0.0,1.0,0.0,0.0
1.0,0,0,0,-1.270809244739045,1,0,0,0,0,0,0,0,0,-1.4747379415497248,-0.9936478406266345,0.0,1.0,0.0,0.0,0.0,0.0,1.0
1.0,1,1,0,0.4852989931369427,1,1,0,0,1,0,1,0,1,0.8182812402898082,0.794268674512691,1.0,0.0,0.0,0.0,0.0,1.0,0.0
1.0,0,0,0,0.4852989931369427,1,0,1,0,0,1,1,0,0,0.023901960409446126,0.23132205228066208,0.0,0.0,1.0,0.0,0.0,1.0,0.0
1.0,1,0,0,-1.270809244739045,1,0,0,0,0,0,1,0,1,0.48117070555066266,-0.9675832318779307,1.0,0.0,0.0,0.0,0.0,1.0,0.0
1.0,0,1,0,0.40361954021247815,1,1,0,0,1,1,1,1,1,1.384026147599562,1.00443126211956,1.0,0.0,0.0,0.0,0.0,0.0,0.0
1.0,0,1,0,-0.2906558096454705,1,0,0,0,0,1,1,1,1,1.035233564626882,0.03730528886454288,1.0,0.0,0.0,0.0,1.0,0.0,0.0
0.0,0,0,0,-0.1681366302587737,1,0,0,0,1,0,1,0,1,-0.1713551314939205,-0.2704439055591452,0.0,0.0,0.0,0.0,0.0,0.0,0.0
1.0,0,1,0,-0.9032517065789546,1,0,0,1,0,1,1,1,1,1.1737492793959363,-0.5620250363648235,1.0,0.0,0.0,0.0,0.0,1.0,0.0
1.0,0,1,1,-1.229969518276813,1,0,0,0,0,0,0,0,1,-0.6736832055359141,-0.9627127973079936,0.0,0.0,0.0,0.0,0.0,1.0,0.0
0.0,0,1,0,-0.4131749890321673,1,0,0,1,1,0,0,0,1,-0.33323494273004456,-0.4784715081490556,0.0,0.0,0.0,0.0,0.0,0.0,1.0
1.0,0,0,0,-1.270809244739045,1,0,0,0,0,0,0,0,1,-0.6887029818361732,-0.9831730703871809,0.0,0.0,0.0,0.0,0.0,0.0,0.0
0.0,1,0,0,-1.107450338890116,1,0,0,0,0,0,0,0,1,0.14572903484487953,-0.8611008541571171,1.0,0.0,0.0,0.0,0.0,0.0,1.0
1.0,1,1,1,1.3837729753060528,1,1,1,1,1,1,1,0,0,0.49118388975083566,1.2899410292832623,0.0,0.0,0.0,1.0,1.0,0.0,0.0
0.0,0,0,0,-1.229969518276813,1,0,1,0,0,0,1,1,1,0.20247041197919122,-0.9374265685133895,0.0,0.0,0.0,0.0,0.0,1.0,0.0
1.0,0,0,0,-1.1891297918145805,1,0,0,1,0,0,0,0,0,0.3259663504479871,-0.9044232584595702,1.0,0.0,0.0,0.0,1.0,0.0,0.0
0.0,0,0,0,-0.9032517065789546,1,1,0,1,0,0,0,0,1,0.5445875388184228,-0.6389067364025957,1.0,0.0,0.0,0.0,1.0,0.0,0.0
1.0,0,0,0,-1.0257708859656514,1,1,0,0,1,0,1,0,1,0.8232878323898942,-0.721726363518784,1.0,0.0,0.0,0.0,1.0,0.0,0.0
0.0,0,1,1,0.9345359842214976,1,0,1,1,0,0,0,0,0,-0.2998576620628024,0.390222760053263,0.0,0.0,0.0,0.0,0.0,1.0,0.0
0.0,0,0,1,-0.04561745087207687,1,0,0,0,0,0,0,0,0,-1.4880888538166215,-0.7406743555442922,0.0,1.0,1.0,0.0,1.0,0.0,0.0
1.0,1,0,0,0.8120168048348009,0,0,0,1,0,0,1,1,1,-0.5184788504332384,0.13184509414674403,0.0,0.0,0.0,0.0,0.0,1.0,0.0
1.0,0,1,1,1.6288113340794463,1,1,1,1,1,1,1,1,1,1.6477066648707746,2.6841752030663133,1.0,0.0,0.0,1.0,1.0,0.0,0.0
0.0,1,0,0,0.7303373519103363,1,1,0,0,1,1,1,1,1,1.3439734107988714,1.3200754532205434,1.0,0.0,0.0,0.0,0.0,1.0,0.0
0.0,0,0,0,-0.8624119801167224,1,1,0,0,0,0,0,0,0,-1.3178647224136868,-0.8937260939475167,0.0,1.0,1.0,0.0,0.0,1.0,0.0
0.0,0,0,0,-0.5765338948810964,1,0,0,0,0,0,0,0,1,0.1707619953453111,-0.45939007955998745,1.0,0.0,0.0,0.0,0.0,1.0,0.0
1.0,1,0,0,0.07690172851461995,1,0,0,0,0,0,0,0,0,0.14906676291160403,0.009172413380660419,1.0,0.0,0.0,0.0,1.0,0.0,0.0
0.0,0,0,0,-1.1891297918145805,1,0,0,1,0,1,1,1,1,1.1086635820948147,-0.8625241775017563,1.0,0.0,0.0,0.0,0.0,1.0,0.0
0.0,0,1,1,-0.37233526256993504,1,1,0,0,0,0,1,0,1,0.6363750606533386,-0.17992943661100166,1.0,0.0,0.0,0.0,0.0,1.0,0.0
1.0,0,1,1,-1.229969518276813,1,0,0,0,0,0,0,0,0,-1.4847511257498973,-0.9873096038575384,0.0,1.0,1.0,0.0,0.0,0.0,1.0
0.0,1,0,0,-0.49485444195663186,1,0,0,0,0,0,1,0,0,0.5345743546182503,-0.2847883361418363,1.0,0.0,0.0,0.0,0.0,0.0,0.0
0.0,0,0,0,-0.7807325271922578,1,0,0,0,0,0,0,0,1,-1.4814133976831734,-0.8802712404552251,0.0,1.0,0.0,0.0,0.0,0.0,1.0
1.0,0,0,0,0.5261387195991749,1,0,0,0,0,0,0,0,1,-1.478075669616449,-0.5889125039221468,0.0,1.0,1.0,0.0,0.0,1.0,0.0
1.0,1,1,1,-0.9849311595034191,1,0,0,0,0,0,1,0,1,0.5262300344514398,-0.7432541291064505,1.0,0.0,0.0,0.0,1.0,0.0,0.0
1.0,0,0,0,-0.20897635672100598,1,0,0,0,0,0,0,0,1,0.14572903484487953,-0.20514894712382595,1.0,0.0,0.0,0.0,0.0,0.0,1.0
0.0,0,0,0,0.4852989931369427,1,1,0,0,0,0,0,0,1,-0.4851015697659963,-0.05131882876650188,0.0,0.0,0.0,0.0,0.0,0.0,1.0
1.0,0,1,1,-0.0047777244098446,1,0,1,1,1,0,0,1,0,1.0051940120263638,0.3901115629169631,1.0,0.0,1.0,0.0,0.0,0.0,1.0
0.0,0,1,1,-0.5765338948810964,1,0,0,0,0,0,0,0,0,-1.513121814317053,-0.8652151482002145,0.0,1.0,0.0,1.0,0.0,0.0,1.0
0.0,0,1,0,-1.0257708859656514,1,0,0,0,0,0,0,0,1,0.15073562694496603,-0.7903572360431012,1.0,0.0,0.0,0.0,0.0,0.0,0.0
0.0,0,1,1,1.3020935223815882,1,0,0,0,0,0,0,0,0,-1.4981020380167944,-0.4082393968620193,0.0,1.0,1.0,0.0,0.0,0.0,0.0
1.0,0,1,0,1.261253795919356,1,0,1,1,0,1,1,0,0,0.20413927601255324,0.9760092740812979,0.0,0.0,1.0,0.0,1.0,0.0,0.0
0.0,1,1,0,1.0570551636081944,1,1,0,0,0,1,1,1,1,1.19210678376292,1.5546791713861372,1.0,0.0,0.0,0.0,0.0,0.0,0.0
1.0,0,1,0,0.6078181725236395,1,1,0,1,1,0,0,0,1,0.6230241483864416,0.8052994304336443,1.0,0.0,0.0,0.0,0.0,0.0,0.0
1.0,0,1,0,-0.08645717733430915,1,0,0,0,1,0,0,0,1,-0.4901081618660825,-0.3467473804881577,0.0,0.0,0.0,0.0,0.0,0.0,1.0
0.0,1,1,0,1.424612701768285,1,1,1,1,1,1,0,1,1,1.3589931870991305,2.1265882828039406,1.0,0.0,1.0,0.0,1.0,0.0,0.0
1.0,0,0,0,0.03606200205238767,1,0,0,1,1,0,0,0,1,0.4778329774839386,0.1433651174674169,1.0,0.0,0.0,0.0,1.0,0.0,0.0
0.0,0,0,0,0.6486578989858718,1,1,0,1,1,0,1,1,1,1.4257477484336147,1.2751295707281114,1.0,0.0,0.0,0.0,0.0,0.0,0.0
0.0,0,1,1,1.547131881154982,1,1,1,1,1,1,1,0,0,0.5345743546182503,1.4960338017015535,0.0,0.0,0.0,1.0,0.0,1.0,0.0
0.0,0,1,0,0.8528565312970331,1,0,0,0,0,0,0,0,0,-1.523134998517226,-0.5622251912101633,0.0,1.0,1.0,0.0,1.0,0.0,0.0
1.0,0,0,0,-0.4131749890321673,1,0,0,0,0,0,0,0,0,-1.4814133976831734,-0.7914469679788405,0.0,1.0,1.0,0.0,0.0,0.0,1.0
1.0,1,0,0,-1.270809244739045,1,0,0,0,0,0,0,0,1,0.16575540324522509,-0.971786483630068,1.0,0.0,0.0,0.0,0.0,1.0,0.0
1.0,0,1,0,0.7711770783725685,1,0,1,1,1,1,1,1,1,0.6397127887200627,0.9129827372264973,0.0,0.0,0.0,1.0,1.0,0.0,0.0
0.0,1,0,0,-0.7807325271922578,1,1,1,0,0,0,1,1,1,1.2054576960298165,-0.4209381098274715,1.0,0.0,0.0,0.0,0.0,1.0,0.0
1.0,0,1,0,1.5879716076172141,1,1,0,1,1,0,1,1,1,1.369006371299303,2.320760722210879,1.0,0.0,1.0,0.0,0.0,0.0,0.0
1.0,0,1,1,1.424612701768285,1,1,0,1,1,0,0,0,0,0.7582021350887725,1.6298484355248903,1.0,0.0,1.0,0.0,0.0,1.0,0.0
1.0,0,1,1,1.547131881154982,1,1,0,1,1,1,1,1,1,0.6480571088868732,1.6569360579275534,0.0,0.0,0.0,1.0,0.0,1.0,0.0
0.0,0,1,0,0.40361954021247815,1,0,0,0,1,1,1,1,1,1.1453785908287808,0.8364346285976249,1.0,0.0,0.0,1.0,1.0,0.0,0.0
1.0,0,0,0,-0.4131749890321673,1,0,0,1,1,1,0,1,1,1.0102006041264504,-0.04967311114926278,1.0,0.0,0.0,0.0,0.0,0.0,0.0
0.0,1,1,0,-0.24981608318323825,1,1,0,1,1,0,0,1,1,0.9734855953924838,0.056520154017171025,1.0,0.0,0.0,0.0,0.0,1.0,0.0
1.0,0,0,1,-0.2906558096454705,1,0,0,1,0,0,1,1,1,1.0419090207603305,0.08640994425459232,1.0,0.0,0.0,0.0,0.0,1.0,0.0
0.0,0,1,0,-0.5765338948810964,1,0,0,0,0,1,0,0,1,-0.48009497766591,-0.5985644153529808,0.0,0.0,0.0,0.0,0.0,0.0,1.0
0.0,0,1,0,-1.0257708859656514,1,0,0,0,0,0,0,0,1,-0.6820275257027246,-0.8633470363103757,0.0,0.0,0.0,0.0,0.0,0.0,1.0
0.0,1,1,0,1.138734616532659,1,1,0,1,1,0,1,1,1,1.3756818274327516,1.8444366691564964,1.0,0.0,0.0,0.0,0.0,1.0,0.0
0.0,0,1,1,-0.82157225365449,1,0,0,0,0,0,0,0,0,-1.4814133976831734,-0.902910977405891,0.0,1.0,0.0,1.0,0.0,0.0,0.0
1.0,0,0,0,-0.4131749890321673,0,0,0,0,1,1,1,1,0,-0.2648115173621983,-0.4223836725993706,0.0,0.0,0.0,1.0,0.0,0.0,0.0
0.0,0,1,1,0.40361954021247815,1,0,0,0,0,0,0,0,1,-1.523134998517226,-0.66390385264282,0.0,1.0,1.0,0.0,0.0,1.0,0.0
1.0,0,0,0,-0.4131749890321673,1,0,0,1,0,0,1,1,1,0.9517903629587766,-0.043223677243866804,1.0,0.0,0.0,0.0,0.0,0.0,1.0
1.0,0,1,0,1.6288113340794463,1,1,1,1,1,1,1,1,0,1.6610575771376714,2.722360299671709,1.0,0.0,0.0,1.0,1.0,0.0,0.0
1.0,0,0,0,-0.24981608318323825,1,1,1,1,0,0,1,0,1,0.9250885384249831,0.04239811770707983,1.0,0.0,0.0,0.0,1.0,0.0,0.0
0.0,0,1,1,1.5879716076172141,1,0,1,0,1,0,1,1,0,0.4294359205164375,1.4766410211308458,0.0,0.0,0.0,1.0,1.0,0.0,0.0
1.0,0,0,0,-1.229969518276813,1,0,0,0,0,0,1,0,0,0.4778329774839386,-0.9388721312852886,1.0,0.0,0.0,0.0,0.0,1.0,0.0
0.0,0,1,1,1.547131881154982,1,1,1,1,1,1,1,1,1,1.652713256970861,2.4327362384649094,1.0,0.0,0.0,1.0,0.0,0.0,0.0
1.0,0,1,0,1.5062921546927495,0,0,0,1,1,1,1,1,1,-0.12963353065986785,0.893545477801269,0.0,0.0,1.0,0.0,1.0,0.0,0.0
1.0,1,0,0,-0.6990530742677933,1,1,0,1,0,0,0,0,1,0.5178857142846293,-0.46134714915886627,1.0,0.0,0.0,0.0,0.0,1.0,0.0
0.0,1,1,0,-0.1681366302587737,1,1,0,1,1,1,1,1,1,1.5408993667355997,0.42251440843476284,1.0,0.0,0.0,0.0,0.0,1.0,0.0
0.0,0,1,0,1.138734616532659,1,0,1,1,0,1,0,0,0,-0.16134194729374773,0.5466326519727454,0.0,0.0,0.0,1.0,0.0,0.0,0.0
0.0,0,0,0,-1.1891297918145805,0,0,0,0,0,0,1,0,1,-0.9974428280081628,-0.9520823510777204,0.0,0.0,0.0,0.0,1.0,0.0,0.0
1.0,1,1,0,1.3020935223815882,1,1,0,1,1,0,0,1,1,0.9868365076593808,1.702171052974365,1.0,0.0,0.0,0.0,0.0,1.0,0.0
1.0,0,0,0,1.2204140694571237,1,0,0,0,0,0,0,0,0,-1.496433173983432,-0.4451568461135963,0.0,1.0,0.0,1.0,0.0,0.0,0.0
0.0,0,1,1,0.9345359842214976,1,1,0,0,0,0,0,0,1,-1.302844946113428,-0.3853995050660136,0.0,1.0,0.0,1.0,1.0,0.0,0.0
1.0,0,1,1,1.6288113340794463,0,0,1,1,1,1,0,0,0,-0.6486502450354825,0.3937810684148608,0.0,0.0,0.0,1.0,1.0,0.0,0.0
1.0,1,1,0,1.6288113340794463,1,1,0,1,1,1,1,0,0,0.422760464382989,1.397424181230775,0.0,0.0,0.0,1.0,1.0,0.0,0.0
0.0,0,0,0,-1.0666106124278838,1,0,0,0,1,0,0,1,0,0.6413816527534252,-0.7814614651391067,1.0,0.0,0.0,0.0,0.0,1.0,0.0
1.0,0,0,1,-0.6173736213433287,1,0,0,1,1,1,1,1,0,0.5395809467183363,-0.35962400887168966,0.0,0.0,1.0,0.0,0.0,1.0,0.0
0.0,0,0,0,0.97537571068373,1,1,0,1,0,1,1,1,1,1.3606620511324925,1.6290255767162707,1.0,0.0,0.0,0.0,0.0,0.0,0.0
0.0,0,0,1,-0.658213347805561,1,0,0,0,0,0,0,0,1,-1.5147906783504155,-0.8424864535405088,0.0,1.0,1.0,0.0,0.0,0.0,0.0
1.0,0,0,0,-1.107450338890116,1,0,0,0,0,0,0,0,0,-1.4697313494496385,-0.9611560373997946,0.0,1.0,0.0,0.0,0.0,0.0,0.0
0.0,0,1,0,1.6288113340794463,1,1,0,0,0,0,0,0,0,-1.302844946113428,-0.16345002101135195,0.0,1.0,0.0,1.0,0.0,0.0,0.0
1.0,0,1,1,-1.0257708859656514,1,0,0,0,0,0,0,0,1,0.17576858744539764,-0.7672504711199756,1.0,0.0,0.0,0.0,0.0,0.0,0.0
1.0,0,1,0,-1.1891297918145805,0,0,0,0,0,1,0,0,1,-1.160991503277649,-0.9617342625085543,0.0,0.0,0.0,0.0,0.0,1.0,0.0
0.0,0,0,1,0.689497625448104,1,0,0,0,0,0,0,0,0,-1.509784086250329,-0.5929823191107242,0.0,1.0,1.0,0.0,1.0,0.0,0.0
1.0,0,1,0,0.40361954021247815,1,1,1,0,0,1,1,1,0,0.5262300344514398,0.4987956439365153,0.0,0.0,1.0,0.0,1.0,0.0,0.0
1.0,0,0,1,1.5879716076172141,1,1,1,1,0,0,0,0,1,0.6931164377876503,1.6788418937786396,1.0,0.0,1.0,0.0,1.0,0.0,0.0
1.0,0,1,1,-0.33149553610770277,1,1,0,0,0,0,0,0,0,-1.351242003080929,-0.7318675423493377,0.0,1.0,0.0,1.0,0.0,0.0,1.0
0.0,0,1,1,-0.04561745087207687,1,0,0,0,0,0,0,0,0,-1.4580493012161038,-0.6924370378173822,0.0,1.0,0.0,1.0,0.0,0.0,1.0
1.0,0,1,1,1.2204140694571237,1,0,0,0,0,0,0,0,0,-1.4764068055830868,-0.4257195866883685,0.0,1.0,0.0,1.0,0.0,0.0,0.0
0.0,0,0,0,-1.229969518276813,1,0,0,0,1,0,0,1,1,0.7181493982880819,-0.9232822927760385,1.0,0.0,0.0,0.0,0.0,0.0,1.0
1.0,0,0,0,-1.1891297918145805,1,0,0,0,0,0,0,0,1,-1.5031086301168806,-0.9723647087388277,0.0,1.0,0.0,0.0,0.0,0.0,1.0
0.0,0,0,0,0.7711770783725685,1,0,0,0,0,0,1,1,0,0.7632087271888586,0.9880630436562101,1.0,0.0,1.0,0.0,1.0,0.0,0.0
0.0,0,0,0,-0.12729690379654143,1,0,0,0,0,0,0,0,0,-1.4914265818833459,-0.7362042306650349,0.0,1.0,1.0,0.0,0.0,0.0,1.0
1.0,0,1,0,-0.4540147154943996,1,0,0,0,0,0,1,0,0,-0.3365726707967688,-0.5022899347445007,0.0,0.0,0.0,0.0,0.0,0.0,0.0
0.0,1,1,0,-0.0047777244098446,1,1,0,0,0,0,1,0,1,0.7098050781212714,0.1664051641087624,1.0,0.0,0.0,0.0,1.0,0.0,0.0
1.0,0,0,0,-1.229969518276813,1,0,0,0,0,0,0,0,0,-0.6686766134358278,-0.9694513437677695,0.0,0.0,0.0,0.0,0.0,0.0,1.0
0.0,0,0,0,0.5669784460614072,1,1,1,1,0,0,0,0,0,0.6530637009869596,0.7086024007072245,1.0,0.0,0.0,0.0,0.0,0.0,1.0
1.0,0,0,0,-1.229969518276813,1,0,0,0,0,0,0,0,1,-0.6236172845350509,-0.9651813737338522,0.0,0.0,0.0,0.0,1.0,0.0,0.0
0.0,0,1,1,1.3020935223815882,1,1,1,1,1,1,1,1,0,1.624342568403705,2.2098304590380686,1.0,0.0,1.0,0.0,0.0,1.0,0.0
1.0,0,0,0,-1.107450338890116,1,0,0,0,1,1,1,1,0,0.3493304469150567,-0.8281197835305576,0.0,0.0,0.0,0.0,0.0,0.0,0.0
0.0,0,1,1,1.5062921546927495,1,1,1,1,1,1,1,0,1,1.3489800028989576,2.2151901610077256,1.0,0.0,1.0,0.0,1.0,0.0,0.0
1.0,0,1,0,1.6288113340794463,1,1,0,1,1,1,1,1,0,0.7098050781212714,1.7335286454109455,0.0,0.0,0.0,1.0,0.0,0.0,0.0
1.0,0,0,0,0.1585811814390845,1,0,0,1,0,1,0,1,1,0.023901960409446126,0.1084936955237586,0.0,0.0,1.0,0.0,0.0,0.0,1.0
1.0,0,1,0,-1.0257708859656514,0,0,1,1,0,0,0,0,0,-1.0174691964085079,-0.88863326510498,0.0,0.0,0.0,0.0,0.0,0.0,1.0
1.0,0,1,1,0.8936962577592654,1,1,0,0,0,0,0,0,1,-1.3562485951810153,-0.45527578551689,0.0,1.0,0.0,1.0,0.0,0.0,0.0
1.0,1,1,1,1.3837729753060528,1,1,1,1,1,1,1,1,1,1.721136682338707,2.494272733693291,1.0,0.0,1.0,0.0,0.0,1.0,0.0
0.0,0,0,0,-0.6990530742677933,1,1,0,1,0,0,0,0,1,0.5028659379843702,-0.5082278618229171,1.0,0.0,0.0,0.0,0.0,1.0,0.0
1.0,0,1,1,0.6486578989858718,1,1,1,1,1,1,1,1,0,1.5726077833694798,1.4185071582732418,1.0,0.0,0.0,1.0,1.0,0.0,0.0
0.0,0,0,0,-0.8624119801167224,1,0,0,0,0,0,0,0,0,-1.489757717849984,-0.8970397686092547,0.0,1.0,1.0,0.0,1.0,0.0,0.0
1.0,0,1,1,0.7711770783725685,0,0,1,1,1,0,1,1,0,-0.17969945166073104,0.3381157819831155,0.0,0.0,1.0,0.0,0.0,1.0,0.0
1.0,0,1,1,1.3020935223815882,1,1,0,0,1,0,0,1,0,0.8533273849904124,1.5010154334077903,1.0,0.0,1.0,0.0,1.0,0.0,0.0
0.0,0,0,0,-1.0666106124278838,1,0,0,0,0,0,1,1,0,0.8216189683565323,-0.7458561420958689,1.0,0.0,0.0,0.0,0.0,1.0,0.0
1.0,0,1,0,1.5879716076172141,1,1,1,1,1,1,0,1,0,0.5245611704180778,1.5446047108373633,0.0,0.0,0.0,1.0,1.0,0.0,0.0
0.0,0,1,0,-0.33149553610770277,1,0,0,0,0,0,0,0,0,-1.478075669616449,-0.7880220961808027,0.0,1.0,1.0,0.0,1.0,0.0,0.0
0.0,1,0,0,-0.1681366302587737,1,1,0,1,1,1,0,0,0,-0.007806456224433971,-0.1720789187882266,0.0,0.0,0.0,0.0,0.0,0.0,0.0
1.0,1,1,0,-0.9440914330411869,1,0,0,0,0,0,0,0,0,-1.496433173983432,-0.9213029837498995,0.0,1.0,1.0,0.0,1.0,0.0,0.0
1.0,0,1,1,0.03606200205238767,1,0,0,0,1,1,1,1,1,0.30760884608100403,0.06697268482936451,0.0,0.0,1.0,0.0,0.0,0.0,1.0
0.0,1,0,0,1.0162154371459622,1,0,1,0,1,1,1,0,0,0.17243085937867314,0.7777225406312614,0.0,0.0,0.0,1.0,0.0,0.0,0.0
0.0,0,0,1,-1.1891297918145805,1,0,1,0,0,1,0,1,1,-0.00613759219107196,-0.923860517884798,0.0,0.0,0.0,0.0,0.0,0.0,0.0
1.0,0,1,0,1.424612701768285,1,1,0,1,1,1,1,1,1,1.5559191430358585,2.3630378734321136,1.0,0.0,0.0,1.0,0.0,0.0,0.0
0.0,0,0,0,-1.270809244739045,1,0,0,0,0,0,0,0,0,0.2224967803795363,-0.9710303431032286,1.0,0.0,0.0,0.0,0.0,1.0,0.0
0.0,1,1,0,0.7303373519103363,1,1,1,1,1,0,1,1,0,1.4708070773343913,1.4132808928671452,1.0,0.0,0.0,0.0,0.0,0.0,0.0
0.0,0,1,1,0.8120168048348009,1,0,1,0,1,1,0,0,1,0.6463882448535112,0.9217450715669318,1.0,0.0,0.0,0.0,0.0,0.0,0.0
1.0,0,0,1,-1.270809244739045,1,0,0,0,0,0,0,0,0,-0.6903718458695352,-0.983195309814441,0.0,0.0,0.0,0.0,0.0,1.0,0.0
1.0,0,0,1,-1.1891297918145805,1,0,0,0,0,0,0,0,1,-1.489757717849984,-0.9692067100679098,0.0,1.0,0.0,0.0,0.0,0.0,1.0
0.0,0,0,0,-0.08645717733430915,1,0,1,1,1,1,1,0,0,0.33264180658143566,0.02407282964485113,0.0,0.0,1.0,0.0,1.0,0.0,0.0
1.0,0,0,0,-0.9032517065789546,1,1,0,1,0,0,0,0,1,0.5345743546182503,-0.6519168013496875,1.0,0.0,0.0,0.0,0.0,0.0,0.0
0.0,0,0,0,-1.270809244739045,1,0,0,0,0,0,0,0,0,-1.478075669616449,-0.9936923194811544,0.0,1.0,0.0,0.0,0.0,0.0,1.0
0.0,0,1,1,1.0570551636081944,1,0,0,0,0,0,0,0,1,-1.496433173983432,-0.4873228001985301,0.0,1.0,0.0,1.0,0.0,0.0,1.0
0.0,0,0,0,0.7711770783725685,1,1,1,1,1,0,1,1,0,1.4274166124669767,1.524033240621876,1.0,0.0,1.0,0.0,0.0,0.0,0.0
1.0,0,1,1,-0.04561745087207687,1,1,1,0,1,1,0,0,0,0.8216189683565323,0.25287205729558854,1.0,0.0,0.0,0.0,0.0,1.0,0.0
0.0,0,1,0,1.547131881154982,1,0,0,0,0,0,0,0,0,-1.509784086250329,-0.4229841371353902,0.0,1.0,0.0,1.0,0.0,0.0,0.0
1.0,0,1,0,-1.1891297918145805,0,0,0,0,0,0,0,1,1,-0.985760779774628,-0.9583983484195564,0.0,0.0,0.0,0.0,0.0,1.0,0.0
1.0,0,1,1,-1.0666106124278838,1,0,1,0,0,0,0,0,1,-0.5184788504332384,-0.8712642724149308,0.0,0.0,0.0,0.0,0.0,1.0,0.0
0.0,1,1,1,-1.1891297918145805,1,0,1,0,0,1,1,0,1,0.7882416876892901,-0.8810051415548047,1.0,0.0,0.0,0.0,0.0,0.0,1.0
1.0,0,0,0,1.261253795919356,1,1,1,1,1,1,0,0,0,0.137384714678069,0.8259153795036516,0.0,0.0,1.0,0.0,0.0,0.0,0.0
1.0,0,1,0,1.6288113340794463,1,1,1,1,1,1,1,1,1,0.8015925999561871,1.8001579694818641,0.0,0.0,0.0,1.0,1.0,0.0,0.0
0.0,0,0,0,-0.4131749890321673,1,0,1,0,0,0,0,0,1,-0.5301608986667732,-0.5336920060356012,0.0,0.0,0.0,0.0,1.0,0.0,0.0
1.0,0,0,0,-0.20897635672100598,1,0,1,0,0,1,0,0,0,-0.3749565435640972,-0.3527297864210939,0.0,0.0,0.0,0.0,0.0,0.0,1.0
1.0,1,1,0,1.261253795919356,1,0,1,1,1,1,1,1,1,0.6447193808201491,1.3677567852659538,0.0,0.0,1.0,0.0,0.0,0.0,0.0
1.0,0,1,0,0.11774145497685222,1,0,1,1,1,0,0,0,0,-0.12295807452641934,-0.05516624968247952,0.0,0.0,0.0,0.0,0.0,0.0,1.0
1.0,0,1,1,-0.0047777244098446,1,1,1,0,0,0,1,1,1,1.1637360951957638,0.42262560557106277,1.0,0.0,0.0,0.0,1.0,0.0,0.0
1.0,0,1,1,1.424612701768285,1,0,1,0,1,1,0,1,0,0.10567629804418892,1.055559705390268,0.0,0.0,0.0,1.0,0.0,0.0,1.0
1.0,1,0,0,-0.33149553610770277,1,1,0,1,0,0,1,1,1,1.2204774723300755,0.08258476276587474,1.0,0.0,0.0,0.0,0.0,1.0,0.0
0.0,0,1,0,-1.229969518276813,1,1,0,0,1,1,1,1,1,1.3256159064318884,-0.8947713470287361,1.0,0.0,0.0,0.0,0.0,1.0,0.0
0.0,0,1,0,0.03606200205238767,1,0,0,0,0,1,0,0,1,-0.4417111048985814,-0.22042743365143638,0.0,0.0,1.0,0.0,0.0,0.0,1.0
1.0,1,1,0,-1.1891297918145805,1,1,0,1,1,0,1,1,1,1.3756818274327516,-0.8539175191521415,1.0,0.0,0.0,0.0,0.0,1.0,0.0
1.0,0,0,0,-1.107450338890116,1,0,0,0,0,0,0,0,0,-1.489757717849984,-0.9602664603093952,0.0,1.0,0.0,0.0,1.0,0.0,0.0
0.0,0,1,1,0.9345359842214976,1,1,1,1,0,1,1,0,1,0.3443238548149702,0.8715284448138828,0.0,0.0,1.0,0.0,1.0,0.0,0.0
0.0,0,0,0,0.36277981375024587,1,1,0,0,1,1,0,1,1,0.1307092585446205,0.27691287816363364,0.0,0.0,1.0,0.0,0.0,1.0,0.0
1.0,0,0,1,-0.5356941684188642,0,0,0,0,0,0,0,0,1,-1.3128581303136004,-0.7509712103656657,0.0,0.0,0.0,0.0,1.0,0.0,0.0
0.0,0,0,0,0.5261387195991749,1,1,0,0,1,0,0,1,1,0.8216189683565323,0.8618542939557888,1.0,0.0,0.0,0.0,1.0,0.0,0.0
0.0,0,0,0,-1.270809244739045,1,0,1,1,0,1,0,0,1,0.6246930124198041,-0.9656706411335718,1.0,0.0,0.0,0.0,0.0,0.0,1.0
0.0,0,0,0,-0.5765338948810964,1,1,0,0,0,0,0,0,1,0.3159531662478146,-0.4041918211007019,1.0,0.0,0.0,0.0,0.0,1.0,0.0
0.0,0,1,0,1.5879716076172141,1,0,1,0,1,1,1,1,0,0.5729582273855784,1.6323392513780086,0.0,0.0,0.0,1.0,0.0,0.0,0.0
1.0,0,1,1,0.5669784460614072,1,0,1,0,1,1,1,1,0,0.5445875388184228,0.7080464150257249,0.0,0.0,0.0,1.0,0.0,0.0,1.0
0.0,0,0,0,-1.1891297918145805,1,0,0,0,1,0,1,0,0,-0.23810969282840472,-0.9309548951807336,0.0,0.0,0.0,0.0,0.0,1.0,0.0
1.0,1,0,0,-1.270809244739045,1,1,0,0,1,0,1,0,1,0.8049303280229112,-0.9632687829894934,1.0,0.0,0.0,0.0,0.0,1.0,0.0
0.0,0,1,0,-1.0257708859656514,1,0,0,0,0,0,1,0,1,0.5479252668851469,-0.7462786912138086,1.0,0.0,0.0,0.0,0.0,1.0,0.0
0.0,0,1,0,1.3020935223815882,1,0,1,1,1,1,0,1,1,0.3226286223812626,1.1142273145021118,0.0,0.0,0.0,1.0,0.0,0.0,1.0
1.0,1,0,0,-1.229969518276813,1,1,0,0,0,0,1,1,1,0.9784921874925703,-0.9219479271404393,1.0,0.0,0.0,0.0,0.0,1.0,0.0
0.0,0,0,0,-0.8624119801167224,1,1,0,0,1,0,1,1,1,1.106994718061452,-0.5110967479394553,1.0,0.0,0.0,0.0,0.0,0.0,0.0
0.0,0,1,0,1.6288113340794463,1,1,0,1,1,1,1,1,1,1.527548454468703,2.547758556253558,1.0,0.0,0.0,1.0,0.0,0.0,0.0
0.0,0,1,0,0.07690172851461995,1,1,1,0,0,1,0,0,1,-0.1279646666265056,-0.11158767664106431,0.0,0.0,0.0,0.0,0.0,0.0,0.0
0.0,0,1,1,0.40361954021247815,1,0,0,0,1,1,1,1,1,1.19210678376292,0.9114482167455579,1.0,0.0,0.0,1.0,0.0,1.0,0.0
1.0,0,0,0,-0.8624119801167224,1,0,1,0,1,0,0,0,1,0.49452161781755966,-0.6488699998150693,1.0,0.0,0.0,0.0,0.0,0.0,0.0
0.0,0,1,1,-0.82157225365449,0,0,0,0,0,1,0,0,0,-1.1493094550441143,-0.838705750906311,0.0,0.0,1.0,0.0,1.0,0.0,0.0
0.0,0,1,0,1.138734616532659,1,0,1,0,0,1,1,1,1,1.0852994856277451,1.4932761127213154,1.0,0.0,0.0,1.0,0.0,1.0,0.0
0.0,0,1,1,1.0570551636081944,1,1,0,1,0,0,1,0,1,0.0706301533435848,0.7632224340577505,0.0,0.0,0.0,0.0,0.0,0.0,0.0
0.0,0,0,0,0.03606200205238767,1,1,0,0,0,0,0,0,0,-1.3011760820800657,-0.6353261886137379,0.0,1.0,0.0,1.0,1.0,0.0,0.0
0.0,0,1,1,0.36277981375024587,1,0,0,0,0,0,0,0,0,-1.5147906783504155,-0.6592113334909628,0.0,1.0,0.0,1.0,0.0,0.0,0.0
1.0,0,0,0,0.7711770783725685,1,1,0,1,0,0,0,0,0,0.5445875388184228,0.8145287927465384,1.0,0.0,0.0,0.0,0.0,0.0,0.0
0.0,0,1,1,-1.229969518276813,1,0,0,0,0,0,0,0,0,0.19078836374565666,-0.9373153713770895,1.0,0.0,0.0,0.0,0.0,1.0,0.0
0.0,0,0,0,-0.7398928007300255,1,0,0,0,0,1,0,1,0,-0.1863749077941793,-0.6590111786456231,0.0,0.0,1.0,0.0,1.0,0.0,0.0
0.0,0,1,0,0.11774145497685222,1,0,0,0,0,0,0,0,1,0.18745063567893216,0.07208775309916132,1.0,0.0,0.0,0.0,0.0,1.0,0.0
0.0,0,1,1,-0.9440914330411869,1,0,1,1,1,1,0,0,0,0.010551048142549094,-0.7078489609085526,0.0,0.0,0.0,0.0,0.0,0.0,1.0
0.0,0,1,1,1.6288113340794463,1,1,1,0,1,1,1,1,1,1.527548454468703,2.581718161679557,1.0,0.0,0.0,1.0,0.0,0.0,0.0
1.0,1,1,0,1.1795743429948913,1,1,0,1,0,1,0,0,1,0.6964541658543744,1.3331522364494153,1.0,0.0,1.0,0.0,0.0,0.0,0.0
0.0,0,0,0,0.5669784460614072,1,0,0,1,1,1,1,1,1,1.3256159064318884,1.1785659775652515,1.0,0.0,0.0,1.0,0.0,0.0,0.0
1.0,0,1,1,-0.82157225365449,0,0,0,1,0,1,0,0,0,-0.9740787315410931,-0.8105061571406487,0.0,0.0,0.0,0.0,0.0,0.0,1.0
1.0,0,1,1,0.4852989931369427,0,0,0,0,1,1,1,1,1,-0.34658585499694156,0.027853532279048774,0.0,0.0,1.0,0.0,0.0,1.0,0.0
1.0,0,1,0,0.5261387195991749,1,0,1,1,1,0,1,1,0,0.4711575213504901,0.5973607855527738,0.0,0.0,1.0,0.0,0.0,0.0,0.0
1.0,0,0,0,-0.5356941684188642,1,0,0,0,1,1,1,0,0,0.8433142007902398,-0.25445375735921516,1.0,0.0,0.0,0.0,0.0,0.0,1.0
0.0,1,0,0,-0.0047777244098446,1,0,0,0,0,0,0,1,1,0.49452161781755966,0.18259546715403235,1.0,0.0,0.0,0.0,0.0,1.0,0.0
0.0,0,0,0,-1.229969518276813,1,0,0,0,0,0,0,0,1,-1.4764068055830868,-0.9838847320595007,0.0,1.0,0.0,0.0,0.0,0.0,1.0
0.0,0,1,0,-1.107450338890116,1,0,0,0,0,0,0,0,0,0.17576858744539764,-0.8559190676055403,1.0,0.0,0.0,0.0,0.0,1.0,0.0
0.0,0,0,0,0.1585811814390845,1,0,0,0,0,0,0,0,1,-1.5164595423837774,-0.7003987527764572,0.0,1.0,1.0,0.0,0.0,0.0,0.0
0.0,0,0,0,-1.1891297918145805,1,1,0,0,0,1,1,0,0,-0.0027998641243479395,-0.9252838412294372,0.0,0.0,0.0,0.0,0.0,1.0,0.0
1.0,0,0,1,-0.5356941684188642,1,0,0,0,0,0,0,0,1,-1.4914265818833459,-0.8348360905630735,0.0,1.0,0.0,0.0,0.0,1.0,0.0
1.0,0,0,1,0.03606200205238767,0,0,1,0,0,1,0,0,0,-1.0224757885085942,-0.5072938058779976,0.0,0.0,1.0,0.0,1.0,0.0,0.0
1.0,0,1,1,0.07690172851461995,1,1,0,0,1,0,1,1,0,0.4177538722829029,0.22209268996776782,0.0,0.0,1.0,0.0,0.0,0.0,0.0
1.0,0,0,1,-1.270809244739045,1,0,0,0,0,0,0,0,0,-1.4663936213829143,-0.9935366434903345,0.0,1.0,0.0,0.0,0.0,0.0,1.0
1.0,1,1,0,-0.0047777244098446,1,1,0,0,0,0,0,1,0,0.6881098456875638,0.18086079182775341,1.0,0.0,0.0,0.0,0.0,1.0,0.0
1.0,0,0,1,-0.20897635672100598,1,0,0,0,0,0,0,0,0,-1.5197972704505016,-0.7637588810401578,0.0,1.0,0.0,0.0,0.0,0.0,1.0
1.0,0,0,0,-0.2906558096454705,1,0,0,0,1,1,1,1,0,1.1553917750289533,0.11521000255627437,1.0,0.0,0.0,1.0,0.0,0.0,0.0
0.0,0,0,0,1.3837729753060528,1,1,0,0,0,0,0,0,1,-1.319533586447049,-0.2539200111049756,0.0,1.0,0.0,1.0,1.0,0.0,0.0
0.0,0,0,0,-1.270809244739045,1,0,0,0,0,0,0,1,1,-0.33156607869668253,-0.978413832953544,0.0,0.0,0.0,0.0,0.0,0.0,1.0
0.0,0,1,0,-1.0257708859656514,1,0,1,0,1,1,1,1,0,0.5529318589852333,-0.7447441707328697,0.0,0.0,0.0,0.0,0.0,0.0,0.0
0.0,0,1,1,-0.9849311595034191,1,0,0,1,0,0,1,0,1,0.6296996045198902,-0.7002875556401573,1.0,0.0,0.0,0.0,0.0,1.0,0.0
1.0,0,1,0,0.689497625448104,0,0,0,1,0,0,1,1,0,-0.5017902100996173,0.06912990927358313,0.0,0.0,0.0,1.0,1.0,0.0,0.0
0.0,1,1,0,0.6486578989858718,1,0,0,1,0,0,0,1,1,-0.19138149989426556,0.2380605987404377,0.0,0.0,1.0,0.0,0.0,0.0,0.0
0.0,0,1,0,1.0570551636081944,0,0,1,1,0,0,1,0,1,-0.6453125169687584,0.12704137785858696,0.0,0.0,1.0,0.0,0.0,1.0,0.0
0.0,0,1,0,0.9345359842214976,1,1,0,1,1,0,1,1,1,1.3005829459314568,1.5221428893047773,1.0,0.0,0.0,0.0,1.0,0.0,0.0
0.0,0,0,0,0.97537571068373,1,0,0,0,0,0,0,0,1,-1.506446358183605,-0.5221497432876684,0.0,1.0,0.0,1.0,0.0,0.0,0.0
1.0,0,1,1,1.6288113340794463,1,0,0,0,0,0,0,0,0,-1.4730690775163628,-0.365584175377366,0.0,1.0,0.0,1.0,0.0,1.0,0.0
0.0,0,0,0,0.40361954021247815,1,0,0,0,0,0,0,0,1,-1.4663936213829143,-0.6271643188093229,0.0,1.0,0.0,1.0,0.0,0.0,0.0
0.0,0,1,1,0.11774145497685222,1,0,1,0,1,1,1,1,1,1.4090591080999937,0.6680599248122697,1.0,0.0,0.0,0.0,0.0,1.0,0.0
0.0,0,0,0,-1.1482900653523482,1,1,0,0,0,0,0,0,0,0.3560059030485047,-0.8523829986712026,1.0,0.0,0.0,0.0,0.0,1.0,0.0
1.0,1,1,0,-0.9032517065789546,1,0,0,1,1,1,1,0,1,0.9284262664917071,-0.5872890257321678,1.0,0.0,0.0,0.0,0.0,0.0,1.0
0.0,1,0,0,-0.7398928007300255,1,1,0,1,1,0,1,1,1,1.340635682732147,-0.32161682768437333,1.0,0.0,0.0,0.0,0.0,1.0,0.0
1.0,0,0,0,-1.1482900653523482,1,1,0,0,0,0,0,0,1,0.3226286223812626,-0.8847413653344824,1.0,0.0,0.0,0.0,0.0,1.0,0.0
0.0,0,0,0,0.2811003608257813,1,1,0,1,1,0,1,1,1,1.2939074897980083,0.7739195985698037,1.0,0.0,0.0,0.0,0.0,1.0,0.0
0.0,0,0,0,-1.107450338890116,1,0,0,1,0,0,1,1,1,1.053591068993865,-0.7748341158156309,1.0,0.0,0.0,0.0,0.0,1.0,0.0
0.0,0,1,1,-1.107450338890116,1,0,0,0,0,0,0,0,0,-0.6636700213357416,-0.9047123710139499,0.0,0.0,0.0,0.0,0.0,0.0,1.0
1.0,0,0,0,0.6078181725236395,1,0,0,0,0,0,0,0,0,-1.4764068055830868,-0.5833304076798902,0.0,1.0,0.0,1.0,0.0,0.0,0.0
0.0,1,1,1,1.6288113340794463,1,1,1,1,1,1,1,1,1,0.7798973675224796,1.8552895096593693,0.0,0.0,0.0,1.0,1.0,0.0,0.0
0.0,0,1,1,-0.82157225365449,1,0,0,0,0,0,0,0,0,-1.511452950283691,-0.9146533949991638,0.0,1.0,0.0,0.0,0.0,0.0,0.0
0.0,0,1,1,1.0570551636081944,1,0,0,0,0,0,0,0,0,-1.4814133976831734,-0.4864777019626506,0.0,1.0,0.0,1.0,1.0,0.0,0.0
0.0,0,1,0,0.6486578989858718,1,0,0,0,1,1,1,1,1,1.1804247355293849,1.147341821692231,1.0,0.0,0.0,0.0,1.0,0.0,0.0
0.0,0,1,0,1.5062921546927495,1,1,1,0,0,0,1,1,0,1.1503851829288674,2.055310918435685,1.0,0.0,0.0,1.0,0.0,0.0,0.0
1.0,1,0,0,-0.4131749890321673,1,1,0,0,0,1,1,0,1,0.8616717051572229,-0.15295301134463854,1.0,0.0,0.0,0.0,0.0,0.0,0.0
0.0,0,0,0,-1.1891297918145805,1,0,0,0,0,0,0,0,0,-1.496433173983432,-0.9744107360467464,0.0,1.0,0.0,0.0,0.0,0.0,1.0
1.0,0,0,0,-0.4540147154943996,1,0,0,0,1,0,0,1,0,-0.10126284209271202,-0.38290868921289517,0.0,0.0,0.0,0.0,0.0,0.0,1.0
1.0,1,1,1,0.11774145497685222,1,0,0,1,0,1,1,1,1,0.3793699995155743,0.2191570855694495,0.0,0.0,0.0,0.0,0.0,1.0,0.0
0.0,0,0,0,-0.37233526256993504,1,1,0,0,0,0,1,1,1,0.9618035471589492,0.03872861220918212,1.0,0.0,0.0,0.0,0.0,1.0,0.0
1.0,0,0,0,-1.229969518276813,1,0,0,0,0,0,0,0,1,-1.49476430995007,-0.9877766318299982,0.0,1.0,0.0,0.0,1.0,0.0,0.0
0.0,0,1,0,1.6288113340794463,1,1,1,1,1,1,1,1,1,1.6343557526038779,2.6368274624298023,1.0,0.0,0.0,1.0,0.0,0.0,0.0
1.0,0,1,0,0.8936962577592654,1,0,1,1,1,1,1,1,0,1.5041843580016334,1.714980963076117,1.0,0.0,0.0,1.0,0.0,0.0,0.0
1.0,0,1,0,1.6288113340794463,1,1,1,1,0,1,1,1,1,1.510859814135082,2.489891566523074,1.0,0.0,0.0,1.0,1.0,0.0,0.0
0.0,0,1,1,1.547131881154982,1,0,0,0,0,0,0,0,1,-1.4864199897832595,-0.37508041081738,0.0,1.0,0.0,1.0,1.0,0.0,0.0
0.0,1,0,0,-0.24981608318323825,1,1,0,1,0,0,1,0,1,0.8166123762564462,0.010306624170919793,1.0,0.0,0.0,0.0,0.0,1.0,0.0
1.0,0,0,1,1.3837729753060528,1,0,0,0,0,0,0,0,0,-1.4930954459167078,-0.43828486309026066,0.0,1.0,0.0,1.0,1.0,0.0,0.0
